{"type":"FeatureCollection","features":[{"type":"Feature","properties":{"name":"Lake Erie","rank":0},"geometry":{"type":"Polygon","coordinates":[[[-83.105,42.286],[-83.076,42.275],[-83.105,42.215],[-83.117,42.12],[-83.108,42.071],[-82.937,42.006],[-82.834,41.997],[-82.69,42.036],[-82.645,42.037],[-82.604,42.025],[-82.567,42],[-82.512,41.932],[-82.496,41.944],[-82.49,42.005],[-82.462,42.058],[-82.412,42.103],[-82.311,42.158],[-82.16,42.223],[-82.044,42.257],[-81.938,42.269],[-81.874,42.315],[-81.866,42.308],[-81.887,42.274],[-81.887,42.257],[-81.867,42.258],[-81.841,42.295],[-81.809,42.368],[-81.73,42.447],[-81.495,42.591],[-81.404,42.63],[-81.252,42.654],[-81.039,42.662],[-80.827,42.643],[-80.617,42.596],[-80.473,42.574],[-80.397,42.577],[-80.094,42.546],[-80.062,42.554],[-80.105,42.572],[-80.305,42.59],[-80.368,42.608],[-80.446,42.604],[-80.451,42.613],[-80.396,42.676],[-80.365,42.683],[-80.22,42.774],[-80.099,42.802],[-79.923,42.822],[-79.747,42.858],[-79.699,42.862],[-79.661,42.851],[-79.594,42.854],[-79.386,42.881],[-79.176,42.873],[-79.122,42.858],[-79.057,42.862],[-78.936,42.907],[-78.922,42.924],[-78.947,42.952],[-79.011,42.991],[-79.04,43.021],[-79.035,43.044],[-79.043,43.064],[-79.073,43.093],[-79.066,43.106],[-78.908,43.07],[-78.895,43.058],[-78.9,43.033],[-78.924,42.998],[-78.92,42.948],[-78.886,42.886],[-78.872,42.836],[-78.878,42.799],[-78.918,42.764],[-78.994,42.731],[-79.063,42.68],[-79.125,42.611],[-79.209,42.555],[-79.315,42.512],[-79.416,42.457],[-79.512,42.391],[-79.704,42.3],[-80.334,42.041],[-80.869,41.893],[-81.229,41.77],[-81.447,41.671],[-81.637,41.548],[-81.723,41.511],[-81.817,41.501],[-81.966,41.508],[-82.121,41.493],[-82.282,41.457],[-82.387,41.427],[-82.434,41.405],[-82.48,41.398],[-82.524,41.407],[-82.643,41.467],[-82.673,41.454],[-82.822,41.465],[-82.891,41.443],[-82.96,41.44],[-83.027,41.455],[-82.971,41.476],[-82.7,41.521],[-82.703,41.529],[-82.801,41.556],[-82.831,41.58],[-82.856,41.578],[-82.875,41.55],[-82.911,41.538],[-82.963,41.542],[-83.016,41.563],[-83.069,41.601],[-83.243,41.662],[-83.291,41.693],[-83.352,41.714],[-83.443,41.725],[-83.456,41.742],[-83.362,41.88],[-83.297,41.935],[-83.273,41.935],[-83.262,41.946],[-83.265,41.971],[-83.256,41.986],[-83.177,42.049],[-83.188,42.083],[-83.175,42.146],[-83.142,42.228],[-83.105,42.286]],[[-78.99,42.992],[-78.961,42.988],[-78.914,43.042],[-78.916,43.053],[-78.988,43.064],[-79.014,43.052],[-79.019,43.024],[-79.012,43.003],[-78.99,42.992]],[[-82.638,41.747],[-82.627,41.771],[-82.643,41.815],[-82.654,41.827],[-82.674,41.806],[-82.685,41.736],[-82.638,41.747]]]}},{"type":"Feature","properties":{"name":"Lake Winnipeg","rank":0},"geometry":{"type":"Polygon","coordinates":[[[-96.373,50.729],[-96.359,50.691],[-96.294,50.624],[-96.392,50.629],[-96.452,50.656],[-96.542,50.728],[-96.588,50.664],[-96.608,50.552],[-96.576,50.468],[-96.596,50.442],[-96.683,50.398],[-96.761,50.398],[-96.866,50.418],[-96.931,50.461],[-96.962,50.57],[-96.983,50.683],[-96.956,50.797],[-96.954,50.844],[-96.967,50.927],[-96.938,51.06],[-96.927,51.082],[-96.841,51.128],[-96.832,51.157],[-96.774,51.221],[-96.693,51.255],[-96.627,51.324],[-96.631,51.343],[-96.725,51.366],[-96.908,51.206],[-96.937,51.193],[-96.979,51.204],[-96.982,51.251],[-96.742,51.554],[-96.736,51.593],[-96.751,51.612],[-96.785,51.611],[-96.797,51.626],[-96.826,51.71],[-96.844,51.722],[-96.881,51.724],[-97.065,51.665],[-97.106,51.642],[-97.127,51.608],[-97.124,51.536],[-97.141,51.502],[-97.22,51.45],[-97.253,51.444],[-97.276,51.491],[-97.289,51.593],[-97.277,51.685],[-97.24,51.766],[-97.25,51.865],[-97.307,51.981],[-97.357,52.04],[-97.446,52.027],[-97.496,52.001],[-97.55,51.925],[-97.573,51.924],[-97.6,51.988],[-97.526,52.061],[-97.495,52.108],[-97.497,52.133],[-97.743,52.135],[-97.774,52.109],[-97.729,52.088],[-97.735,52.045],[-97.792,51.914],[-97.823,51.889],[-97.963,51.927],[-98.036,51.981],[-98.045,52.052],[-98.071,52.1],[-98.139,52.162],[-98.143,52.211],[-98.188,52.28],[-98.429,52.382],[-98.454,52.416],[-98.469,52.486],[-98.553,52.556],[-98.809,52.725],[-98.826,52.767],[-98.82,52.783],[-98.896,52.856],[-98.904,52.901],[-98.895,52.916],[-98.773,52.965],[-98.501,53.018],[-98.46,53.044],[-98.525,53.065],[-98.696,53.082],[-98.796,53.076],[-98.99,53.048],[-99.05,53.073],[-99.186,53.175],[-99.23,53.185],[-99.24,53.21],[-99.202,53.353],[-99.085,53.48],[-99.042,53.557],[-98.983,53.718],[-99.001,53.754],[-98.929,53.867],[-98.811,53.897],[-98.613,53.843],[-98.456,53.852],[-98.299,53.834],[-98.009,53.71],[-97.963,53.695],[-97.91,53.7],[-97.9,53.738],[-98.076,53.823],[-98.204,53.874],[-98.261,53.912],[-98.299,53.965],[-98.297,54.018],[-98.254,54.069],[-98.174,54.218],[-98.021,54.41],[-98.003,54.413],[-97.932,54.375],[-97.932,54.353],[-97.99,54.322],[-97.983,54.316],[-97.844,54.317],[-97.82,54.3],[-97.864,54.265],[-98.083,54.202],[-98.213,54.025],[-98.192,53.994],[-98.061,53.931],[-98.046,53.94],[-98.033,53.977],[-98.001,54.002],[-97.94,54.029],[-97.811,54.042],[-97.734,54.081],[-97.729,54.06],[-97.762,54.013],[-97.972,53.98],[-97.977,53.969],[-97.938,53.89],[-97.832,53.736],[-97.82,53.695],[-97.828,53.641],[-97.791,53.581],[-97.707,53.515],[-97.652,53.4],[-97.582,53.291],[-97.475,53.201],[-97.437,53.119],[-97.352,53.026],[-97.347,53.006],[-97.376,52.98],[-97.424,52.965],[-97.398,52.879],[-97.333,52.784],[-97.198,52.673],[-97.112,52.478],[-97.071,52.413],[-97.002,52.269],[-97.019,52.204],[-96.986,52.133],[-96.958,52.077],[-96.859,51.993],[-96.835,51.942],[-96.854,51.892],[-96.844,51.866],[-96.769,51.855],[-96.707,51.815],[-96.689,51.791],[-96.706,51.773],[-96.757,51.763],[-96.722,51.704],[-96.601,51.596],[-96.551,51.53],[-96.546,51.476],[-96.495,51.413],[-96.344,51.309],[-96.29,51.251],[-96.288,51.208],[-96.337,51.179],[-96.394,51.088],[-96.403,51.02],[-96.367,50.857],[-96.357,50.76],[-96.373,50.729]],[[-97.938,52.318],[-97.887,52.358],[-97.944,52.531],[-97.995,52.542],[-98.046,52.46],[-98.043,52.398],[-97.978,52.315],[-97.938,52.318]],[[-96.632,51.148],[-96.598,51.188],[-96.709,51.199],[-96.737,51.137],[-96.782,51.092],[-96.842,51.066],[-96.845,51.027],[-96.762,51.01],[-96.68,51.041],[-96.632,51.148]]]}},{"type":"Feature","properties":{"name":"Great Slave Lake","rank":0},"geometry":{"type":"Polygon","coordinates":[[[-109.022,62.807],[-108.919,62.788],[-108.928,62.768],[-108.952,62.752],[-108.993,62.739],[-108.987,62.712],[-109.006,62.69],[-109.252,62.597],[-109.292,62.603],[-109.263,62.657],[-109.301,62.717],[-109.396,62.739],[-109.691,62.777],[-109.747,62.798],[-109.944,62.814],[-110.284,62.827],[-110.469,62.828],[-110.498,62.819],[-110.603,62.832],[-110.662,62.829],[-110.701,62.81],[-110.756,62.763],[-110.967,62.727],[-111.269,62.661],[-111.294,62.634],[-111.272,62.617],[-110.836,62.666],[-110.536,62.66],[-110.514,62.67],[-110.411,62.685],[-109.864,62.673],[-109.768,62.668],[-109.735,62.65],[-109.836,62.607],[-109.958,62.576],[-110.101,62.557],[-110.187,62.554],[-110.263,62.571],[-110.33,62.569],[-110.455,62.542],[-110.554,62.538],[-110.764,62.546],[-110.78,62.538],[-110.683,62.516],[-110.647,62.482],[-110.705,62.395],[-110.75,62.387],[-110.95,62.403],[-111.06,62.381],[-111.1,62.357],[-111.294,62.281],[-111.307,62.233],[-111.388,62.192],[-111.587,62.129],[-111.591,62.098],[-111.634,62.071],[-111.638,62.059],[-111.509,62.065],[-111.502,62.049],[-111.62,61.95],[-111.843,61.857],[-112.09,61.736],[-112.204,61.645],[-112.208,61.624],[-112.329,61.577],[-112.676,61.463],[-112.969,61.39],[-113.001,61.405],[-112.99,61.426],[-113.007,61.449],[-113.091,61.484],[-113.148,61.466],[-113.359,61.445],[-113.398,61.416],[-113.515,61.378],[-113.677,61.301],[-113.699,61.276],[-113.704,61.246],[-113.682,61.214],[-113.691,61.189],[-113.729,61.172],[-113.725,61.163],[-113.648,61.157],[-113.633,61.145],[-113.63,61.106],[-113.664,61.072],[-113.729,61.028],[-113.832,60.997],[-113.973,60.979],[-114.086,60.982],[-114.173,61.006],[-114.338,60.988],[-114.581,60.929],[-114.727,60.907],[-114.773,60.923],[-114.913,60.91],[-115.333,60.845],[-115.473,60.838],[-115.744,60.857],[-115.877,60.848],[-116.057,60.868],[-116.425,60.953],[-116.502,60.994],[-116.528,61.029],[-116.612,61.017],[-116.664,61.021],[-116.719,61.039],[-117.089,61.051],[-117.226,61.075],[-117.278,61.097],[-117.505,61.24],[-117.629,61.285],[-117.668,61.308],[-117.627,61.307],[-117.473,61.268],[-117.067,61.15],[-116.794,61.206],[-116.738,61.224],[-116.726,61.241],[-116.797,61.298],[-116.784,61.321],[-116.763,61.329],[-116.594,61.324],[-116.511,61.309],[-116.45,61.285],[-116.367,61.273],[-116.199,61.266],[-116.121,61.228],[-115.95,61.183],[-115.939,61.193],[-115.955,61.218],[-115.988,61.235],[-115.98,61.245],[-115.87,61.284],[-115.858,61.302],[-115.905,61.327],[-116.011,61.359],[-116.039,61.381],[-115.918,61.423],[-115.881,61.409],[-115.827,61.411],[-115.717,61.44],[-115.711,61.45],[-115.744,61.468],[-115.752,61.481],[-115.745,61.511],[-115.658,61.641],[-115.571,61.687],[-115.557,61.74],[-115.508,61.757],[-115.337,61.778],[-115.215,61.773],[-115.19,61.742],[-115.162,61.736],[-114.845,61.768],[-114.721,61.812],[-114.636,61.869],[-114.651,61.923],[-114.667,61.935],[-114.724,61.937],[-114.762,61.956],[-114.781,61.994],[-114.848,62.032],[-114.942,62.055],[-115.033,62.099],[-115.053,62.119],[-115.038,62.145],[-115.045,62.174],[-115.167,62.244],[-115.208,62.247],[-115.29,62.237],[-115.307,62.254],[-115.259,62.299],[-115.254,62.329],[-115.291,62.345],[-115.309,62.371],[-115.307,62.408],[-115.294,62.44],[-115.271,62.467],[-115.289,62.482],[-115.701,62.485],[-115.792,62.565],[-115.809,62.599],[-115.867,62.633],[-115.992,62.682],[-116.038,62.726],[-116.004,62.766],[-115.913,62.764],[-115.763,62.72],[-115.738,62.696],[-115.754,62.667],[-115.724,62.66],[-115.672,62.664],[-115.289,62.607],[-115.246,62.591],[-115.217,62.569],[-115.202,62.543],[-115.165,62.519],[-115.108,62.498],[-114.902,62.466],[-114.77,62.412],[-114.714,62.376],[-114.625,62.359],[-114.437,62.373],[-114.373,62.388],[-114.351,62.408],[-114.322,62.416],[-114.284,62.413],[-114.227,62.385],[-114.225,62.373],[-114.247,62.326],[-114.224,62.312],[-114.155,62.279],[-114.085,62.283],[-114.023,62.268],[-113.892,62.206],[-113.861,62.176],[-113.756,62.103],[-113.574,62.019],[-113.309,62.005],[-113.114,62.029],[-113.037,62.019],[-113.005,62.044],[-112.923,62.073],[-112.906,62.07],[-112.892,62.037],[-112.529,62.074],[-112.302,62.134],[-111.78,62.368],[-111.7,62.42],[-111.643,62.496],[-111.593,62.541],[-111.551,62.556],[-111.512,62.595],[-111.478,62.661],[-111.393,62.722],[-111.259,62.779],[-111.081,62.835],[-110.673,62.927],[-110.525,62.945],[-110.056,62.952],[-109.89,62.924],[-109.705,62.911],[-109.638,62.895],[-109.046,62.829],[-109.022,62.807]],[[-111.745,62.081],[-111.668,62.123],[-111.706,62.131],[-111.828,62.113],[-111.985,62.03],[-112.071,61.974],[-112.306,61.916],[-112.524,61.875],[-112.696,61.868],[-112.971,61.832],[-113.011,61.809],[-112.92,61.762],[-112.754,61.764],[-112.73,61.65],[-112.69,61.605],[-112.596,61.584],[-112.455,61.605],[-112.331,61.65],[-112.248,61.756],[-112.137,61.837],[-111.927,61.916],[-111.787,62.002],[-111.745,62.081]]]}},{"type":"Feature","properties":{"name":"Lake Ontario","rank":0},"geometry":{"type":"Polygon","coordinates":[[[-75.787,44.484],[-75.776,44.459],[-75.791,44.43],[-75.832,44.397],[-76.238,44.183],[-76.352,44.106],[-76.31,44.063],[-76.306,44.043],[-76.281,44.046],[-76.198,44.083],[-76.173,44.079],[-76.161,44.069],[-76.154,44.045],[-76.192,44.003],[-76.175,43.994],[-76.102,44.003],[-76.071,43.998],[-76.099,43.967],[-76.136,43.947],[-76.143,43.927],[-76.198,43.874],[-76.223,43.864],[-76.236,43.871],[-76.233,43.895],[-76.285,43.869],[-76.288,43.849],[-76.258,43.829],[-76.235,43.799],[-76.218,43.758],[-76.21,43.67],[-76.195,43.645],[-76.205,43.614],[-76.194,43.596],[-76.203,43.575],[-76.232,43.55],[-76.29,43.537],[-76.376,43.535],[-76.473,43.507],[-76.58,43.454],[-76.653,43.405],[-76.693,43.361],[-76.722,43.343],[-76.741,43.35],[-76.885,43.314],[-76.937,43.29],[-76.95,43.268],[-76.963,43.264],[-76.976,43.277],[-77.079,43.288],[-77.271,43.295],[-77.421,43.288],[-77.529,43.267],[-77.625,43.279],[-77.707,43.323],[-77.838,43.357],[-78.175,43.395],[-78.457,43.388],[-78.689,43.361],[-79.053,43.285],[-79.213,43.242],[-79.291,43.207],[-79.338,43.198],[-79.401,43.209],[-79.528,43.21],[-79.728,43.253],[-79.773,43.301],[-79.774,43.32],[-79.656,43.453],[-79.61,43.513],[-79.596,43.552],[-79.569,43.578],[-79.499,43.612],[-79.48,43.636],[-79.446,43.647],[-79.396,43.645],[-79.303,43.69],[-79.165,43.78],[-79.061,43.835],[-78.989,43.855],[-78.793,43.876],[-78.669,43.902],[-78.581,43.912],[-78.528,43.905],[-78.446,43.916],[-78.335,43.944],[-78.186,43.966],[-77.881,43.994],[-77.829,44.011],[-77.726,44.009],[-77.709,44.033],[-77.682,44.045],[-77.583,44.038],[-77.549,44.025],[-77.544,44.014],[-77.568,44.008],[-77.554,43.99],[-77.503,43.963],[-77.421,43.954],[-77.325,43.972],[-77.259,43.964],[-77.276,43.952],[-77.315,43.947],[-77.289,43.923],[-77.267,43.922],[-77.19,43.948],[-77.185,43.938],[-77.219,43.9],[-77.208,43.876],[-77.151,43.866],[-77.054,43.883],[-76.934,43.93],[-76.879,43.943],[-76.87,43.965],[-77.013,43.957],[-77.042,43.943],[-77.044,43.952],[-77.024,43.987],[-76.93,44.038],[-76.888,44.068],[-76.863,44.1],[-76.89,44.099],[-76.969,44.066],[-77.04,44.049],[-77.103,44.046],[-77.117,44.079],[-77.083,44.148],[-77.115,44.173],[-77.271,44.139],[-77.29,44.127],[-77.29,44.118],[-77.273,44.111],[-77.275,44.104],[-77.296,44.098],[-77.332,44.104],[-77.331,44.119],[-77.314,44.143],[-77.333,44.153],[-77.446,44.131],[-77.586,44.084],[-77.584,44.094],[-77.547,44.124],[-77.326,44.178],[-77.28,44.176],[-77.251,44.189],[-77.225,44.189],[-77.203,44.175],[-77.148,44.181],[-77.059,44.205],[-77.02,44.197],[-77.033,44.156],[-77.01,44.153],[-76.951,44.186],[-76.913,44.198],[-76.896,44.188],[-77.021,44.133],[-77.055,44.106],[-77.062,44.091],[-77.041,44.071],[-76.992,44.074],[-76.787,44.182],[-76.688,44.218],[-76.589,44.238],[-76.49,44.244],[-76.408,44.262],[-76.341,44.295],[-76.057,44.367],[-75.942,44.411],[-75.831,44.49],[-75.805,44.495],[-75.787,44.484]],[[-76.688,44.138],[-76.64,44.181],[-76.643,44.199],[-76.761,44.172],[-76.799,44.155],[-76.809,44.14],[-76.787,44.13],[-76.731,44.127],[-76.688,44.138]],[[-76.275,44.009],[-76.277,43.987],[-76.262,43.99],[-76.231,44.018],[-76.231,44.029],[-76.26,44.022],[-76.275,44.009]],[[-76.237,44.233],[-76.227,44.254],[-76.43,44.227],[-76.483,44.179],[-76.492,44.162],[-76.477,44.153],[-76.474,44.141],[-76.485,44.128],[-76.423,44.122],[-76.365,44.156],[-76.33,44.208],[-76.237,44.233]],[[-76.081,44.295],[-76.075,44.306],[-76.119,44.306],[-76.145,44.292],[-76.15,44.281],[-76.143,44.269],[-76.081,44.295]]]}},{"type":"Feature","properties":{"name":"Great Bear Lake","rank":0},"geometry":{"type":"Polygon","coordinates":[[[-117.842,66.424],[-117.542,66.483],[-117.514,66.46],[-117.55,66.424],[-117.674,66.336],[-117.68,66.253],[-117.781,66.207],[-117.872,66.15],[-117.923,66.139],[-117.987,66.105],[-117.971,66.084],[-117.907,66.067],[-117.924,66.044],[-118.073,66.036],[-118.116,66.011],[-118.134,65.962],[-118.199,65.905],[-118.209,65.856],[-118.157,65.831],[-118.064,65.831],[-117.874,65.847],[-117.846,65.84],[-117.901,65.8],[-117.903,65.764],[-117.943,65.723],[-118.034,65.693],[-118.264,65.67],[-118.379,65.664],[-118.387,65.68],[-118.453,65.683],[-118.569,65.644],[-118.715,65.694],[-118.834,65.755],[-118.944,65.784],[-119.276,65.796],[-119.504,65.793],[-119.619,65.782],[-119.705,65.752],[-119.698,65.714],[-119.974,65.617],[-119.988,65.586],[-119.541,65.408],[-119.509,65.368],[-119.556,65.344],[-119.717,65.342],[-119.885,65.325],[-120.095,65.203],[-120.159,65.176],[-120.466,65.073],[-121.073,64.9],[-121.133,64.861],[-121.23,64.827],[-121.367,64.834],[-121.471,64.879],[-121.48,64.933],[-121.397,64.969],[-121.089,65.004],[-121.003,65.038],[-120.991,65.082],[-120.55,65.289],[-120.406,65.411],[-120.368,65.509],[-120.383,65.557],[-120.466,65.585],[-120.663,65.605],[-120.978,65.553],[-121.368,65.435],[-121.548,65.364],[-121.546,65.342],[-121.606,65.229],[-121.615,65.093],[-121.663,65.074],[-121.727,65.061],[-121.77,65.037],[-122.04,64.961],[-122.891,65.068],[-123.446,65.116],[-123.472,65.152],[-123.444,65.185],[-123.188,65.216],[-122.853,65.278],[-122.767,65.342],[-122.769,65.409],[-122.887,65.487],[-122.786,65.531],[-122.374,65.657],[-122.206,65.753],[-122.164,65.817],[-122.531,65.944],[-122.549,65.986],[-122.387,66.007],[-121.772,65.948],[-121.475,65.957],[-121.293,66.001],[-121.249,66.054],[-121.278,66.092],[-121.533,66.122],[-121.695,66.178],[-122.11,66.234],[-122.436,66.251],[-123.016,66.255],[-123.02,66.221],[-122.993,66.173],[-123.04,66.126],[-123.092,66.1],[-123.098,66.073],[-123.116,66.054],[-123.154,66.064],[-123.198,66.104],[-123.396,66.135],[-123.569,66.139],[-123.77,66.125],[-124.051,66.13],[-124.261,66.157],[-124.499,66.153],[-124.59,66.11],[-124.574,66.056],[-124.59,66.016],[-124.642,66.007],[-124.676,66.025],[-124.732,66.04],[-124.785,65.995],[-124.817,65.941],[-124.898,65.966],[-124.963,66.01],[-125.02,66.057],[-125.09,66.157],[-125.063,66.248],[-124.806,66.28],[-124.525,66.276],[-124.404,66.309],[-123.56,66.427],[-123.177,66.517],[-123.146,66.511],[-123.143,66.483],[-123.088,66.473],[-122.844,66.533],[-122.529,66.56],[-122.523,66.599],[-122.411,66.599],[-122.344,66.583],[-121.98,66.636],[-121.528,66.719],[-121.455,66.74],[-121.233,66.832],[-119.878,67.029],[-119.755,66.99],[-119.671,66.992],[-119.443,66.966],[-119.211,66.933],[-119.097,66.909],[-119.252,66.829],[-119.568,66.746],[-119.762,66.696],[-120.084,66.654],[-120.13,66.6],[-120.209,66.568],[-120.33,66.537],[-120.34,66.527],[-120.314,66.493],[-120.325,66.47],[-120.411,66.456],[-120.478,66.422],[-120.445,66.395],[-120.016,66.38],[-119.962,66.356],[-119.768,66.327],[-119.722,66.311],[-119.592,66.307],[-119.521,66.316],[-119.489,66.338],[-119.105,66.326],[-118.756,66.331],[-118.605,66.348],[-118.337,66.399],[-118.247,66.46],[-118.192,66.515],[-118.004,66.601],[-117.838,66.639],[-117.726,66.659],[-117.696,66.658],[-117.683,66.642],[-117.699,66.621],[-117.691,66.596],[-117.734,66.551],[-117.841,66.487],[-117.864,66.461],[-117.862,66.438],[-117.842,66.424]]]}},{"type":"Feature","properties":{"name":"Lake Saint Clair","rank":0},"geometry":{"type":"Polygon","coordinates":[[[-83.076,42.275],[-83.105,42.286],[-83.063,42.323],[-83.017,42.347],[-82.926,42.375],[-82.902,42.394],[-82.883,42.442],[-82.87,42.519],[-82.841,42.568],[-82.796,42.589],[-82.784,42.613],[-82.804,42.639],[-82.787,42.665],[-82.733,42.69],[-82.687,42.697],[-82.65,42.687],[-82.633,42.661],[-82.63,42.595],[-82.645,42.558],[-82.613,42.525],[-82.453,42.495],[-82.432,42.498],[-82.418,42.472],[-82.414,42.411],[-82.428,42.367],[-82.462,42.339],[-82.516,42.322],[-82.59,42.315],[-82.867,42.335],[-82.971,42.327],[-83.047,42.297],[-83.076,42.275]]]}},{"type":"Feature","properties":{"name":"Lake Okeechobee","rank":0},"geometry":{"type":"Polygon","coordinates":[[[-80.629,26.887],[-80.743,26.697],[-80.784,26.691],[-80.858,26.723],[-80.896,26.752],[-80.932,26.81],[-80.979,26.856],[-81.027,26.876],[-81.071,26.917],[-81.081,26.956],[-81.055,26.991],[-80.942,27.077],[-80.87,27.147],[-80.803,27.182],[-80.759,27.182],[-80.69,27.11],[-80.654,27.054],[-80.621,26.949],[-80.629,26.887]]]}},{"type":"Feature","properties":{"name":"Cedar Lake","rank":0},"geometry":{"type":"Polygon","coordinates":[[[-99.349,53.199],[-99.33,53.159],[-99.369,53.15],[-99.389,53.131],[-99.403,53.074],[-99.459,53.053],[-99.518,53.057],[-99.539,53.067],[-99.538,53.097],[-99.569,53.112],[-99.605,53.163],[-99.638,53.188],[-99.647,53.155],[-99.657,53.145],[-99.798,53.137],[-99.876,53.102],[-99.972,53.098],[-100.2,53.152],[-100.274,53.185],[-100.412,53.27],[-100.542,53.307],[-100.842,53.426],[-100.876,53.449],[-100.891,53.471],[-100.881,53.488],[-100.855,53.501],[-100.604,53.498],[-100.592,53.519],[-100.632,53.554],[-100.634,53.569],[-100.323,53.593],[-100.313,53.64],[-100.324,53.669],[-100.383,53.758],[-100.432,53.79],[-100.413,53.822],[-100.33,53.865],[-100.347,53.898],[-100.393,53.892],[-100.474,53.896],[-100.498,53.905],[-100.506,53.917],[-100.483,53.95],[-100.331,53.958],[-100.303,53.973],[-100.306,54.098],[-100.351,54.177],[-100.358,54.202],[-100.35,54.215],[-100.335,54.222],[-100.31,54.221],[-100.244,54.211],[-100.163,54.252],[-100.122,54.246],[-99.994,54.192],[-99.882,54.192],[-99.869,54.186],[-100.226,54.015],[-100.14,53.993],[-100.105,53.971],[-100.094,53.941],[-100.14,53.883],[-100.151,53.861],[-100.141,53.846],[-100.118,53.837],[-100.06,53.847],[-99.963,53.876],[-99.845,53.927],[-99.66,54.034],[-99.617,54.043],[-99.602,54.011],[-99.729,53.87],[-99.776,53.835],[-99.908,53.827],[-99.926,53.76],[-100.076,53.694],[-100.17,53.679],[-100.201,53.664],[-100.219,53.632],[-100.019,53.533],[-99.976,53.491],[-99.929,53.407],[-99.948,53.355],[-99.94,53.332],[-99.894,53.255],[-99.839,53.245],[-99.799,53.253],[-99.693,53.299],[-99.589,53.32],[-99.437,53.337],[-99.421,53.329],[-99.411,53.311],[-99.405,53.257],[-99.349,53.199]]]}},{"type":"Feature","properties":{"name":"Great Salt Lake","rank":0},"geometry":{"type":"Polygon","coordinates":[[[-111.974,41.002],[-111.951,40.968],[-111.961,40.942],[-112.097,40.881],[-112.19,40.769],[-112.267,40.74],[-112.332,40.699],[-112.37,40.701],[-112.394,40.757],[-112.436,40.816],[-112.446,40.875],[-112.478,40.943],[-112.493,40.938],[-112.508,40.919],[-112.522,40.878],[-112.546,40.839],[-112.58,40.849],[-112.632,40.927],[-112.728,41.019],[-112.751,41.059],[-112.788,41.174],[-112.814,41.224],[-112.961,41.377],[-112.985,41.427],[-112.997,41.489],[-112.997,41.576],[-113.014,41.597],[-112.999,41.612],[-112.966,41.614],[-112.844,41.657],[-112.8,41.667],[-112.742,41.659],[-112.719,41.637],[-112.707,41.603],[-112.734,41.563],[-112.738,41.537],[-112.708,41.496],[-112.604,41.431],[-112.554,41.43],[-112.527,41.421],[-112.489,41.309],[-112.437,41.219],[-112.39,41.223],[-112.366,41.248],[-112.402,41.432],[-112.374,41.457],[-112.33,41.443],[-112.29,41.41],[-112.243,41.393],[-112.092,41.408],[-112.064,41.4],[-112.076,41.347],[-112.114,41.336],[-112.241,41.345],[-112.287,41.317],[-112.304,41.283],[-112.083,41.065],[-111.974,41.002]],[[-112.171,40.875],[-112.156,40.956],[-112.198,41.056],[-112.236,41.069],[-112.263,41.058],[-112.252,41.02],[-112.25,40.964],[-112.171,40.875]]]}},{"type":"Feature","properties":{"name":"Lake Michigan","rank":0},"geometry":{"type":"Polygon","coordinates":[[[-84.763,45.792],[-84.772,45.795],[-84.806,45.775],[-84.866,45.769],[-84.952,45.775],[-84.981,45.767],[-84.955,45.743],[-84.977,45.707],[-85.047,45.656],[-85.088,45.605],[-85.099,45.553],[-85.088,45.507],[-85.055,45.467],[-85.006,45.44],[-84.943,45.429],[-84.93,45.413],[-84.967,45.393],[-85.033,45.381],[-85.127,45.378],[-85.223,45.356],[-85.319,45.314],[-85.376,45.277],[-85.391,45.244],[-85.394,45.196],[-85.382,45.078],[-85.389,45.033],[-85.485,44.84],[-85.549,44.772],[-85.561,44.781],[-85.551,44.815],[-85.497,44.924],[-85.489,44.97],[-85.494,44.994],[-85.513,44.997],[-85.534,44.976],[-85.558,44.931],[-85.563,44.907],[-85.549,44.903],[-85.559,44.873],[-85.593,44.816],[-85.623,44.804],[-85.647,44.838],[-85.645,44.882],[-85.605,44.97],[-85.619,44.987],[-85.585,45.082],[-85.597,45.123],[-85.588,45.161],[-85.556,45.196],[-85.566,45.207],[-85.617,45.193],[-85.689,45.128],[-85.784,45.012],[-85.858,44.962],[-85.91,44.976],[-85.953,44.967],[-85.985,44.933],[-86.02,44.916],[-86.058,44.916],[-86.08,44.876],[-86.088,44.794],[-86.126,44.748],[-86.237,44.72],[-86.259,44.699],[-86.261,44.669],[-86.243,44.63],[-86.242,44.551],[-86.259,44.434],[-86.296,44.331],[-86.353,44.242],[-86.415,44.169],[-86.519,44.074],[-86.521,44.055],[-86.47,43.98],[-86.449,43.924],[-86.438,43.813],[-86.441,43.794],[-86.541,43.657],[-86.542,43.637],[-86.435,43.407],[-86.329,43.224],[-86.248,43.029],[-86.222,42.9],[-86.22,42.773],[-86.233,42.65],[-86.26,42.531],[-86.3,42.418],[-86.352,42.309],[-86.407,42.224],[-86.52,42.082],[-86.575,41.988],[-86.632,41.911],[-86.692,41.853],[-86.798,41.789],[-87.073,41.669],[-87.159,41.646],[-87.253,41.638],[-87.356,41.643],[-87.412,41.656],[-87.425,41.679],[-87.447,41.681],[-87.515,41.721],[-87.557,41.766],[-87.602,41.859],[-87.651,42],[-87.695,42.084],[-87.733,42.112],[-87.767,42.154],[-87.797,42.211],[-87.812,42.341],[-87.812,42.543],[-87.802,42.68],[-87.781,42.753],[-87.787,42.809],[-87.819,42.848],[-87.838,42.896],[-87.846,42.953],[-87.862,42.992],[-87.888,43.012],[-87.893,43.041],[-87.879,43.078],[-87.879,43.103],[-87.893,43.117],[-87.896,43.137],[-87.889,43.165],[-87.902,43.245],[-87.898,43.294],[-87.881,43.347],[-87.824,43.443],[-87.806,43.49],[-87.801,43.538],[-87.774,43.599],[-87.7,43.724],[-87.698,43.752],[-87.723,43.809],[-87.729,43.851],[-87.724,43.907],[-87.7,43.977],[-87.658,44.059],[-87.603,44.125],[-87.535,44.174],[-87.512,44.23],[-87.536,44.293],[-87.527,44.386],[-87.487,44.509],[-87.441,44.601],[-87.391,44.662],[-87.356,44.72],[-87.337,44.776],[-87.346,44.801],[-87.42,44.866],[-87.48,44.874],[-87.555,44.849],[-87.604,44.847],[-87.677,44.79],[-87.741,44.692],[-87.788,44.652],[-87.851,44.624],[-87.898,44.593],[-87.929,44.559],[-87.969,44.552],[-88.019,44.571],[-88.028,44.618],[-87.998,44.692],[-87.952,44.764],[-87.857,44.88],[-87.854,44.908],[-87.83,44.942],[-87.683,44.993],[-87.627,45.032],[-87.608,45.083],[-87.602,45.157],[-87.593,45.178],[-87.571,45.187],[-87.506,45.249],[-87.399,45.365],[-87.302,45.484],[-87.216,45.607],[-87.154,45.677],[-87.114,45.692],[-87.085,45.73],[-87.039,45.845],[-87.005,45.897],[-86.982,45.917],[-86.971,45.905],[-86.993,45.842],[-86.993,45.79],[-86.974,45.723],[-86.938,45.7],[-86.884,45.721],[-86.837,45.765],[-86.799,45.832],[-86.754,45.859],[-86.703,45.848],[-86.661,45.852],[-86.627,45.873],[-86.563,45.883],[-86.552,45.857],[-86.559,45.806],[-86.58,45.782],[-86.612,45.784],[-86.65,45.757],[-86.691,45.701],[-86.69,45.657],[-86.644,45.625],[-86.622,45.623],[-86.622,45.652],[-86.601,45.682],[-86.534,45.736],[-86.527,45.753],[-86.4,45.801],[-86.351,45.831],[-86.338,45.866],[-86.272,45.937],[-86.209,45.959],[-86.123,45.969],[-86.04,45.963],[-85.959,45.941],[-85.914,45.941],[-85.903,45.964],[-85.834,45.98],[-85.708,45.988],[-85.615,46.02],[-85.555,46.078],[-85.479,46.108],[-85.386,46.109],[-85.26,46.088],[-85.101,46.046],[-84.972,45.989],[-84.802,45.874],[-84.757,45.863],[-84.763,45.792]],[[-85.492,45.76],[-85.539,45.775],[-85.573,45.738],[-85.608,45.656],[-85.612,45.609],[-85.586,45.598],[-85.552,45.603],[-85.509,45.624],[-85.492,45.663],[-85.501,45.75],[-85.492,45.76]],[[-86.052,45.156],[-86.06,45.147],[-86.038,45.103],[-86.016,45.089],[-85.988,45.088],[-85.976,45.102],[-85.98,45.132],[-85.998,45.15],[-86.052,45.156]],[[-86.926,45.415],[-86.938,45.426],[-86.967,45.368],[-86.947,45.346],[-86.892,45.342],[-86.862,45.352],[-86.857,45.394],[-86.862,45.409],[-86.926,45.415]],[[-87.049,45.303],[-87.088,45.279],[-87.122,45.225],[-87.166,45.19],[-87.221,45.174],[-87.259,45.138],[-87.279,45.081],[-87.316,45.031],[-87.396,44.954],[-87.403,44.933],[-87.398,44.903],[-87.382,44.864],[-87.355,44.839],[-87.316,44.827],[-87.28,44.835],[-87.188,44.922],[-87.179,44.941],[-87.191,44.95],[-87.179,44.983],[-87.141,45.041],[-87.114,45.068],[-87.096,45.067],[-87.078,45.078],[-87.059,45.102],[-87.062,45.125],[-87.086,45.145],[-87.084,45.154],[-87.057,45.151],[-87.047,45.172],[-87.054,45.218],[-87.042,45.237],[-87.01,45.228],[-86.992,45.241],[-86.986,45.275],[-87.005,45.296],[-87.049,45.303]]]}},{"type":"Feature","properties":{"name":"Lake Superior","rank":0},"geometry":{"type":"Polygon","coordinates":[[[-84.432,46.522],[-84.344,46.531],[-84.358,46.505],[-84.424,46.491],[-84.528,46.436],[-84.592,46.443],[-84.635,46.482],[-84.697,46.491],[-84.779,46.468],[-84.851,46.469],[-84.914,46.494],[-85.034,46.506],[-85.049,46.524],[-85.046,46.543],[-85.027,46.563],[-85.017,46.611],[-85.015,46.686],[-84.998,46.74],[-84.968,46.771],[-85.015,46.783],[-85.138,46.778],[-85.281,46.752],[-85.442,46.707],[-85.616,46.691],[-85.804,46.704],[-85.947,46.702],[-86.105,46.679],[-86.132,46.687],[-86.231,46.656],[-86.403,46.588],[-86.531,46.524],[-86.637,46.453],[-86.654,46.452],[-86.733,46.49],[-86.79,46.491],[-86.851,46.47],[-86.914,46.483],[-86.977,46.53],[-87.034,46.543],[-87.086,46.523],[-87.171,46.514],[-87.358,46.524],[-87.378,46.54],[-87.394,46.59],[-87.415,46.612],[-87.451,46.627],[-87.509,46.683],[-87.637,46.827],[-87.778,46.888],[-87.877,46.908],[-88.129,46.935],[-88.184,46.955],[-88.216,46.952],[-88.383,46.874],[-88.4,46.841],[-88.449,46.802],[-88.476,46.837],[-88.474,46.886],[-88.456,46.963],[-88.466,47.013],[-88.504,47.035],[-88.521,47.063],[-88.515,47.096],[-88.543,47.122],[-88.604,47.141],[-88.633,47.167],[-88.628,47.199],[-88.634,47.22],[-88.65,47.232],[-88.716,47.207],[-88.83,47.146],[-88.907,47.091],[-88.948,47.043],[-89.009,47.016],[-89.09,47.009],[-89.155,46.989],[-89.269,46.918],[-89.355,46.882],[-89.497,46.855],[-89.695,46.839],[-89.861,46.793],[-89.993,46.718],[-90.154,46.654],[-90.341,46.602],[-90.469,46.584],[-90.536,46.599],[-90.737,46.689],[-90.754,46.684],[-90.745,46.672],[-90.748,46.662],[-90.77,46.645],[-90.923,46.603],[-90.944,46.619],[-90.886,46.677],[-90.864,46.721],[-90.865,46.761],[-90.84,46.81],[-90.788,46.868],[-90.768,46.908],[-90.782,46.929],[-90.84,46.962],[-90.887,46.965],[-90.946,46.954],[-91.127,46.868],[-91.203,46.888],[-91.218,46.886],[-91.357,46.811],[-91.499,46.766],[-91.836,46.702],[-91.921,46.694],[-91.987,46.699],[-92.073,46.736],[-92.107,46.762],[-92.104,46.789],[-92.065,46.819],[-91.645,47.05],[-91.386,47.215],[-90.957,47.524],[-90.847,47.585],[-90.597,47.688],[-90.197,47.786],[-90,47.841],[-89.829,47.901],[-89.72,47.947],[-89.672,47.979],[-89.634,47.994],[-89.605,47.992],[-89.547,48.013],[-89.438,48.099],[-89.345,48.121],[-89.315,48.159],[-89.252,48.28],[-89.221,48.311],[-89.214,48.345],[-89.229,48.382],[-89.225,48.418],[-89.201,48.451],[-89.086,48.498],[-88.775,48.583],[-88.764,48.572],[-88.818,48.506],[-88.876,48.381],[-88.897,48.378],[-88.916,48.363],[-88.933,48.335],[-88.888,48.337],[-88.734,48.384],[-88.706,48.476],[-88.683,48.51],[-88.654,48.517],[-88.635,48.546],[-88.625,48.599],[-88.602,48.63],[-88.565,48.64],[-88.55,48.658],[-88.552,48.684],[-88.535,48.786],[-88.503,48.833],[-88.458,48.848],[-88.395,48.845],[-88.352,48.821],[-88.329,48.776],[-88.323,48.738],[-88.334,48.709],[-88.394,48.656],[-88.567,48.528],[-88.585,48.492],[-88.559,48.447],[-88.539,48.443],[-88.501,48.467],[-88.484,48.488],[-88.489,48.507],[-88.476,48.531],[-88.444,48.56],[-88.418,48.569],[-88.4,48.557],[-88.369,48.562],[-88.325,48.584],[-88.233,48.597],[-88.138,48.683],[-88.109,48.733],[-88.109,48.776],[-88.147,48.821],[-88.224,48.867],[-88.264,48.974],[-88.248,48.986],[-88.2,48.977],[-88.161,48.982],[-88.128,48.998],[-88.07,49.001],[-88.023,48.999],[-87.966,48.959],[-87.761,48.92],[-87.568,48.871],[-87.552,48.848],[-87.517,48.839],[-87.464,48.842],[-87.407,48.835],[-87.224,48.776],[-87.085,48.779],[-87.009,48.789],[-86.888,48.772],[-86.82,48.773],[-86.752,48.801],[-86.693,48.808],[-86.643,48.795],[-86.581,48.753],[-86.459,48.765],[-86.432,48.758],[-86.396,48.731],[-86.371,48.688],[-86.314,48.619],[-86.283,48.598],[-86.257,48.548],[-86.237,48.471],[-86.216,48.423],[-86.191,48.406],[-86.159,48.304],[-86.104,48.21],[-86.022,48.119],[-85.914,48.03],[-85.778,47.97],[-85.615,47.941],[-85.47,47.934],[-85.342,47.95],[-85.174,47.959],[-84.964,47.96],[-84.855,47.95],[-84.847,47.928],[-84.867,47.896],[-84.915,47.855],[-84.922,47.793],[-84.981,47.718],[-84.975,47.698],[-84.986,47.672],[-85.014,47.639],[-84.998,47.595],[-84.936,47.54],[-84.86,47.496],[-84.771,47.462],[-84.716,47.427],[-84.693,47.39],[-84.668,47.371],[-84.641,47.367],[-84.616,47.35],[-84.594,47.32],[-84.618,47.267],[-84.688,47.191],[-84.72,47.142],[-84.712,47.12],[-84.772,47.037],[-84.775,47.004],[-84.75,46.981],[-84.656,46.949],[-84.625,46.922],[-84.6,46.918],[-84.582,46.937],[-84.545,46.946],[-84.488,46.944],[-84.435,46.931],[-84.385,46.906],[-84.367,46.88],[-84.382,46.853],[-84.408,46.844],[-84.485,46.848],[-84.528,46.834],[-84.553,46.806],[-84.561,46.73],[-84.54,46.697],[-84.528,46.697],[-84.51,46.713],[-84.488,46.744],[-84.464,46.747],[-84.438,46.723],[-84.466,46.674],[-84.569,46.577],[-84.568,46.543],[-84.501,46.483],[-84.475,46.489],[-84.432,46.522]],[[-90.756,46.965],[-90.766,46.951],[-90.761,46.937],[-90.723,46.92],[-90.708,46.927],[-90.713,46.941],[-90.738,46.962],[-90.756,46.965]],[[-90.653,46.828],[-90.589,46.855],[-90.596,46.869],[-90.619,46.87],[-90.752,46.814],[-90.782,46.791],[-90.792,46.772],[-90.768,46.77],[-90.711,46.783],[-90.68,46.798],[-90.678,46.813],[-90.653,46.828]],[[-90.547,46.919],[-90.535,46.954],[-90.543,46.963],[-90.65,46.937],[-90.652,46.922],[-90.58,46.914],[-90.547,46.919]],[[-90.41,47.044],[-90.41,47.064],[-90.422,47.071],[-90.447,47.066],[-90.464,47.048],[-90.472,47.018],[-90.459,47.01],[-90.427,47.026],[-90.41,47.044]],[[-88.057,48.837],[-88.087,48.808],[-88.076,48.741],[-88.057,48.717],[-88.031,48.718],[-87.998,48.743],[-87.941,48.757],[-87.859,48.758],[-87.816,48.768],[-87.812,48.785],[-87.782,48.795],[-87.77,48.811],[-87.765,48.841],[-87.813,48.859],[-87.915,48.865],[-87.996,48.857],[-88.057,48.837]],[[-88.911,47.936],[-88.625,48.042],[-88.593,48.072],[-88.597,48.087],[-88.581,48.111],[-88.485,48.167],[-88.499,48.176],[-88.588,48.158],[-88.756,48.104],[-89.147,47.953],[-89.193,47.929],[-89.2,47.917],[-89.169,47.917],[-89.169,47.902],[-89.199,47.872],[-89.195,47.852],[-89.157,47.841],[-89.082,47.851],[-88.97,47.881],[-88.924,47.905],[-88.96,47.909],[-88.955,47.926],[-88.911,47.936]],[[-87.79,47.411],[-87.741,47.434],[-87.793,47.467],[-87.878,47.484],[-87.994,47.484],[-88.11,47.473],[-88.32,47.421],[-88.394,47.389],[-88.562,47.272],[-88.609,47.217],[-88.616,47.174],[-88.574,47.143],[-88.434,47.122],[-88.427,47.137],[-88.454,47.152],[-88.417,47.191],[-88.405,47.175],[-88.409,47.131],[-88.468,47.077],[-88.469,47.048],[-88.439,47.011],[-88.402,47.019],[-88.358,47.073],[-88.237,47.159],[-88.24,47.178],[-88.222,47.211],[-88.016,47.321],[-87.975,47.355],[-87.983,47.368],[-88.027,47.386],[-88.021,47.392],[-87.79,47.411]],[[-87.69,48.75],[-87.622,48.757],[-87.626,48.78],[-87.667,48.821],[-87.702,48.841],[-87.748,48.835],[-87.753,48.824],[-87.731,48.794],[-87.73,48.778],[-87.744,48.764],[-87.73,48.755],[-87.69,48.75]],[[-85.606,47.742],[-85.596,47.757],[-85.641,47.782],[-85.765,47.807],[-85.827,47.804],[-85.883,47.791],[-85.931,47.766],[-85.951,47.747],[-85.942,47.734],[-85.859,47.719],[-85.606,47.742]]]}},{"type":"Feature","properties":{"name":"Lake Huron","rank":0},"geometry":{"type":"Polygon","coordinates":[[[-84.344,46.531],[-84.236,46.557],[-84.165,46.563],[-84.118,46.539],[-84.087,46.507],[-84.084,46.473],[-84.106,46.43],[-84.109,46.393],[-84.092,46.361],[-84.034,46.344],[-83.934,46.342],[-83.882,46.333],[-83.863,46.306],[-83.843,46.302],[-83.661,46.29],[-83.593,46.278],[-83.572,46.26],[-83.459,46.238],[-83.025,46.181],[-82.719,46.207],[-82.664,46.176],[-82.638,46.172],[-82.35,46.193],[-82.318,46.163],[-82.196,46.134],[-82.012,46.129],[-81.817,46.115],[-81.769,46.104],[-81.765,46.058],[-81.689,46.079],[-81.662,46.093],[-81.646,46.115],[-81.615,46.119],[-81.545,46.09],[-81.542,46.075],[-81.64,46.04],[-81.624,46.017],[-81.597,46.012],[-81.595,45.996],[-81.627,45.978],[-81.597,45.967],[-81.502,45.993],[-81.449,45.994],[-81.304,45.974],[-81.237,45.974],[-81.197,45.991],[-81.191,46.006],[-81.174,46.016],[-81.162,46.012],[-81.158,45.992],[-81.16,45.955],[-81.097,45.942],[-80.968,45.952],[-80.818,45.951],[-80.713,45.858],[-80.696,45.816],[-80.656,45.79],[-80.641,45.747],[-80.593,45.682],[-80.546,45.65],[-80.52,45.623],[-80.511,45.59],[-80.486,45.577],[-80.444,45.584],[-80.427,45.598],[-80.429,45.625],[-80.414,45.62],[-80.389,45.574],[-80.392,45.501],[-80.385,45.458],[-80.35,45.399],[-80.302,45.383],[-80.271,45.36],[-80.177,45.344],[-80.168,45.348],[-80.185,45.387],[-80.176,45.397],[-80.092,45.393],[-80.057,45.375],[-80.041,45.342],[-80.05,45.301],[-80.111,45.259],[-80.121,45.223],[-80.108,45.201],[-80.092,45.197],[-80.075,45.211],[-80.049,45.204],[-80.015,45.176],[-80.006,45.153],[-80.023,45.136],[-80.083,45.126],[-80.086,45.109],[-80.022,45.072],[-79.972,45.022],[-79.946,45.017],[-79.932,45.001],[-79.929,44.974],[-79.902,44.957],[-79.828,44.936],[-79.772,44.819],[-79.75,44.815],[-79.733,44.832],[-79.732,44.863],[-79.696,44.875],[-79.692,44.859],[-79.713,44.821],[-79.709,44.791],[-79.678,44.769],[-79.717,44.761],[-79.827,44.768],[-79.891,44.809],[-79.925,44.813],[-79.935,44.824],[-79.92,44.855],[-79.93,44.863],[-79.997,44.856],[-80.065,44.834],[-80.108,44.807],[-80.108,44.775],[-80.079,44.743],[-80.021,44.71],[-79.997,44.652],[-80.008,44.572],[-80.037,44.517],[-80.085,44.489],[-80.226,44.51],[-80.46,44.578],[-80.593,44.639],[-80.65,44.721],[-80.67,44.727],[-80.79,44.7],[-80.854,44.666],[-80.91,44.618],[-80.925,44.633],[-80.891,44.761],[-80.895,44.781],[-80.919,44.797],[-80.963,44.809],[-81.022,44.802],[-81.11,44.765],[-81.13,44.77],[-81.128,44.782],[-81.036,44.843],[-81.006,44.876],[-81.006,44.907],[-80.993,44.934],[-80.966,44.959],[-80.973,44.97],[-81.012,44.967],[-81.032,44.957],[-81.074,44.914],[-81.134,44.918],[-81.141,44.928],[-81.125,44.953],[-81.138,44.968],[-81.18,44.974],[-81.193,45.003],[-81.26,45.028],[-81.264,45.081],[-81.282,45.124],[-81.313,45.156],[-81.316,45.189],[-81.285,45.241],[-81.296,45.249],[-81.595,45.262],[-81.697,45.251],[-81.706,45.223],[-81.683,45.203],[-81.629,45.189],[-81.59,45.166],[-81.577,45.145],[-81.541,45.125],[-81.499,45.081],[-81.451,45.015],[-81.415,44.987],[-81.355,44.978],[-81.358,44.911],[-81.341,44.87],[-81.3,44.832],[-81.278,44.79],[-81.278,44.644],[-81.298,44.597],[-81.352,44.542],[-81.387,44.497],[-81.402,44.461],[-81.431,44.436],[-81.474,44.425],[-81.519,44.399],[-81.565,44.36],[-81.595,44.311],[-81.609,44.253],[-81.647,44.192],[-81.708,44.131],[-81.732,44.06],[-81.718,43.982],[-81.717,43.642],[-81.705,43.558],[-81.713,43.474],[-81.739,43.392],[-81.785,43.327],[-81.848,43.28],[-81.911,43.246],[-81.974,43.223],[-82.033,43.186],[-82.088,43.133],[-82.181,43.085],[-82.417,43.017],[-82.461,43.081],[-82.516,43.28],[-82.597,43.634],[-82.663,43.854],[-82.716,43.939],[-82.788,44.004],[-82.878,44.048],[-82.947,44.067],[-82.995,44.061],[-83.069,44.025],[-83.209,43.994],[-83.267,43.973],[-83.299,43.945],[-83.338,43.929],[-83.383,43.924],[-83.387,43.917],[-83.353,43.906],[-83.353,43.879],[-83.469,43.731],[-83.526,43.721],[-83.573,43.697],[-83.622,43.636],[-83.668,43.621],[-83.735,43.627],[-83.848,43.664],[-83.916,43.701],[-83.938,43.738],[-83.94,43.782],[-83.92,43.834],[-83.922,43.875],[-83.879,43.963],[-83.821,43.993],[-83.738,44.001],[-83.692,44.014],[-83.683,44.035],[-83.657,44.05],[-83.614,44.058],[-83.577,44.113],[-83.548,44.215],[-83.512,44.271],[-83.487,44.281],[-83.464,44.277],[-83.463,44.265],[-83.366,44.33],[-83.331,44.375],[-83.319,44.556],[-83.308,44.644],[-83.294,44.683],[-83.3,44.785],[-83.328,44.869],[-83.436,44.961],[-83.452,44.992],[-83.448,45.025],[-83.426,45.059],[-83.378,45.067],[-83.293,45.04],[-83.279,45.047],[-83.302,45.062],[-83.316,45.093],[-83.32,45.139],[-83.331,45.164],[-83.349,45.169],[-83.396,45.221],[-83.403,45.248],[-83.397,45.274],[-83.415,45.299],[-83.479,45.339],[-83.594,45.379],[-83.869,45.456],[-83.918,45.486],[-83.986,45.504],[-84.073,45.509],[-84.128,45.532],[-84.151,45.574],[-84.189,45.611],[-84.242,45.644],[-84.326,45.666],[-84.441,45.676],[-84.563,45.712],[-84.691,45.774],[-84.763,45.792],[-84.757,45.863],[-84.727,45.861],[-84.713,45.871],[-84.713,45.882],[-84.725,45.895],[-84.717,45.944],[-84.725,45.958],[-84.675,46.033],[-84.632,46.053],[-84.581,46.046],[-84.55,46.029],[-84.537,46.004],[-84.521,45.995],[-84.473,45.99],[-84.447,46.006],[-84.341,46],[-83.979,45.962],[-83.929,45.968],[-83.901,45.981],[-83.894,46.001],[-83.917,46.021],[-84.012,46.061],[-84.041,46.088],[-84.048,46.114],[-84.035,46.137],[-84.055,46.159],[-84.109,46.178],[-84.227,46.184],[-84.248,46.203],[-84.238,46.222],[-84.204,46.247],[-84.202,46.283],[-84.229,46.366],[-84.255,46.408],[-84.327,46.491],[-84.358,46.505],[-84.344,46.531]],[[-83.345,45.993],[-83.392,45.988],[-83.437,45.963],[-83.467,45.936],[-83.48,45.907],[-83.453,45.884],[-83.387,45.869],[-83.332,45.88],[-83.269,45.947],[-83.271,45.961],[-83.345,45.993]],[[-83.529,46.024],[-83.58,46.08],[-83.608,46.097],[-83.684,46.106],[-83.699,46.096],[-83.68,46.07],[-83.683,46.057],[-83.715,46.038],[-83.775,46.011],[-83.82,46.005],[-83.851,46.019],[-83.871,46.017],[-83.875,45.991],[-83.823,45.956],[-83.731,45.943],[-83.588,45.941],[-83.518,45.958],[-83.494,45.991],[-83.503,46.013],[-83.529,46.024]],[[-83.829,46.148],[-83.808,46.167],[-83.795,46.214],[-83.822,46.253],[-83.891,46.284],[-83.971,46.303],[-84.061,46.31],[-84.097,46.288],[-84.078,46.236],[-84.039,46.177],[-83.979,46.109],[-83.93,46.092],[-83.907,46.097],[-83.887,46.119],[-83.876,46.148],[-83.856,46.157],[-83.829,46.148]],[[-84.169,46.324],[-84.188,46.323],[-84.196,46.303],[-84.185,46.279],[-84.135,46.24],[-84.121,46.246],[-84.12,46.285],[-84.137,46.306],[-84.169,46.324]],[[-84.133,46.341],[-84.133,46.362],[-84.164,46.41],[-84.165,46.457],[-84.137,46.503],[-84.142,46.531],[-84.18,46.542],[-84.216,46.536],[-84.274,46.488],[-84.235,46.445],[-84.209,46.384],[-84.189,46.36],[-84.163,46.346],[-84.133,46.341]],[[-84.429,45.807],[-84.557,45.82],[-84.563,45.804],[-84.487,45.754],[-84.441,45.734],[-84.412,45.736],[-84.39,45.747],[-84.375,45.765],[-84.38,45.788],[-84.417,45.814],[-84.429,45.807]],[[-82.962,45.833],[-82.937,45.811],[-82.736,45.797],[-82.626,45.772],[-82.51,45.727],[-82.409,45.698],[-82.323,45.684],[-82.256,45.66],[-82.208,45.627],[-82.091,45.591],[-82.076,45.57],[-82.055,45.561],[-82.029,45.566],[-81.821,45.692],[-81.76,45.698],[-81.76,45.685],[-81.865,45.611],[-81.922,45.604],[-81.977,45.57],[-81.977,45.561],[-81.946,45.566],[-81.914,45.557],[-81.881,45.535],[-81.828,45.547],[-81.755,45.591],[-81.686,45.657],[-81.593,45.792],[-81.601,45.801],[-81.685,45.801],[-81.699,45.815],[-81.673,45.845],[-81.665,45.872],[-81.675,45.896],[-81.698,45.894],[-81.735,45.864],[-81.763,45.821],[-81.796,45.74],[-81.804,45.743],[-81.838,45.788],[-81.842,45.823],[-81.828,45.862],[-81.841,45.885],[-81.879,45.892],[-81.897,45.91],[-81.895,45.939],[-81.909,45.962],[-81.939,45.979],[-81.987,45.977],[-82.055,45.955],[-82.106,45.919],[-82.143,45.869],[-82.175,45.871],[-82.205,45.924],[-82.236,45.946],[-82.268,45.936],[-82.288,45.945],[-82.295,45.973],[-82.332,45.982],[-82.401,45.971],[-82.444,45.955],[-82.463,45.934],[-82.481,45.93],[-82.498,45.944],[-82.527,45.939],[-82.569,45.914],[-82.58,45.896],[-82.556,45.87],[-82.56,45.86],[-82.52,45.849],[-82.515,45.833],[-82.531,45.806],[-82.554,45.807],[-82.583,45.837],[-82.608,45.848],[-82.627,45.839],[-82.645,45.843],[-82.66,45.86],[-82.691,45.863],[-82.737,45.852],[-82.765,45.858],[-82.774,45.88],[-82.793,45.898],[-82.823,45.91],[-82.832,45.936],[-82.821,45.977],[-82.845,45.99],[-82.905,45.978],[-82.945,45.963],[-82.965,45.945],[-82.996,45.943],[-83.035,45.957],[-83.069,45.955],[-83.097,45.935],[-83.125,45.938],[-83.151,45.963],[-83.176,45.969],[-83.201,45.955],[-83.216,45.933],[-83.222,45.902],[-83.16,45.875],[-82.962,45.833]],[[-81.713,45.526],[-81.735,45.531],[-81.829,45.498],[-81.837,45.484],[-81.833,45.473],[-81.815,45.463],[-81.788,45.466],[-81.727,45.5],[-81.713,45.526]],[[-80.173,44.796],[-80.158,44.848],[-80.171,44.865],[-80.216,44.872],[-80.236,44.865],[-80.233,44.843],[-80.216,44.823],[-80.173,44.796]]]}},{"type":"Feature","properties":{"name":"Lago Madre","rank":0},"geometry":{"type":"Polygon","coordinates":[[[-97.427,25.354],[-97.537,25.082],[-97.687,24.476],[-97.72,24.255],[-97.758,23.915],[-97.765,23.917],[-97.775,24.082],[-97.759,24.159],[-97.741,24.391],[-97.768,24.436],[-97.805,24.444],[-97.828,24.477],[-97.833,24.517],[-97.824,24.544],[-97.8,24.546],[-97.742,24.502],[-97.725,24.501],[-97.689,24.663],[-97.7,24.709],[-97.703,24.845],[-97.643,24.908],[-97.655,24.937],[-97.707,24.966],[-97.729,24.994],[-97.699,25.159],[-97.7,25.201],[-97.706,25.225],[-97.754,25.257],[-97.721,25.288],[-97.68,25.346],[-97.654,25.365],[-97.643,25.364],[-97.611,25.326],[-97.576,25.312],[-97.543,25.312],[-97.531,25.327],[-97.518,25.435],[-97.508,25.447],[-97.473,25.44],[-97.438,25.406],[-97.427,25.354]]]}},{"type":"Feature","properties":{"name":"Wollaston Lake","rank":0},"geometry":{"type":"Polygon","coordinates":[[[-102.837,58.33],[-102.862,58.318],[-102.911,58.323],[-102.948,58.306],[-102.982,58.275],[-103.001,58.243],[-102.983,58.22],[-102.939,58.198],[-102.941,58.173],[-103.056,58.124],[-103.102,58.134],[-103.231,58.081],[-103.259,58.053],[-103.281,57.984],[-103.281,57.897],[-103.269,57.87],[-103.245,57.851],[-103.218,57.844],[-103.211,57.828],[-103.269,57.738],[-103.33,57.697],[-103.36,57.695],[-103.347,57.729],[-103.306,57.778],[-103.314,57.828],[-103.359,57.861],[-103.469,57.877],[-103.559,57.869],[-103.728,57.796],[-103.794,57.777],[-103.829,57.779],[-103.832,57.794],[-103.796,57.823],[-103.656,57.919],[-103.67,57.939],[-103.777,57.932],[-103.803,57.947],[-103.793,57.964],[-103.673,58.037],[-103.672,58.054],[-103.682,58.078],[-103.709,58.102],[-103.706,58.127],[-103.654,58.173],[-103.619,58.234],[-103.613,58.267],[-103.619,58.283],[-103.662,58.284],[-103.627,58.348],[-103.61,58.409],[-103.55,58.455],[-103.495,58.462],[-103.384,58.432],[-103.239,58.472],[-103.223,58.485],[-103.221,58.525],[-103.205,58.544],[-103.185,58.552],[-103.141,58.533],[-102.952,58.533],[-102.946,58.503],[-102.921,58.477],[-102.803,58.412],[-102.791,58.381],[-102.837,58.33]]]}},{"type":"Feature","properties":{"name":"Lake Athabasca","rank":0},"geometry":{"type":"Polygon","coordinates":[[[-109.233,59.127],[-109.279,59.127],[-109.453,59.083],[-109.886,59.006],[-110.074,58.949],[-110.276,58.86],[-110.336,58.826],[-110.403,58.768],[-110.44,58.716],[-110.435,58.699],[-110.37,58.676],[-110.376,58.644],[-110.411,58.631],[-110.673,58.63],[-110.747,58.614],[-110.777,58.583],[-110.787,58.546],[-110.812,58.512],[-110.839,58.511],[-110.877,58.629],[-110.903,58.631],[-110.944,58.621],[-110.99,58.594],[-111.036,58.522],[-111.075,58.505],[-111.107,58.547],[-111.11,58.572],[-111.098,58.616],[-111.262,58.703],[-111.295,58.729],[-111.301,58.756],[-111.28,58.788],[-111.194,58.788],[-111.15,58.775],[-111.161,58.739],[-111.125,58.735],[-111.019,58.764],[-110.872,58.837],[-110.612,59.041],[-110.483,59.11],[-110.352,59.156],[-110.035,59.297],[-109.875,59.357],[-109.835,59.389],[-109.777,59.413],[-109.799,59.433],[-109.801,59.445],[-109.705,59.504],[-109.623,59.543],[-109.547,59.57],[-109.398,59.597],[-109.26,59.6],[-109.172,59.587],[-109.036,59.498],[-108.828,59.51],[-108.795,59.504],[-108.863,59.406],[-108.857,59.387],[-108.748,59.387],[-108.538,59.435],[-108.219,59.473],[-107.953,59.434],[-107.558,59.396],[-107.239,59.348],[-106.021,59.29],[-106.018,59.271],[-106.042,59.252],[-106.71,59.263],[-107.205,59.284],[-107.452,59.304],[-107.589,59.292],[-107.606,59.3],[-107.626,59.331],[-107.708,59.34],[-107.734,59.336],[-107.757,59.32],[-107.786,59.288],[-107.819,59.229],[-107.837,59.216],[-107.958,59.204],[-108.211,59.161],[-108.75,59.12],[-108.942,59.115],[-109.103,59.098],[-109.163,59.102],[-109.233,59.127]]]}},{"type":"Feature","properties":{"name":"Lake Mistassini","rank":0},"geometry":{"type":"Polygon","coordinates":[[[-72.9,51.146],[-72.988,51.104],[-73.114,50.997],[-73.459,50.793],[-73.458,50.814],[-73.394,50.893],[-73.262,50.977],[-73.189,51.069],[-73.151,51.07],[-73.132,51.09],[-73.129,51.106],[-73.143,51.145],[-73.151,51.156],[-73.173,51.158],[-73.293,51.077],[-73.396,50.994],[-73.573,50.835],[-73.599,50.825],[-73.631,50.824],[-73.8,50.595],[-73.817,50.499],[-73.81,50.452],[-73.788,50.39],[-73.807,50.388],[-73.832,50.413],[-73.843,50.406],[-73.837,50.341],[-73.8,50.236],[-73.818,50.211],[-73.904,50.162],[-74.008,50.12],[-74.076,50.043],[-74.152,50.038],[-74.22,50.058],[-74.2,50.076],[-74.098,50.092],[-74.013,50.178],[-73.879,50.218],[-73.828,50.249],[-73.836,50.276],[-73.88,50.297],[-73.896,50.327],[-73.899,50.352],[-73.878,50.381],[-73.839,50.639],[-73.887,50.59],[-73.916,50.544],[-73.926,50.514],[-73.919,50.474],[-73.932,50.458],[-74.002,50.478],[-74.105,50.399],[-74.132,50.403],[-73.954,50.722],[-73.845,50.888],[-73.856,50.898],[-73.911,50.897],[-73.916,50.91],[-73.89,50.954],[-73.905,50.963],[-73.892,50.981],[-73.641,51.078],[-73.378,51.24],[-73.067,51.39],[-72.986,51.397],[-72.984,51.378],[-73.067,51.317],[-73.04,51.309],[-72.89,51.354],[-72.811,51.361],[-72.792,51.353],[-72.8,51.335],[-72.851,51.305],[-73.067,51.206],[-73.092,51.178],[-73.072,51.16],[-73.041,51.154],[-72.811,51.244],[-72.723,51.254],[-72.69,51.241],[-72.719,51.217],[-72.9,51.146]]]}},{"type":"Feature","properties":{"name":"Lake of the Woods","rank":0},"geometry":{"type":"Polygon","coordinates":[[[-94.052,49.373],[-94.041,49.358],[-94.047,49.268],[-94.065,49.238],[-94.119,49.206],[-94.129,49.21],[-94.115,49.231],[-94.109,49.263],[-94.182,49.33],[-94.221,49.394],[-94.278,49.407],[-94.251,49.457],[-94.254,49.471],[-94.365,49.483],[-94.646,49.445],[-94.745,49.409],[-94.77,49.393],[-94.79,49.353],[-94.778,49.34],[-94.64,49.354],[-94.609,49.345],[-94.577,49.298],[-94.464,49.232],[-94.354,49.266],[-94.303,49.253],[-94.272,49.227],[-94.267,49.194],[-94.24,49.181],[-94.099,49.167],[-94.074,49.155],[-94.117,49.126],[-94.197,49.096],[-94.265,49.114],[-94.31,49.104],[-94.324,49.071],[-94.537,48.945],[-94.713,48.863],[-94.818,48.868],[-94.916,48.926],[-95.003,48.964],[-95.037,48.959],[-95.179,48.897],[-95.274,48.886],[-95.313,48.928],[-95.315,48.97],[-95.267,49.029],[-95.266,49.06],[-95.277,49.105],[-95.261,49.137],[-95.199,49.166],[-95.085,49.176],[-94.983,49.195],[-94.936,49.24],[-94.941,49.321],[-95.009,49.342],[-95.014,49.368],[-94.941,49.4],[-94.909,49.437],[-94.822,49.512],[-94.691,49.561],[-94.645,49.603],[-94.65,49.621],[-94.688,49.626],[-94.745,49.616],[-94.796,49.599],[-94.911,49.526],[-94.985,49.497],[-95.107,49.463],[-95.139,49.472],[-95.116,49.543],[-95.152,49.622],[-95.099,49.639],[-95.008,49.635],[-94.962,49.621],[-94.973,49.584],[-94.958,49.575],[-94.926,49.576],[-94.888,49.585],[-94.84,49.613],[-94.87,49.663],[-94.823,49.69],[-94.588,49.724],[-94.56,49.764],[-94.576,49.807],[-94.678,49.953],[-94.659,49.974],[-94.615,49.993],[-94.588,49.988],[-94.539,49.931],[-94.53,49.853],[-94.451,49.738],[-94.346,49.724],[-94.312,49.685],[-94.332,49.639],[-94.314,49.6],[-94.362,49.576],[-94.368,49.563],[-94.302,49.515],[-94.173,49.497],[-94.134,49.448],[-94.144,49.427],[-94.052,49.373]],[[-94.702,49.191],[-94.787,49.192],[-94.784,49.17],[-94.731,49.092],[-94.657,49.09],[-94.631,49.056],[-94.594,49.036],[-94.528,49.041],[-94.506,49.118],[-94.446,49.179],[-94.448,49.202],[-94.515,49.215],[-94.621,49.191],[-94.702,49.191]]]}},{"type":"Feature","properties":{"name":"Lake Nipigon","rank":0},"geometry":{"type":"Polygon","coordinates":[[[-88.03,49.961],[-88.106,49.934],[-88.145,49.912],[-88.143,49.895],[-88.108,49.868],[-88.129,49.785],[-88.112,49.711],[-88.134,49.635],[-88.166,49.58],[-88.159,49.507],[-88.18,49.466],[-88.305,49.459],[-88.368,49.434],[-88.406,49.389],[-88.439,49.394],[-88.467,49.443],[-88.494,49.463],[-88.513,49.514],[-88.542,49.549],[-88.552,49.544],[-88.547,49.488],[-88.563,49.462],[-88.622,49.428],[-88.773,49.458],[-88.786,49.488],[-88.71,49.587],[-88.59,49.608],[-88.587,49.628],[-88.607,49.647],[-88.744,49.631],[-88.786,49.567],[-88.823,49.54],[-88.869,49.521],[-88.96,49.501],[-89,49.529],[-89.019,49.568],[-89.016,49.583],[-88.96,49.56],[-88.92,49.56],[-88.907,49.579],[-88.906,49.618],[-88.929,49.694],[-88.93,49.755],[-88.956,49.756],[-89.008,49.714],[-89.045,49.726],[-89.092,49.776],[-89.087,49.804],[-89.069,49.824],[-89.004,49.787],[-88.949,49.81],[-88.941,49.82],[-88.95,49.855],[-88.945,49.88],[-88.888,49.933],[-88.905,50.023],[-88.893,50.057],[-88.769,50.213],[-88.705,50.254],[-88.639,50.277],[-88.551,50.239],[-88.465,50.238],[-88.356,50.162],[-88.315,50.148],[-88.288,50.15],[-88.278,50.159],[-88.288,50.178],[-88.34,50.226],[-88.415,50.265],[-88.421,50.289],[-88.384,50.291],[-88.344,50.275],[-88.199,50.188],[-88.171,50.135],[-88.172,50.113],[-88.204,50.111],[-88.215,50.096],[-88.222,50.059],[-88.218,50.027],[-88.235,49.991],[-88.213,49.993],[-88.169,50.028],[-88.133,50.035],[-88.084,50.001],[-88.033,49.979],[-88.03,49.961]],[[-88.554,50.022],[-88.554,50.036],[-88.59,50.047],[-88.63,50.044],[-88.639,49.985],[-88.654,49.95],[-88.747,49.879],[-88.748,49.868],[-88.716,49.85],[-88.676,49.85],[-88.588,49.805],[-88.582,49.816],[-88.59,49.836],[-88.636,49.897],[-88.636,49.916],[-88.625,49.951],[-88.567,49.997],[-88.554,50.022]],[[-88.385,49.647],[-88.374,49.689],[-88.393,49.7],[-88.489,49.66],[-88.49,49.612],[-88.399,49.617],[-88.385,49.647]]]}},{"type":"Feature","properties":{"name":"Reindeer Lake","rank":0},"geometry":{"type":"Polygon","coordinates":[[[-101.724,57.91],[-101.678,57.918],[-101.544,57.92],[-101.533,57.88],[-101.543,57.816],[-101.63,57.757],[-101.735,57.647],[-101.828,57.579],[-102.048,57.484],[-102.106,57.427],[-102.094,57.368],[-101.888,57.305],[-101.836,57.27],[-101.864,57.25],[-101.957,57.239],[-102.032,57.191],[-102.048,57.114],[-101.999,57.054],[-101.962,57.025],[-102.041,56.965],[-102.127,56.915],[-102.177,56.864],[-102.313,56.838],[-102.34,56.81],[-102.398,56.697],[-102.437,56.658],[-102.439,56.627],[-102.465,56.608],[-102.885,56.473],[-102.927,56.441],[-102.938,56.402],[-102.977,56.369],[-103.044,56.38],[-103.087,56.419],[-103.137,56.414],[-103.201,56.358],[-103.232,56.309],[-103.241,56.278],[-103.272,56.277],[-103.288,56.304],[-103.257,56.475],[-103.298,56.496],[-103.293,56.543],[-103.241,56.574],[-103.192,56.555],[-103.153,56.62],[-103.129,56.764],[-103.106,56.853],[-103.069,56.849],[-103.08,56.677],[-103.051,56.569],[-102.978,56.562],[-102.862,56.683],[-102.794,56.709],[-102.732,56.716],[-102.692,56.742],[-102.677,56.773],[-102.625,56.787],[-102.57,56.83],[-102.544,56.93],[-102.554,56.998],[-102.584,57.046],[-102.742,57.101],[-102.693,57.21],[-102.721,57.245],[-102.789,57.283],[-102.852,57.299],[-102.919,57.295],[-102.933,57.364],[-102.89,57.451],[-102.694,57.564],[-102.674,57.597],[-102.693,57.637],[-102.692,57.688],[-102.523,57.73],[-102.44,57.799],[-102.205,57.931],[-102.149,57.993],[-102.151,58.038],[-102.052,58.107],[-101.991,58.088],[-102.013,58.003],[-101.971,57.963],[-101.913,57.991],[-101.868,58.054],[-101.819,58.065],[-101.803,58.02],[-101.847,57.898],[-101.846,57.866],[-101.815,57.843],[-101.733,57.873],[-101.724,57.91]]]}},{"type":"Feature","properties":{"name":"Oneida Lake","rank":0},"geometry":{"type":"Polygon","coordinates":[[[-75.75,43.226],[-75.733,43.206],[-75.8,43.181],[-75.959,43.177],[-76.096,43.238],[-76.096,43.254],[-76.06,43.263],[-75.861,43.248],[-75.75,43.226]]]}},{"type":"Feature","properties":{"name":"Iliamna Lake","rank":0},"geometry":{"type":"Polygon","coordinates":[[[-153.971,59.769],[-154.109,59.718],[-154.23,59.687],[-154.371,59.665],[-154.534,59.628],[-154.563,59.592],[-154.555,59.548],[-154.579,59.503],[-154.583,59.474],[-154.614,59.451],[-154.907,59.432],[-155.743,59.335],[-155.881,59.377],[-155.914,59.456],[-155.846,59.538],[-155.26,59.662],[-154.993,59.705],[-154.328,59.791],[-153.971,59.769]]]}},{"type":"Feature","properties":{"name":null,"rank":0},"geometry":{"type":"Polygon","coordinates":[[[-155.961,57.87],[-156.021,57.837],[-156.021,57.812],[-155.996,57.793],[-155.993,57.763],[-156.04,57.705],[-156.13,57.64],[-156.159,57.633],[-156.127,57.689],[-156.115,57.749],[-156.161,57.797],[-156.678,57.888],[-156.832,57.931],[-156.884,57.999],[-156.817,58.067],[-156.638,58.086],[-156.279,58.006],[-155.976,57.909],[-155.961,57.87]]]}},{"type":"Feature","properties":{"name":"Lake Tahoe","rank":0},"geometry":{"type":"Polygon","coordinates":[[[-119.943,39.025],[-119.966,38.957],[-120.033,38.945],[-120.081,38.971],[-120.113,39.06],[-120.139,39.091],[-120.132,39.143],[-120.059,39.221],[-119.962,39.254],[-119.936,39.254],[-119.918,39.207],[-119.943,39.025]]]}},{"type":"Feature","properties":{"name":"Lake Winnebago","rank":0},"geometry":{"type":"Polygon","coordinates":[[[-88.325,44.068],[-88.334,43.938],[-88.431,43.808],[-88.465,43.813],[-88.519,44.029],[-88.484,44.11],[-88.418,44.195],[-88.358,44.196],[-88.321,44.18],[-88.325,44.068]]]}},{"type":"Feature","properties":{"name":"Nettilling Lake","rank":0},"geometry":{"type":"Polygon","coordinates":[[[-71.438,66.596],[-71.421,66.628],[-71.373,66.663],[-71.331,66.726],[-71.209,66.862],[-71.194,66.945],[-71.227,67.001],[-71.174,67.028],[-71.001,67.02],[-70.826,66.994],[-70.737,66.923],[-70.63,66.868],[-70.611,66.832],[-70.569,66.794],[-70.463,66.753],[-70.353,66.737],[-70.288,66.748],[-69.945,66.688],[-69.736,66.628],[-69.49,66.581],[-69.466,66.547],[-69.527,66.503],[-69.646,66.476],[-69.646,66.442],[-69.423,66.429],[-69.347,66.449],[-69.253,66.451],[-69.221,66.406],[-69.34,66.335],[-69.471,66.29],[-69.511,66.268],[-69.557,66.212],[-69.585,66.203],[-69.636,66.219],[-69.648,66.246],[-69.684,66.243],[-69.732,66.22],[-69.742,66.205],[-69.77,66.203],[-69.89,66.254],[-69.975,66.258],[-70.376,66.195],[-70.582,66.289],[-70.619,66.282],[-70.677,66.226],[-70.71,66.204],[-70.851,66.156],[-71.104,65.991],[-71.226,65.954],[-71.311,65.969],[-71.321,65.987],[-71.221,66.024],[-71.179,66.083],[-71.194,66.151],[-71.145,66.215],[-71.147,66.29],[-71.127,66.331],[-71.163,66.372],[-71.231,66.418],[-71.306,66.515],[-71.438,66.596]]]}},{"type":"Feature","properties":{"name":"Dubawnt Lake","rank":0},"geometry":{"type":"Polygon","coordinates":[[[-101.935,63.221],[-101.807,63.267],[-101.749,63.337],[-101.688,63.37],[-101.635,63.375],[-101.583,63.397],[-101.584,63.428],[-101.548,63.456],[-101.457,63.443],[-101.396,63.418],[-101.365,63.397],[-101.319,63.394],[-101.293,63.415],[-101.332,63.467],[-101.276,63.491],[-101.137,63.43],[-101.081,63.439],[-101.061,63.46],[-101.008,63.463],[-100.902,63.53],[-100.856,63.52],[-100.799,63.54],[-100.706,63.546],[-100.644,63.468],[-100.673,63.373],[-100.77,63.319],[-100.823,63.297],[-100.864,63.294],[-100.983,63.303],[-101.041,63.292],[-101.06,63.268],[-101.064,63.243],[-101.113,63.171],[-101.104,63.102],[-101.061,63.06],[-101.007,63.052],[-100.884,63.007],[-100.884,62.956],[-101.028,62.896],[-101.059,62.858],[-101.023,62.803],[-101.028,62.761],[-101.138,62.713],[-101.29,62.666],[-101.382,62.683],[-101.392,62.721],[-101.354,62.766],[-101.322,62.828],[-101.33,62.891],[-101.381,62.928],[-101.414,62.911],[-101.434,62.845],[-101.499,62.74],[-101.512,62.675],[-101.529,62.664],[-101.554,62.684],[-101.553,62.723],[-101.59,62.776],[-101.673,62.797],[-101.755,62.801],[-101.823,62.881],[-101.916,62.877],[-101.989,62.887],[-102.035,62.925],[-102.048,63.004],[-102.097,63.076],[-102.174,63.122],[-102.16,63.165],[-102.079,63.194],[-101.935,63.221]]]}},{"type":"Feature","properties":{"name":"Baker Lake","rank":0},"geometry":{"type":"Polygon","coordinates":[[[-94.626,64.159],[-94.247,64.124],[-94.225,64.076],[-94.312,64.012],[-94.455,63.996],[-94.624,64.031],[-94.86,64.066],[-95.299,64.079],[-95.502,64.058],[-95.784,64.056],[-95.946,64.127],[-96.227,64.193],[-96.273,64.301],[-96.203,64.325],[-95.251,64.274],[-95.037,64.239],[-94.65,64.197],[-94.626,64.159]]]}},{"type":"Feature","properties":{"name":"Lake Champlain","rank":0},"geometry":{"type":"Polygon","coordinates":[[[-73.373,44.148],[-73.405,44.054],[-73.356,43.781],[-73.368,43.757],[-73.403,43.866],[-73.43,44.005],[-73.447,44.031],[-73.451,44.083],[-73.444,44.193],[-73.354,44.281],[-73.377,44.393],[-73.4,44.431],[-73.444,44.638],[-73.4,44.775],[-73.383,44.936],[-73.347,45.018],[-73.324,45.029],[-73.296,44.914],[-73.285,44.913],[-73.255,44.942],[-73.204,45.022],[-73.147,45.073],[-73.104,45.078],[-73.088,45.046],[-73.111,45.009],[-73.163,44.985],[-73.193,44.957],[-73.173,44.919],[-73.214,44.586],[-73.227,44.563],[-73.263,44.542],[-73.256,44.507],[-73.229,44.493],[-73.228,44.445],[-73.236,44.433],[-73.248,44.437],[-73.271,44.397],[-73.288,44.32],[-73.373,44.148]]]}},{"type":"Feature","properties":{"name":"Salton Sea","rank":0},"geometry":{"type":"Polygon","coordinates":[[[-115.612,33.274],[-115.616,33.223],[-115.698,33.138],[-115.789,33.147],[-115.911,33.303],[-116.062,33.433],[-116.053,33.502],[-116.01,33.522],[-115.948,33.519],[-115.884,33.452],[-115.66,33.321],[-115.612,33.274]]]}},{"type":"Feature","properties":{"name":"Lac la Martre","rank":0},"geometry":{"type":"Polygon","coordinates":[[[-117.319,63.209],[-117.306,63.185],[-117.36,63.146],[-117.554,63.113],[-117.738,63.113],[-117.785,63.133],[-118.107,63.223],[-118.137,63.25],[-118.201,63.283],[-118.467,63.31],[-118.627,63.337],[-118.628,63.375],[-118.564,63.428],[-118.344,63.513],[-118.1,63.57],[-118.001,63.544],[-117.915,63.466],[-117.764,63.404],[-117.575,63.372],[-117.57,63.358],[-117.47,63.305],[-117.435,63.298],[-117.319,63.209]]]}},{"type":"Feature","properties":{"name":"Lac Saint-Jean","rank":0},"geometry":{"type":"Polygon","coordinates":[[[-72.055,48.454],[-72.165,48.481],[-72.242,48.575],[-72.306,48.619],[-72.331,48.669],[-72.291,48.733],[-72.158,48.755],[-72,48.724],[-71.846,48.659],[-71.776,48.61],[-71.781,48.518],[-71.823,48.475],[-71.924,48.444],[-72.055,48.454]]]}},{"type":"Feature","properties":{"name":"Keuka L.","rank":1},"geometry":{"type":"Polygon","coordinates":[[[-77.058,42.644],[-77.107,42.521],[-77.191,42.425],[-77.203,42.437],[-77.148,42.568],[-77.113,42.569],[-77.077,42.648],[-77.058,42.644]]]}},{"type":"Feature","properties":{"name":"Seneca Lake","rank":4},"geometry":{"type":"Polygon","coordinates":[[[-76.879,42.416],[-76.91,42.459],[-76.918,42.591],[-76.954,42.73],[-76.97,42.878],[-76.954,42.87],[-76.882,42.683],[-76.879,42.416]]]}},{"type":"Feature","properties":{"name":"Cayuga Lake","rank":0},"geometry":{"type":"Polygon","coordinates":[[[-76.52,42.501],[-76.528,42.489],[-76.586,42.547],[-76.667,42.603],[-76.773,42.778],[-76.751,42.925],[-76.735,42.943],[-76.701,42.758],[-76.665,42.668],[-76.52,42.501]]]}},{"type":"Feature","properties":{"name":"Cree Lake","rank":0},"geometry":{"type":"Polygon","coordinates":[[[-106.258,57.696],[-106.181,57.681],[-106.11,57.655],[-106.114,57.595],[-106.106,57.56],[-106.087,57.535],[-106.097,57.507],[-106.095,57.465],[-106.14,57.414],[-106.254,57.374],[-106.374,57.369],[-106.541,57.326],[-106.608,57.337],[-106.698,57.327],[-106.764,57.356],[-106.804,57.356],[-106.884,57.321],[-106.97,57.254],[-107.035,57.229],[-107.079,57.224],[-107.091,57.236],[-107.073,57.326],[-107.083,57.361],[-107.028,57.426],[-107.064,57.457],[-107.069,57.476],[-107.018,57.477],[-106.924,57.462],[-106.831,57.49],[-106.655,57.597],[-106.422,57.649],[-106.316,57.705],[-106.28,57.713],[-106.258,57.696]]]}},{"type":"Feature","properties":{"name":null,"rank":0},"geometry":{"type":"Polygon","coordinates":[[[-99.606,62.959],[-99.348,63.173],[-99.298,63.187],[-99.303,63.155],[-99.332,63.1],[-99.304,63.048],[-99.159,62.991],[-99.142,62.929],[-99.24,62.873],[-99.386,62.817],[-99.573,62.807],[-99.73,62.819],[-99.762,62.848],[-99.764,62.873],[-99.606,62.959]]]}},{"type":"Feature","properties":{"name":"Kasba Lake","rank":0},"geometry":{"type":"Polygon","coordinates":[[[-102.549,60.322],[-102.485,60.314],[-102.379,60.368],[-102.315,60.424],[-102.367,60.443],[-102.437,60.5],[-102.434,60.585],[-102.352,60.633],[-102.261,60.649],[-102.215,60.615],[-102.177,60.561],[-102.158,60.512],[-102.108,60.457],[-101.998,60.375],[-101.886,60.238],[-101.849,60.112],[-101.878,60.037],[-101.885,59.983],[-101.983,60.01],[-101.988,59.965],[-102.023,59.929],[-102.085,60.019],[-102.275,60.211],[-102.382,60.25],[-102.477,60.236],[-102.588,60.246],[-102.6,60.309],[-102.549,60.322]]]}},{"type":"Feature","properties":{"name":null,"rank":0},"geometry":{"type":"Polygon","coordinates":[[[-90.425,30.274],[-90.467,30.198],[-90.537,30.179],[-90.574,30.197],[-90.58,30.235],[-90.557,30.284],[-90.493,30.348],[-90.433,30.326],[-90.425,30.274]]]}},{"type":"Feature","properties":{"name":"Lac-à-l'Eau-Claire","rank":0},"geometry":{"type":"Polygon","coordinates":[[[-73.99,56.026],[-74.07,55.975],[-74.228,55.946],[-74.221,55.935],[-74.249,55.938],[-74.276,55.951],[-74.231,55.985],[-74.336,56.024],[-74.732,56.091],[-74.8,56.137],[-74.825,56.214],[-74.819,56.273],[-74.771,56.308],[-74.664,56.336],[-74.477,56.318],[-74.312,56.262],[-74.248,56.161],[-74.161,56.144],[-74.054,56.137],[-73.985,56.097],[-73.99,56.026]]]}},{"type":"Feature","properties":{"name":"Lake Nipissing","rank":0},"geometry":{"type":"Polygon","coordinates":[[[-80.447,46.282],[-80.409,46.29],[-80.346,46.286],[-80.314,46.264],[-80.253,46.249],[-80.147,46.258],[-80.118,46.277],[-80.143,46.302],[-80.125,46.324],[-80.053,46.346],[-79.856,46.34],[-79.653,46.358],[-79.494,46.311],[-79.436,46.235],[-79.487,46.184],[-79.573,46.166],[-79.772,46.213],[-79.876,46.193],[-79.986,46.161],[-80.006,46.166],[-79.991,46.199],[-80.015,46.232],[-80.063,46.244],[-80.293,46.225],[-80.447,46.282]]]}},{"type":"Feature","properties":{"name":null,"rank":0},"geometry":{"type":"Polygon","coordinates":[[[-76.547,56.164],[-76.417,56.306],[-76.397,56.345],[-76.42,56.365],[-76.425,56.389],[-76.391,56.499],[-76.366,56.55],[-76.341,56.531],[-76.305,56.468],[-76.245,56.423],[-76.234,56.397],[-76.275,56.379],[-76.205,56.322],[-75.939,56.191],[-75.935,56.174],[-75.953,56.145],[-76.147,56.127],[-76.446,56.139],[-76.547,56.164]]]}},{"type":"Feature","properties":{"name":"Rés. de La Grande 3","rank":0},"geometry":{"type":"Polygon","coordinates":[[[-76.088,53.666],[-76.1,53.737],[-76.036,53.737],[-75.93,53.766],[-75.902,53.791],[-75.912,53.813],[-75.85,53.855],[-75.552,53.892],[-75.292,53.897],[-75.241,53.843],[-75.184,53.82],[-74.799,53.893],[-74.734,53.896],[-74.725,53.857],[-74.82,53.838],[-74.889,53.794],[-75.049,53.753],[-75.27,53.709],[-75.265,53.684],[-74.943,53.672],[-74.771,53.654],[-74.593,53.667],[-74.456,53.701],[-74.433,53.685],[-74.461,53.663],[-74.679,53.609],[-74.807,53.605],[-74.935,53.578],[-75.027,53.576],[-74.998,53.622],[-75.034,53.639],[-75.12,53.623],[-75.238,53.619],[-75.633,53.638],[-75.658,53.62],[-75.614,53.602],[-75.601,53.582],[-75.632,53.538],[-75.716,53.497],[-75.934,53.465],[-76.102,53.475],[-76.124,53.523],[-76.064,53.569],[-75.945,53.624],[-75.907,53.653],[-75.945,53.686],[-76.088,53.666]]]}},{"type":"Feature","properties":{"name":"Rés. de La Grande 2","rank":0},"geometry":{"type":"Polygon","coordinates":[[[-76.1,53.737],[-76.088,53.666],[-76.36,53.63],[-76.385,53.596],[-76.515,53.557],[-76.839,53.499],[-77.187,53.493],[-77.223,53.515],[-77.29,53.523],[-77.397,53.521],[-77.488,53.56],[-77.493,53.607],[-77.465,53.638],[-77.511,53.651],[-77.621,53.659],[-77.685,53.679],[-77.612,53.722],[-77.42,53.798],[-77.341,53.811],[-77.288,53.791],[-77.016,53.821],[-76.902,53.847],[-76.766,53.91],[-76.731,53.977],[-76.888,54.057],[-76.868,54.072],[-76.84,54.088],[-76.66,54.026],[-76.618,54.033],[-76.602,54.055],[-76.509,54.048],[-76.471,54.059],[-76.472,54.082],[-76.573,54.14],[-76.557,54.157],[-76.368,54.188],[-76.329,54.162],[-76.264,54.136],[-76.202,54.139],[-76.191,54.153],[-76.15,54.143],[-76.105,54.116],[-76.183,54.103],[-76.255,54.073],[-76.304,53.963],[-76.349,53.946],[-76.433,53.898],[-76.487,53.851],[-76.596,53.788],[-76.703,53.75],[-76.75,53.723],[-76.696,53.699],[-76.1,53.737]]]}},{"type":"Feature","properties":{"name":null,"rank":0},"geometry":{"type":"Polygon","coordinates":[[[-156.548,57.766],[-156.604,57.696],[-156.777,57.566],[-156.783,57.533],[-156.768,57.507],[-156.796,57.464],[-156.834,57.443],[-157.019,57.512],[-157.044,57.548],[-157.006,57.566],[-156.893,57.58],[-156.842,57.611],[-156.837,57.653],[-156.716,57.725],[-156.683,57.755],[-156.59,57.785],[-156.548,57.766]]]}},{"type":"Feature","properties":{"name":"Lago Enriquillo","rank":0},"geometry":{"type":"Polygon","coordinates":[[[-71.509,18.47],[-71.537,18.434],[-71.607,18.421],[-71.794,18.494],[-71.777,18.531],[-71.683,18.551],[-71.584,18.514],[-71.509,18.47]]]}},{"type":"Feature","properties":{"name":null,"rank":0},"geometry":{"type":"Polygon","coordinates":[[[-159.665,66.474],[-159.663,66.433],[-159.801,66.43],[-159.945,66.442],[-159.992,66.469],[-160.134,66.52],[-160.115,66.544],[-159.922,66.535],[-159.729,66.512],[-159.665,66.474]]]}},{"type":"Feature","properties":{"name":null,"rank":0},"geometry":{"type":"Polygon","coordinates":[[[-115.062,60.329],[-115.157,60.195],[-115.286,60.16],[-115.294,60.109],[-115.477,60.138],[-115.605,60.173],[-115.879,60.163],[-115.896,60.201],[-115.804,60.254],[-115.531,60.262],[-115.349,60.295],[-115.221,60.337],[-115.11,60.35],[-115.062,60.329]]]}},{"type":"Feature","properties":{"name":"Lake Sakami","rank":0},"geometry":{"type":"Polygon","coordinates":[[[-76.637,53.26],[-76.665,53.221],[-76.692,53.212],[-76.685,53.19],[-76.688,53.17],[-76.784,53.147],[-76.843,53.095],[-76.839,53.034],[-76.799,52.981],[-76.855,52.968],[-76.899,52.995],[-76.938,53.119],[-76.904,53.165],[-76.881,53.216],[-76.892,53.291],[-76.873,53.324],[-76.892,53.345],[-76.844,53.394],[-76.72,53.469],[-76.703,53.444],[-76.703,53.419],[-76.661,53.417],[-76.564,53.485],[-76.515,53.468],[-76.497,53.414],[-76.523,53.379],[-76.637,53.361],[-76.672,53.34],[-76.676,53.314],[-76.656,53.298],[-76.608,53.306],[-76.589,53.289],[-76.637,53.26]]]}},{"type":"Feature","properties":{"name":"Scott Lake","rank":0},"geometry":{"type":"Polygon","coordinates":[[[-105.959,59.998],[-106.019,59.994],[-106.073,59.959],[-106.081,59.892],[-106.055,59.845],[-106.104,59.809],[-106.167,59.808],[-106.195,59.836],[-106.206,59.86],[-106.237,59.862],[-106.259,59.827],[-106.278,59.813],[-106.338,59.805],[-106.375,59.831],[-106.326,59.935],[-106.332,60.022],[-106.398,60.043],[-106.407,60.064],[-106.374,60.087],[-106.308,60.101],[-106.276,60.087],[-106.263,60.061],[-106.228,60.035],[-106.195,60.021],[-106.18,60.035],[-106.153,60.097],[-106.122,60.144],[-106.019,60.192],[-105.873,60.228],[-105.801,60.203],[-105.704,60.184],[-105.77,60.131],[-106.028,60.111],[-106.069,60.083],[-106.046,60.05],[-105.939,60.059],[-105.88,60.038],[-105.875,60.006],[-105.959,59.998]]]}},{"type":"Feature","properties":{"name":null,"rank":0},"geometry":{"type":"Polygon","coordinates":[[[-89.522,52.883],[-89.471,52.897],[-89.434,52.918],[-89.422,52.948],[-89.283,53.006],[-89.123,52.966],[-88.952,52.988],[-89.044,52.87],[-89.151,52.854],[-89.478,52.868],[-89.522,52.883]]]}},{"type":"Feature","properties":{"name":"Yellowstone Lake","rank":0},"geometry":{"type":"Polygon","coordinates":[[[-110.199,44.335],[-110.273,44.319],[-110.328,44.356],[-110.341,44.383],[-110.394,44.391],[-110.39,44.425],[-110.426,44.447],[-110.489,44.437],[-110.531,44.414],[-110.555,44.447],[-110.529,44.471],[-110.45,44.48],[-110.418,44.503],[-110.381,44.556],[-110.327,44.567],[-110.272,44.544],[-110.264,44.447],[-110.202,44.391],[-110.199,44.335]]]}},{"type":"Feature","properties":{"name":"Teshekpuk Lake","rank":0},"geometry":{"type":"Polygon","coordinates":[[[-152.94,70.569],[-153.275,70.518],[-153.656,70.48],[-153.719,70.494],[-153.794,70.487],[-153.926,70.512],[-154.019,70.543],[-154.101,70.598],[-154.174,70.634],[-154.237,70.639],[-154.257,70.661],[-154.161,70.678],[-154.035,70.684],[-153.975,70.679],[-153.938,70.698],[-153.812,70.725],[-153.611,70.737],[-153.014,70.603],[-152.94,70.569]]]}},{"type":"Feature","properties":{"name":"Flathead Lake","rank":0},"geometry":{"type":"Polygon","coordinates":[[[-114.156,47.933],[-114.18,48.022],[-114.199,48.04],[-114.193,48.069],[-114.134,48.091],[-114.046,48.015],[-114.024,47.934],[-114.005,47.785],[-114.056,47.711],[-114.15,47.714],[-114.163,47.74],[-114.126,47.784],[-114.148,47.812],[-114.25,47.837],[-114.254,47.858],[-114.194,47.891],[-114.156,47.933]]]}},{"type":"Feature","properties":{"name":"Lake Mead","rank":0},"geometry":{"type":"Polygon","coordinates":[[[-113.636,35.831],[-113.67,35.843],[-113.795,36.01],[-113.895,36.079],[-113.989,36.165],[-114.039,36.163],[-114.11,36.032],[-114.208,36.006],[-114.294,36.03],[-114.321,36.076],[-114.373,36.1],[-114.451,36.079],[-114.504,36.106],[-114.64,36.106],[-114.714,36.024],[-114.741,36.014],[-114.769,36.02],[-114.812,36.075],[-114.816,36.121],[-114.653,36.154],[-114.512,36.194],[-114.432,36.237],[-114.387,36.483],[-114.364,36.515],[-114.336,36.519],[-114.335,36.444],[-114.359,36.335],[-114.37,36.209],[-114.295,36.11],[-114.226,36.05],[-114.159,36.077],[-114.03,36.245],[-113.996,36.244],[-113.777,36.048],[-113.699,35.958],[-113.633,35.859],[-113.636,35.831]]]}},{"type":"Feature","properties":{"name":"Lake Claire","rank":0},"geometry":{"type":"Polygon","coordinates":[[[-111.817,58.56],[-111.809,58.517],[-111.831,58.484],[-111.843,58.425],[-111.831,58.394],[-111.789,58.331],[-111.809,58.303],[-111.898,58.306],[-112.08,58.347],[-112.189,58.413],[-112.237,58.46],[-112.208,58.499],[-112.211,58.55],[-112.255,58.576],[-112.315,58.563],[-112.393,58.578],[-112.447,58.618],[-112.431,58.683],[-112.337,58.778],[-112.154,58.825],[-112.041,58.819],[-112.037,58.787],[-112.113,58.778],[-112.119,58.736],[-111.985,58.713],[-111.902,58.726],[-111.844,58.721],[-111.766,58.685],[-111.731,58.686],[-111.717,58.659],[-111.817,58.56]]]}},{"type":"Feature","properties":{"name":"Smallwood Reservoir","rank":0},"geometry":{"type":"Polygon","coordinates":[[[-63.176,54.129],[-63.203,54.074],[-63.104,54.004],[-63.137,53.973],[-63.2,53.956],[-63.305,53.99],[-63.417,54.006],[-63.489,54.012],[-63.555,54.006],[-63.568,53.982],[-63.529,53.955],[-63.529,53.929],[-63.703,53.918],[-63.77,53.902],[-63.764,53.879],[-63.827,53.858],[-64.009,53.862],[-64.124,53.896],[-64.138,53.96],[-64.176,54.012],[-64.495,54.079],[-64.525,54.11],[-64.564,54.125],[-64.652,54.114],[-64.688,54.081],[-64.642,54.031],[-64.658,53.996],[-64.694,53.961],[-64.751,53.934],[-64.836,53.931],[-64.922,53.916],[-65.014,53.888],[-65.177,53.818],[-65.263,53.796],[-65.298,53.76],[-65.295,53.724],[-65.191,53.674],[-65.19,53.639],[-65.148,53.564],[-65.164,53.54],[-65.128,53.5],[-64.973,53.455],[-65.02,53.421],[-65.234,53.455],[-65.529,53.49],[-65.583,53.542],[-65.388,53.559],[-65.335,53.587],[-65.317,53.605],[-65.326,53.636],[-65.364,53.675],[-65.381,53.715],[-65.328,53.821],[-65.338,53.879],[-65.453,53.914],[-65.507,53.95],[-65.517,53.997],[-65.583,54.061],[-65.728,54.087],[-65.826,54.135],[-66.112,54.347],[-66.254,54.426],[-66.276,54.478],[-66.364,54.541],[-66.44,54.562],[-66.429,54.508],[-66.349,54.424],[-66.406,54.338],[-66.387,54.263],[-66.331,54.179],[-66.324,54.154],[-66.382,54.164],[-66.491,54.273],[-66.577,54.424],[-66.616,54.521],[-66.621,54.623],[-66.535,54.628],[-66.508,54.654],[-66.529,54.77],[-66.509,54.802],[-66.555,54.883],[-66.6,54.922],[-66.595,54.949],[-66.567,54.958],[-66.574,54.991],[-66.598,55.029],[-66.584,55.049],[-66.553,55.054],[-66.541,55.073],[-66.556,55.102],[-66.532,55.1],[-66.449,55.052],[-66.345,54.979],[-66.351,54.914],[-66.42,54.901],[-66.432,54.893],[-66.399,54.853],[-66.423,54.833],[-66.429,54.813],[-66.36,54.715],[-66.354,54.687],[-66.2,54.577],[-66.191,54.476],[-66.023,54.346],[-65.994,54.34],[-65.938,54.271],[-65.909,54.285],[-65.872,54.281],[-65.791,54.202],[-65.713,54.163],[-65.682,54.176],[-65.503,54.055],[-65.4,54.007],[-65.345,54.043],[-65.192,53.993],[-65.103,54.012],[-65.178,54.075],[-65.13,54.083],[-64.864,54.053],[-64.816,54.076],[-64.941,54.152],[-65.011,54.224],[-65.072,54.34],[-65.165,54.435],[-65.305,54.46],[-65.279,54.523],[-65.271,54.608],[-65.224,54.65],[-65.157,54.656],[-65.135,54.638],[-65.218,54.557],[-65.187,54.528],[-65.14,54.511],[-65.103,54.473],[-65.059,54.396],[-64.96,54.303],[-64.98,54.289],[-64.97,54.236],[-64.92,54.171],[-64.883,54.148],[-64.879,54.16],[-64.855,54.167],[-64.763,54.144],[-64.68,54.143],[-64.583,54.186],[-64.51,54.189],[-64.431,54.187],[-64.333,54.166],[-64.219,54.178],[-64.234,54.211],[-64.274,54.231],[-64.284,54.256],[-64.325,54.273],[-64.464,54.253],[-64.48,54.273],[-64.425,54.332],[-64.4,54.511],[-64.366,54.615],[-64.378,54.679],[-64.416,54.737],[-64.397,54.743],[-64.32,54.696],[-64.296,54.659],[-64.329,54.566],[-64.32,54.517],[-64.138,54.35],[-63.947,54.243],[-63.87,54.169],[-63.748,54.096],[-63.584,54.078],[-63.465,54.098],[-63.373,54.14],[-63.319,54.143],[-63.176,54.129]]]}},{"type":"Feature","properties":{"name":"Lago de Izabal","rank":0},"geometry":{"type":"Polygon","coordinates":[[[-88.878,15.712],[-88.97,15.636],[-89.022,15.489],[-89.079,15.444],[-89.238,15.41],[-89.301,15.382],[-89.388,15.488],[-89.372,15.505],[-89.105,15.602],[-88.862,15.764],[-88.843,15.765],[-88.852,15.741],[-88.878,15.712]]]}},{"type":"Feature","properties":{"name":"Lake St. Joseph","rank":0},"geometry":{"type":"Polygon","coordinates":[[[-91.345,50.969],[-91.274,51.069],[-91.214,51.066],[-90.976,51.011],[-90.745,51.12],[-90.604,51.215],[-90.52,51.192],[-90.472,51.17],[-90.431,51.14],[-90.427,51.119],[-90.528,51.068],[-90.747,51.014],[-90.937,50.954],[-91.12,50.946],[-91.318,50.918],[-91.367,50.93],[-91.345,50.969]]]}},{"type":"Feature","properties":{"name":"Réservoir Gouin","rank":0},"geometry":{"type":"Polygon","coordinates":[[[-74.531,48.461],[-74.545,48.439],[-74.575,48.425],[-74.638,48.414],[-74.686,48.357],[-74.706,48.42],[-74.756,48.449],[-74.867,48.56],[-74.911,48.575],[-74.945,48.576],[-74.964,48.556],[-74.969,48.519],[-74.96,48.499],[-74.942,48.487],[-74.96,48.364],[-75.023,48.359],[-75.082,48.341],[-75.13,48.288],[-75.14,48.289],[-75.099,48.478],[-75.042,48.514],[-75.008,48.564],[-75.018,48.612],[-75.07,48.596],[-75.165,48.526],[-75.182,48.479],[-75.174,48.414],[-75.213,48.406],[-75.269,48.408],[-75.336,48.437],[-75.363,48.429],[-75.387,48.444],[-75.414,48.438],[-75.389,48.483],[-75.35,48.532],[-75.282,48.597],[-75.219,48.592],[-75.181,48.602],[-75.109,48.675],[-75.061,48.706],[-75.042,48.712],[-74.97,48.694],[-74.812,48.757],[-74.723,48.785],[-74.63,48.801],[-74.558,48.802],[-74.522,48.756],[-74.58,48.64],[-74.555,48.608],[-74.485,48.58],[-74.412,48.589],[-74.397,48.579],[-74.406,48.547],[-74.37,48.486],[-74.314,48.449],[-74.223,48.426],[-74.174,48.398],[-74.118,48.388],[-74.1,48.372],[-74.237,48.347],[-74.312,48.377],[-74.395,48.44],[-74.463,48.471],[-74.51,48.48],[-74.531,48.461]]]}},{"type":"Feature","properties":{"name":"Lake Bienville","rank":0},"geometry":{"type":"Polygon","coordinates":[[[-73.182,55.098],[-73.154,55.113],[-73.154,55.125],[-72.923,55.18],[-72.647,55.213],[-72.517,55.221],[-72.305,55.272],[-72.225,55.281],[-72.281,55.226],[-72.29,55.166],[-72.358,55.126],[-72.473,55.083],[-72.629,55.049],[-72.706,55.01],[-73.045,54.946],[-73.11,54.947],[-73.149,54.964],[-73.213,54.968],[-73.413,54.921],[-73.555,54.903],[-73.604,54.927],[-73.511,54.942],[-73.428,54.97],[-73.409,54.987],[-73.433,55.006],[-73.514,55.034],[-73.511,55.048],[-73.491,55.056],[-73.365,55.048],[-73.182,55.098]]]}},{"type":"Feature","properties":{"name":"Canandaigua Lake","rank":5},"geometry":{"type":"Polygon","coordinates":[[[-77.262,42.815],[-77.309,42.768],[-77.354,42.689],[-77.364,42.704],[-77.361,42.734],[-77.334,42.785],[-77.291,42.836],[-77.271,42.895],[-77.245,42.876],[-77.262,42.815]]]}},{"type":"Feature","properties":{"name":"Owasco Lake","rank":5},"geometry":{"type":"Polygon","coordinates":[[[-76.479,42.77],[-76.527,42.836],[-76.549,42.897],[-76.536,42.922],[-76.469,42.781],[-76.468,42.769],[-76.479,42.77]]]}},{"type":"Feature","properties":{"name":"Skaneateles Lake","rank":5},"geometry":{"type":"Polygon","coordinates":[[[-76.272,42.787],[-76.362,42.85],[-76.428,42.91],[-76.425,42.96],[-76.372,42.887],[-76.293,42.833],[-76.272,42.787]]]}},{"type":"Feature","properties":{"name":null,"rank":0},"geometry":{"type":"Polygon","coordinates":[[[-163.468,60.414],[-163.529,60.393],[-163.577,60.342],[-163.557,60.27],[-163.629,60.214],[-163.77,60.167],[-163.795,60.211],[-163.775,60.286],[-163.793,60.298],[-164.042,60.275],[-164.054,60.295],[-163.85,60.351],[-163.939,60.389],[-163.852,60.433],[-163.797,60.416],[-163.721,60.439],[-163.499,60.425],[-163.468,60.414]]]}},{"type":"Feature","properties":{"name":"Bear Lake","rank":0},"geometry":{"type":"Polygon","coordinates":[[[-111.288,42.033],[-111.327,41.889],[-111.349,41.871],[-111.373,41.883],[-111.407,41.988],[-111.393,42.131],[-111.344,42.152],[-111.313,42.148],[-111.285,42.109],[-111.288,42.033]]]}},{"type":"Feature","properties":{"name":"Utah Lake","rank":0},"geometry":{"type":"Polygon","coordinates":[[[-111.742,40.19],[-111.827,40.158],[-111.848,40.095],[-111.867,40.07],[-111.892,40.064],[-111.89,40.117],[-111.899,40.154],[-111.914,40.176],[-111.852,40.252],[-111.86,40.323],[-111.881,40.377],[-111.793,40.369],[-111.763,40.337],[-111.701,40.238],[-111.68,40.225],[-111.69,40.206],[-111.742,40.19]]]}},{"type":"Feature","properties":{"name":null,"rank":0},"geometry":{"type":"Polygon","coordinates":[[[-126.414,66.938],[-126.399,66.983],[-126.356,67.011],[-126.29,67.021],[-126.218,67.01],[-126.158,66.979],[-126.129,66.941],[-126.149,66.909],[-126.183,66.883],[-126.191,66.855],[-126.177,66.817],[-126.189,66.796],[-126.275,66.754],[-126.314,66.76],[-126.369,66.784],[-126.408,66.857],[-126.414,66.938]]]}},{"type":"Feature","properties":{"name":"Leech Lake","rank":0},"geometry":{"type":"Polygon","coordinates":[[[-94.245,47.191],[-94.26,47.15],[-94.302,47.097],[-94.346,47.075],[-94.395,47.067],[-94.433,47.077],[-94.461,47.109],[-94.519,47.143],[-94.566,47.12],[-94.57,47.075],[-94.578,47.062],[-94.621,47.166],[-94.611,47.206],[-94.589,47.202],[-94.379,47.241],[-94.296,47.285],[-94.281,47.27],[-94.308,47.183],[-94.245,47.191]]]}},{"type":"Feature","properties":{"name":"Lac des Mille Lacs","rank":0},"geometry":{"type":"Polygon","coordinates":[[[-90.292,48.935],[-90.288,48.916],[-90.34,48.821],[-90.375,48.786],[-90.44,48.785],[-90.458,48.798],[-90.601,48.811],[-90.634,48.833],[-90.632,48.867],[-90.65,48.917],[-90.684,48.92],[-90.688,48.944],[-90.666,48.967],[-90.626,48.974],[-90.591,48.96],[-90.561,48.926],[-90.546,48.895],[-90.48,48.885],[-90.361,48.893],[-90.292,48.935]]]}},{"type":"Feature","properties":{"name":"Réservoir Baskatong","rank":0},"geometry":{"type":"Polygon","coordinates":[[[-75.694,46.897],[-75.688,46.872],[-75.698,46.825],[-75.751,46.718],[-75.795,46.715],[-75.864,46.755],[-75.943,46.759],[-76.017,46.747],[-76.033,46.759],[-75.971,46.819],[-75.955,46.875],[-75.831,46.902],[-75.779,46.964],[-75.737,46.997],[-75.694,46.897]]]}},{"type":"Feature","properties":{"name":"Trout Lake","rank":0},"geometry":{"type":"Polygon","coordinates":[[[-121.256,60.448],[-121.355,60.408],[-121.408,60.4],[-121.456,60.443],[-121.497,60.459],[-121.586,60.438],[-121.566,60.464],[-121.484,60.517],[-121.316,60.588],[-121.301,60.623],[-121.314,60.7],[-121.336,60.771],[-121.276,60.762],[-121.176,60.722],[-121.108,60.665],[-121.091,60.592],[-121.149,60.513],[-121.256,60.448]]]}},{"type":"Feature","properties":{"name":"Lake Rossignol","rank":0},"geometry":{"type":"Polygon","coordinates":[[[-64.966,44.252],[-64.964,44.238],[-65.001,44.182],[-65.025,44.164],[-65.099,44.149],[-65.176,44.155],[-65.198,44.181],[-65.199,44.208],[-65.189,44.235],[-65.167,44.257],[-65.134,44.27],[-65.104,44.272],[-65.08,44.228],[-65.053,44.224],[-65.01,44.23],[-64.966,44.252]]]}},{"type":"Feature","properties":{"name":"Grand Lake","rank":0},"geometry":{"type":"Polygon","coordinates":[[[-66.106,45.871],[-66.15,45.856],[-66.19,45.881],[-66.131,45.91],[-66.077,45.953],[-66.027,46.05],[-65.942,46.099],[-65.92,46.093],[-65.93,46.034],[-65.979,45.969],[-65.989,45.942],[-66.041,45.904],[-66.106,45.871]]]}},{"type":"Feature","properties":{"name":"Goose Lake","rank":0},"geometry":{"type":"Polygon","coordinates":[[[-120.324,41.987],[-120.396,41.792],[-120.443,41.785],[-120.466,41.803],[-120.484,41.869],[-120.489,41.988],[-120.475,42.065],[-120.411,42.107],[-120.375,42.09],[-120.323,42.04],[-120.324,41.987]]]}},{"type":"Feature","properties":{"name":"Pyramid Lake","rank":0},"geometry":{"type":"Polygon","coordinates":[[[-119.432,39.903],[-119.433,39.886],[-119.446,39.868],[-119.487,39.878],[-119.547,39.927],[-119.636,40.028],[-119.696,40.123],[-119.684,40.15],[-119.641,40.191],[-119.577,40.209],[-119.534,40.181],[-119.515,40.082],[-119.483,39.974],[-119.432,39.903]]]}},{"type":"Feature","properties":{"name":"Millerton Lake","rank":0},"geometry":{"type":"Polygon","coordinates":[[[-119.603,37.057],[-119.603,37.031],[-119.641,37.008],[-119.693,37],[-119.672,37.028],[-119.603,37.057]]]}},{"type":"Feature","properties":{"name":"Bluenose Lake","rank":0},"geometry":{"type":"Polygon","coordinates":[[[-119.875,68.558],[-119.806,68.619],[-119.809,68.642],[-119.825,68.661],[-119.786,68.684],[-119.72,68.746],[-119.665,68.754],[-119.663,68.744],[-119.613,68.698],[-119.572,68.672],[-119.526,68.658],[-119.486,68.633],[-119.47,68.608],[-119.487,68.595],[-119.552,68.594],[-119.595,68.574],[-119.65,68.471],[-119.642,68.44],[-119.59,68.396],[-119.511,68.361],[-119.525,68.332],[-119.734,68.255],[-119.817,68.246],[-119.848,68.254],[-119.833,68.421],[-119.835,68.484],[-119.875,68.558]]]}},{"type":"Feature","properties":{"name":"Réservoir Pipmuacan","rank":0},"geometry":{"type":"Polygon","coordinates":[[[-70.08,49.44],[-70.137,49.491],[-70.137,49.565],[-70.157,49.592],[-70.195,49.617],[-70.283,49.641],[-70.324,49.624],[-70.351,49.59],[-70.329,49.523],[-70.354,49.504],[-70.45,49.537],[-70.467,49.532],[-70.505,49.461],[-70.516,49.411],[-70.571,49.473],[-70.639,49.466],[-70.677,49.448],[-70.701,49.427],[-70.736,49.442],[-70.789,49.536],[-70.816,49.543],[-70.834,49.542],[-70.855,49.525],[-70.892,49.457],[-70.94,49.408],[-70.963,49.406],[-70.921,49.497],[-70.859,49.599],[-70.834,49.625],[-70.744,49.56],[-70.716,49.525],[-70.667,49.531],[-70.585,49.572],[-70.471,49.672],[-70.442,49.684],[-70.34,49.67],[-70.305,49.701],[-70.307,49.748],[-70.358,49.832],[-70.377,49.887],[-70.339,49.884],[-70.317,49.864],[-70.236,49.699],[-70.206,49.682],[-70.171,49.684],[-70.135,49.708],[-70.1,49.69],[-70.073,49.643],[-70.017,49.597],[-69.951,49.555],[-69.899,49.545],[-69.844,49.472],[-69.787,49.37],[-69.783,49.339],[-69.825,49.333],[-69.856,49.342],[-69.904,49.451],[-69.902,49.481],[-69.917,49.504],[-69.946,49.518],[-69.982,49.517],[-70.029,49.498],[-70.064,49.475],[-70.08,49.44]]]}},{"type":"Feature","properties":{"name":"Grand Lake","rank":0},"geometry":{"type":"Polygon","coordinates":[[[-57.035,49.265],[-56.99,49.332],[-56.963,49.336],[-56.928,49.264],[-56.97,49.227],[-57.025,49.213],[-57.053,49.215],[-57.13,49.166],[-57.24,49.056],[-57.435,48.907],[-57.513,48.858],[-57.578,48.786],[-57.76,48.672],[-57.859,48.643],[-58.013,48.663],[-57.78,48.774],[-57.665,48.859],[-57.562,48.894],[-57.371,49.011],[-57.27,49.099],[-57.262,49.181],[-57.221,49.189],[-57.035,49.265]]]}},{"type":"Feature","properties":{"name":null,"rank":0},"geometry":{"type":"Polygon","coordinates":[[[-126.357,67.271],[-126.419,67.256],[-126.495,67.263],[-126.548,67.442],[-126.584,67.471],[-126.613,67.522],[-126.691,67.535],[-126.762,67.56],[-126.73,67.573],[-126.614,67.578],[-126.494,67.552],[-126.398,67.488],[-126.298,67.444],[-126.231,67.434],[-126.205,67.419],[-126.198,67.403],[-126.208,67.382],[-126.208,67.358],[-126.191,67.33],[-126.206,67.304],[-126.357,67.271]]]}},{"type":"Feature","properties":{"name":"Colville Lake","rank":0},"geometry":{"type":"Polygon","coordinates":[[[-125.751,67.313],[-125.73,67.297],[-125.756,67.238],[-125.828,67.124],[-125.918,67.079],[-126.061,67.059],[-126.166,67.065],[-126.222,67.085],[-126.224,67.104],[-126.196,67.115],[-126.184,67.138],[-126.191,67.169],[-126.241,67.199],[-126.235,67.215],[-125.751,67.313]]]}},{"type":"Feature","properties":{"name":"Hottah Lake","rank":0},"geometry":{"type":"Polygon","coordinates":[[[-118.666,64.999],[-118.682,65.03],[-118.677,65.081],[-118.698,65.109],[-118.767,65.158],[-118.832,65.192],[-118.825,65.217],[-118.659,65.262],[-118.445,65.291],[-118.365,65.245],[-118.303,65.227],[-118.265,65.199],[-118.246,65.136],[-118.279,65.09],[-118.282,65.069],[-118.275,65.043],[-118.248,65.014],[-118.237,64.986],[-118.248,64.956],[-118.276,64.929],[-118.325,64.903],[-118.319,64.873],[-118.239,64.845],[-118.156,64.852],[-118.149,64.843],[-118.146,64.795],[-118.176,64.786],[-118.333,64.781],[-118.488,64.841],[-118.578,64.884],[-118.636,64.928],[-118.664,64.97],[-118.666,64.999]]]}},{"type":"Feature","properties":{"name":"Big Trout Lake","rank":0},"geometry":{"type":"Polygon","coordinates":[[[-90.357,53.766],[-90.321,53.835],[-90.29,53.868],[-90.252,53.87],[-90.201,53.841],[-90.171,53.838],[-90.101,53.871],[-90.002,53.886],[-89.862,53.834],[-89.847,53.815],[-89.609,53.772],[-89.678,53.733],[-89.814,53.69],[-89.939,53.679],[-90.034,53.685],[-90.167,53.747],[-90.357,53.766]]]}},{"type":"Feature","properties":{"name":"Trout Lake","rank":0},"geometry":{"type":"Polygon","coordinates":[[[-93.165,51.071],[-93.2,51.039],[-93.235,51.033],[-93.32,51.075],[-93.429,51.154],[-93.481,51.208],[-93.48,51.237],[-93.455,51.264],[-93.406,51.292],[-93.37,51.302],[-93.344,51.286],[-93.283,51.279],[-93.215,51.299],[-93.175,51.295],[-93.141,51.273],[-93.101,51.207],[-93.072,51.173],[-93.074,51.159],[-93.137,51.123],[-93.165,51.071]]]}},{"type":"Feature","properties":{"name":"Island Lake","rank":0},"geometry":{"type":"Polygon","coordinates":[[[-94.236,53.734],[-94.351,53.73],[-94.518,53.71],[-94.682,53.733],[-94.855,53.786],[-94.933,53.827],[-94.949,53.859],[-94.933,53.933],[-94.851,53.956],[-94.822,53.975],[-94.754,53.989],[-94.634,53.986],[-94.601,53.972],[-94.621,53.945],[-94.686,53.915],[-94.689,53.897],[-94.654,53.876],[-94.59,53.858],[-94.131,53.892],[-94.048,53.882],[-94.002,53.847],[-94.014,53.798],[-94.103,53.759],[-94.236,53.734]]]}},{"type":"Feature","properties":{"name":"Lake Naococane","rank":0},"geometry":{"type":"Polygon","coordinates":[[[-70.509,52.996],[-70.486,52.983],[-70.397,52.974],[-70.442,52.941],[-70.476,52.901],[-70.484,52.872],[-70.464,52.863],[-70.474,52.813],[-70.468,52.746],[-70.422,52.639],[-70.433,52.61],[-70.487,52.63],[-70.522,52.682],[-70.521,52.785],[-70.538,52.8],[-70.577,52.803],[-70.592,52.789],[-70.603,52.759],[-70.64,52.736],[-70.703,52.775],[-70.762,52.787],[-70.78,52.809],[-70.783,52.899],[-70.817,52.909],[-70.847,52.878],[-70.94,52.817],[-70.965,52.819],[-70.981,52.841],[-70.982,52.872],[-70.924,52.938],[-70.838,52.943],[-70.75,52.963],[-70.741,52.981],[-70.748,52.996],[-70.771,53.008],[-70.828,53.015],[-70.833,53.043],[-70.82,53.06],[-70.75,53.038],[-70.691,52.998],[-70.599,52.988],[-70.548,53.007],[-70.527,53.007],[-70.509,52.996]]]}},{"type":"Feature","properties":{"name":"Lac la Ronge","rank":0},"geometry":{"type":"Polygon","coordinates":[[[-104.396,55.16],[-104.455,55.138],[-104.507,55.133],[-104.591,55.154],[-104.637,55.148],[-104.69,55.126],[-104.735,55.09],[-104.822,54.994],[-105.128,54.925],[-105.194,54.936],[-105.237,54.957],[-105.247,55.048],[-105.258,55.074],[-105.218,55.156],[-105.237,55.219],[-105.205,55.248],[-105.081,55.302],[-104.955,55.28],[-104.833,55.306],[-104.798,55.292],[-104.755,55.302],[-104.674,55.291],[-104.621,55.307],[-104.59,55.302],[-104.574,55.281],[-104.519,55.257],[-104.418,55.254],[-104.4,55.247],[-104.369,55.182],[-104.396,55.16]]]}},{"type":"Feature","properties":{"name":"Mille Lacs Lake","rank":0},"geometry":{"type":"Polygon","coordinates":[[[-93.534,46.249],[-93.514,46.177],[-93.54,46.15],[-93.6,46.136],[-93.668,46.137],[-93.726,46.158],[-93.775,46.2],[-93.795,46.255],[-93.758,46.308],[-93.679,46.345],[-93.607,46.36],[-93.569,46.357],[-93.552,46.341],[-93.534,46.249]]]}},{"type":"Feature","properties":{"name":"Lake Winnipesaukee","rank":0},"geometry":{"type":"Polygon","coordinates":[[[-71.293,43.635],[-71.262,43.609],[-71.216,43.587],[-71.214,43.569],[-71.232,43.54],[-71.277,43.532],[-71.371,43.598],[-71.443,43.628],[-71.43,43.679],[-71.394,43.711],[-71.399,43.725],[-71.374,43.722],[-71.331,43.7],[-71.306,43.667],[-71.293,43.635]]]}},{"type":"Feature","properties":{"name":"Lake Simcoe","rank":0},"geometry":{"type":"Polygon","coordinates":[[[-79.448,44.31],[-79.479,44.27],[-79.48,44.236],[-79.499,44.227],[-79.519,44.274],[-79.537,44.353],[-79.584,44.405],[-79.567,44.431],[-79.503,44.463],[-79.445,44.51],[-79.393,44.603],[-79.373,44.698],[-79.354,44.69],[-79.341,44.636],[-79.265,44.563],[-79.211,44.535],[-79.177,44.491],[-79.163,44.45],[-79.172,44.419],[-79.202,44.384],[-79.448,44.31]]]}},{"type":"Feature","properties":{"name":"Gods Lake","rank":0},"geometry":{"type":"Polygon","coordinates":[[[-93.923,54.835],[-93.645,54.788],[-93.647,54.779],[-93.702,54.758],[-93.835,54.758],[-93.912,54.744],[-93.934,54.709],[-93.989,54.671],[-94.157,54.636],[-94.291,54.618],[-94.414,54.586],[-94.465,54.521],[-94.495,54.502],[-94.763,54.412],[-94.768,54.454],[-94.735,54.5],[-94.65,54.541],[-94.508,54.669],[-94.489,54.724],[-94.477,54.801],[-94.272,54.842],[-94.11,54.85],[-93.923,54.835]]]}},{"type":"Feature","properties":{"name":"Malheur Lake","rank":0},"geometry":{"type":"Polygon","coordinates":[[[-118.68,43.29],[-118.721,43.291],[-118.766,43.258],[-118.821,43.24],[-118.864,43.263],[-118.903,43.303],[-118.935,43.354],[-118.948,43.394],[-118.929,43.414],[-118.791,43.425],[-118.664,43.405],[-118.612,43.298],[-118.623,43.282],[-118.68,43.29]]]}},{"type":"Feature","properties":{"name":null,"rank":0},"geometry":{"type":"Polygon","coordinates":[[[-56.483,48.3],[-56.586,48.232],[-56.712,48.182],[-56.689,48.219],[-56.56,48.352],[-56.524,48.363],[-56.466,48.329],[-56.483,48.3]]]}},{"type":"Feature","properties":{"name":null,"rank":0},"geometry":{"type":"Polygon","coordinates":[[[-95.6,55.615],[-95.714,55.477],[-95.769,55.442],[-95.861,55.421],[-95.918,55.419],[-95.896,55.487],[-95.817,55.526],[-95.795,55.569],[-95.6,55.615]]]}},{"type":"Feature","properties":{"name":null,"rank":0},"geometry":{"type":"Polygon","coordinates":[[[-165.382,65.205],[-165.376,65.193],[-165.403,65.171],[-165.482,65.134],[-165.597,65.097],[-165.708,65.08],[-165.792,65.091],[-165.888,65.138],[-165.898,65.165],[-165.82,65.191],[-165.655,65.188],[-165.382,65.205]]]}},{"type":"Feature","properties":{"name":null,"rank":0},"geometry":{"type":"Polygon","coordinates":[[[-163.798,61.144],[-163.783,61.129],[-163.781,61.106],[-163.816,61.055],[-163.842,61.055],[-163.897,61.115],[-163.936,61.145],[-163.931,61.169],[-163.889,61.196],[-163.826,61.217],[-163.547,61.231],[-163.628,61.198],[-163.798,61.144]]]}},{"type":"Feature","properties":{"name":null,"rank":0},"geometry":{"type":"Polygon","coordinates":[[[-162.508,60.795],[-162.502,60.772],[-162.527,60.763],[-162.573,60.76],[-162.75,60.801],[-162.768,60.818],[-162.755,60.832],[-162.714,60.842],[-162.655,60.843],[-162.573,60.826],[-162.508,60.795]]]}},{"type":"Feature","properties":{"name":"Tikchik Lakes","rank":0},"geometry":{"type":"Polygon","coordinates":[[[-158.863,59.201],[-158.875,59.166],[-158.913,59.164],[-158.941,59.18],[-158.959,59.246],[-158.998,59.292],[-159.058,59.337],[-158.945,59.314],[-158.878,59.252],[-158.863,59.201]]]}},{"type":"Feature","properties":{"name":"Tikchik Lakes","rank":0},"geometry":{"type":"Polygon","coordinates":[[[-158.223,59.943],[-158.257,59.935],[-158.535,59.961],[-158.826,59.911],[-159.024,59.896],[-159.092,59.9],[-159.132,59.951],[-159,59.948],[-158.542,60.016],[-158.486,60.012],[-158.423,59.983],[-158.307,59.98],[-158.242,59.963],[-158.223,59.943]]]}},{"type":"Feature","properties":{"name":"Tikchik Lakes","rank":0},"geometry":{"type":"Polygon","coordinates":[[[-159.159,60.196],[-159.132,60.22],[-159.058,60.242],[-158.853,60.283],[-158.874,60.264],[-158.778,60.23],[-158.774,60.216],[-158.781,60.19],[-159.083,60.212],[-159.159,60.196]]]}},{"type":"Feature","properties":{"name":"Tikchik Lakes","rank":0},"geometry":{"type":"Polygon","coordinates":[[[-158.708,59.564],[-158.825,59.543],[-158.835,59.518],[-158.804,59.491],[-158.663,59.465],[-158.605,59.443],[-158.582,59.425],[-158.805,59.445],[-158.869,59.481],[-158.992,59.516],[-159.046,59.547],[-159.133,59.651],[-159.094,59.653],[-158.945,59.586],[-158.794,59.603],[-158.647,59.596],[-158.708,59.564]]]}},{"type":"Feature","properties":{"name":"Rainy Lake","rank":0},"geometry":{"type":"Polygon","coordinates":[[[-92.918,48.433],[-92.995,48.451],[-93.05,48.48],[-93.071,48.504],[-93.056,48.513],[-92.865,48.462],[-92.788,48.455],[-92.704,48.505],[-92.698,48.517],[-92.936,48.565],[-92.95,48.576],[-92.948,48.586],[-93.079,48.591],[-93.109,48.581],[-93.1,48.564],[-93.117,48.553],[-93.162,48.558],[-93.196,48.579],[-93.279,48.607],[-93.339,48.6],[-93.382,48.616],[-93.37,48.638],[-93.37,48.657],[-93.401,48.681],[-93.403,48.705],[-93.352,48.717],[-93.365,48.748],[-93.417,48.785],[-93.496,48.813],[-93.613,48.834],[-93.583,48.843],[-93.491,48.839],[-93.434,48.846],[-93.439,48.869],[-93.463,48.903],[-93.322,48.934],[-93.262,48.825],[-93.203,48.791],[-93.2,48.746],[-93.265,48.686],[-93.261,48.674],[-93.245,48.667],[-93.223,48.67],[-93.124,48.728],[-93.149,48.675],[-93.119,48.668],[-92.979,48.688],[-92.896,48.683],[-92.793,48.695],[-92.779,48.678],[-92.87,48.635],[-92.866,48.615],[-92.732,48.588],[-92.655,48.6],[-92.603,48.565],[-92.585,48.534],[-92.583,48.51],[-92.57,48.5],[-92.6,48.485],[-92.567,48.468],[-92.491,48.456],[-92.449,48.424],[-92.435,48.391],[-92.441,48.357],[-92.456,48.351],[-92.52,48.399],[-92.6,48.424],[-92.918,48.433]]]}},{"type":"Feature","properties":{"name":"Williston Lake","rank":0},"geometry":{"type":"Polygon","coordinates":[[[-122.502,56.084],[-122.603,56.09],[-122.819,56.061],[-122.925,56.058],[-123.012,56.04],[-123.139,55.974],[-123.429,55.985],[-123.716,56.015],[-123.782,55.995],[-123.79,55.942],[-123.774,55.887],[-123.76,55.863],[-123.715,55.848],[-123.657,55.752],[-123.449,55.623],[-123.232,55.425],[-123.169,55.393],[-123.169,55.291],[-123.144,55.176],[-123.172,55.199],[-123.325,55.434],[-123.415,55.534],[-123.506,55.613],[-123.638,55.684],[-123.809,55.794],[-123.921,55.829],[-123.996,55.893],[-124.04,55.913],[-124.049,55.922],[-124.027,55.972],[-124.033,56],[-124.1,56.014],[-124.21,56.014],[-124.385,56.064],[-124.508,56.114],[-124.482,56.115],[-124.215,56.053],[-124.166,56.067],[-124.158,56.087],[-124.238,56.146],[-124.345,56.21],[-124.481,56.361],[-124.834,56.713],[-124.836,56.757],[-124.759,56.742],[-124.459,56.471],[-124.359,56.345],[-124.249,56.263],[-124.194,56.24],[-124.142,56.237],[-124.073,56.255],[-124.053,56.223],[-124.073,56.154],[-124.038,56.1],[-123.97,56.061],[-123.788,56.072],[-123.238,56.029],[-123.118,56.048],[-123.091,56.076],[-122.971,56.116],[-122.638,56.159],[-122.566,56.158],[-122.264,56.084],[-122.223,56.058],[-122.222,56.021],[-122.345,56.029],[-122.435,56.055],[-122.502,56.084]]]}},{"type":"Feature","properties":{"name":"Split Lake","rank":0},"geometry":{"type":"Polygon","coordinates":[[[-96.049,56.136],[-96.081,56.118],[-96.088,56.1],[-96.073,56.085],[-96.086,56.079],[-96.358,56.094],[-96.452,56.087],[-96.553,56.063],[-96.572,56.086],[-96.504,56.15],[-96.279,56.177],[-96.205,56.22],[-96.054,56.273],[-95.906,56.302],[-95.842,56.291],[-95.865,56.265],[-96.105,56.203],[-96.044,56.156],[-96.049,56.136]]]}},{"type":"Feature","properties":{"name":"Ft. Peck Lake","rank":0},"geometry":{"type":"Polygon","coordinates":[[[-106.217,47.585],[-106.251,47.55],[-106.269,47.548],[-106.252,47.6],[-106.251,47.644],[-106.336,47.785],[-106.384,47.848],[-106.42,47.876],[-106.454,47.879],[-106.521,47.828],[-106.55,47.785],[-106.556,47.75],[-106.599,47.753],[-106.813,47.716],[-106.838,47.694],[-106.85,47.649],[-106.862,47.631],[-106.906,47.672],[-106.944,47.667],[-106.993,47.644],[-107.015,47.645],[-107.03,47.666],[-107.183,47.685],[-107.306,47.685],[-107.333,47.685],[-107.429,47.635],[-107.507,47.624],[-107.612,47.623],[-107.719,47.563],[-107.846,47.468],[-107.911,47.39],[-107.924,47.407],[-107.909,47.471],[-107.916,47.509],[-107.93,47.542],[-107.949,47.558],[-108.044,47.58],[-108.17,47.584],[-108.196,47.602],[-108.173,47.613],[-108.045,47.614],[-107.959,47.601],[-107.931,47.588],[-107.889,47.538],[-107.841,47.526],[-107.712,47.613],[-107.685,47.646],[-107.688,47.671],[-107.714,47.688],[-107.455,47.662],[-107.38,47.716],[-107.336,47.728],[-107.295,47.722],[-107.121,47.725],[-106.99,47.716],[-106.93,47.725],[-106.938,47.746],[-106.933,47.764],[-106.881,47.778],[-106.769,47.788],[-106.709,47.822],[-106.596,47.86],[-106.566,47.907],[-106.59,47.958],[-106.433,48.027],[-106.366,48.015],[-106.325,47.985],[-106.331,47.95],[-106.358,47.925],[-106.345,47.879],[-106.253,47.815],[-106.267,47.793],[-106.241,47.739],[-106.217,47.628],[-106.217,47.585]]]}},{"type":"Feature","properties":{"name":"Lake Sakakawea","rank":0},"geometry":{"type":"Polygon","coordinates":[[[-102.147,47.568],[-102.237,47.589],[-102.333,47.586],[-102.429,47.562],[-102.42,47.59],[-102.299,47.657],[-102.308,47.705],[-102.336,47.757],[-102.561,47.785],[-102.616,47.819],[-102.653,47.916],[-102.622,47.956],[-102.614,47.992],[-102.657,48.035],[-102.761,48.084],[-102.901,48.12],[-103.059,48.125],[-103.186,48.097],[-103.238,48.063],[-103.339,48.03],[-103.459,48.016],[-103.52,48.027],[-103.551,48.072],[-103.583,48.097],[-103.665,48.063],[-103.75,48.017],[-103.772,48.027],[-103.759,48.074],[-103.666,48.142],[-103.575,48.153],[-103.524,48.108],[-103.45,48.067],[-103.353,48.076],[-103.211,48.145],[-103.118,48.171],[-103.03,48.18],[-102.916,48.171],[-102.79,48.145],[-102.675,48.105],[-102.598,48.053],[-102.557,47.968],[-102.579,47.911],[-102.575,47.844],[-102.527,47.822],[-102.408,47.806],[-102.384,47.82],[-102.415,47.938],[-102.258,47.978],[-102.294,47.912],[-102.24,47.766],[-102.187,47.748],[-102.169,47.729],[-102.212,47.677],[-102.16,47.624],[-102.021,47.585],[-101.884,47.561],[-101.718,47.567],[-101.625,47.58],[-101.601,47.586],[-101.589,47.599],[-101.276,47.628],[-101.203,47.645],[-101.163,47.634],[-101.14,47.606],[-101.4,47.506],[-101.59,47.515],[-101.917,47.464],[-102.032,47.529],[-102.147,47.568]]]}},{"type":"Feature","properties":{"name":"Teslin Lake","rank":0},"geometry":{"type":"Polygon","coordinates":[[[-132.095,59.607],[-132.125,59.604],[-132.159,59.626],[-132.213,59.688],[-132.316,59.835],[-132.399,59.922],[-132.61,60.05],[-132.834,60.135],[-132.958,60.201],[-133.012,60.251],[-133.187,60.382],[-133.245,60.449],[-133.138,60.427],[-132.98,60.297],[-132.798,60.192],[-132.702,60.153],[-132.522,60.098],[-132.364,59.986],[-132.23,59.849],[-132.202,59.77],[-132.123,59.694],[-132.089,59.644],[-132.095,59.607]]]}},{"type":"Feature","properties":{"name":"Lower Arrow Lake","rank":0},"geometry":{"type":"Polygon","coordinates":[[[-117.907,49.342],[-117.957,49.336],[-118.063,49.412],[-118.096,49.45],[-118.139,49.521],[-118.156,49.601],[-118.128,49.752],[-118.092,49.802],[-118.084,49.774],[-118.109,49.583],[-118.087,49.515],[-118.048,49.457],[-117.976,49.406],[-117.911,49.375],[-117.907,49.342]]]}},{"type":"Feature","properties":{"name":"Lake Pend Oreille","rank":0},"geometry":{"type":"Polygon","coordinates":[[[-116.215,48.16],[-116.41,48.107],[-116.441,48.075],[-116.456,47.984],[-116.489,47.97],[-116.529,47.964],[-116.553,47.971],[-116.498,48.115],[-116.458,48.168],[-116.374,48.208],[-116.381,48.229],[-116.4,48.247],[-116.469,48.263],[-116.525,48.242],[-116.569,48.25],[-116.499,48.301],[-116.433,48.302],[-116.362,48.284],[-116.215,48.16]]]}},{"type":"Feature","properties":{"name":"Lake Chelan","rank":0},"geometry":{"type":"Polygon","coordinates":[[[-120.011,47.852],[-120.118,47.88],[-120.172,47.914],[-120.205,47.962],[-120.53,48.162],[-120.625,48.257],[-120.628,48.279],[-120.535,48.204],[-120.163,47.958],[-120.069,47.884],[-120.011,47.852]]]}},{"type":"Feature","properties":{"name":"Black Lake","rank":0},"geometry":{"type":"Polygon","coordinates":[[[-105.394,59.128],[-105.554,59.099],[-105.66,59.055],[-105.785,58.922],[-105.835,58.919],[-105.868,58.939],[-105.855,58.978],[-105.806,59.031],[-105.215,59.296],[-105.119,59.286],[-105.012,59.263],[-104.948,59.237],[-104.975,59.2],[-105.012,59.173],[-105.394,59.128]]]}},{"type":"Feature","properties":{"name":"Lake Louise","rank":0},"geometry":{"type":"Polygon","coordinates":[[[-146.473,62.332],[-146.478,62.312],[-146.515,62.282],[-146.564,62.293],[-146.653,62.362],[-146.704,62.411],[-146.703,62.445],[-146.684,62.504],[-146.661,62.508],[-146.61,62.414],[-146.54,62.363],[-146.473,62.332]]]}},{"type":"Feature","properties":{"name":"Lower Red Lake","rank":0},"geometry":{"type":"Polygon","coordinates":[[[-94.97,48.032],[-94.783,47.97],[-94.777,47.936],[-94.792,47.91],[-94.897,47.892],[-95.111,47.889],[-95.248,47.907],[-95.271,47.942],[-95.251,47.989],[-95.187,48.033],[-95.086,48.065],[-95.011,48.06],[-94.97,48.032]]]}},{"type":"Feature","properties":{"name":"Upper Red Lake","rank":0},"geometry":{"type":"Polygon","coordinates":[[[-95.02,48.125],[-94.975,48.152],[-94.84,48.184],[-94.69,48.203],[-94.612,48.199],[-94.561,48.178],[-94.558,48.141],[-94.6,48.106],[-94.663,48.083],[-94.75,48.066],[-94.894,48.064],[-95.008,48.072],[-95.031,48.094],[-95.02,48.125]]]}},{"type":"Feature","properties":{"name":"Yathkyed Lake","rank":0},"geometry":{"type":"Polygon","coordinates":[[[-97.969,62.548],[-98.132,62.664],[-98.206,62.69],[-98.315,62.618],[-98.35,62.616],[-98.348,62.665],[-98.356,62.708],[-98.419,62.762],[-98.458,62.829],[-98.356,62.811],[-98.207,62.81],[-98.194,62.851],[-98.145,62.855],[-98.099,62.842],[-97.983,62.864],[-97.764,62.864],[-97.714,62.891],[-97.68,62.947],[-97.63,62.979],[-97.617,62.967],[-97.618,62.924],[-97.662,62.864],[-97.635,62.781],[-97.631,62.716],[-97.613,62.663],[-97.561,62.638],[-97.518,62.603],[-97.509,62.568],[-97.475,62.534],[-97.427,62.502],[-97.384,62.485],[-97.36,62.484],[-97.36,62.507],[-97.349,62.508],[-97.326,62.501],[-97.309,62.485],[-97.318,62.461],[-97.377,62.432],[-97.445,62.422],[-97.626,62.492],[-97.702,62.507],[-97.78,62.509],[-97.842,62.5],[-97.876,62.488],[-97.889,62.47],[-97.913,62.459],[-97.965,62.474],[-98.023,62.504],[-98.048,62.527],[-97.969,62.548]]]}},{"type":"Feature","properties":{"name":"Amadjuak Lake","rank":0},"geometry":{"type":"Polygon","coordinates":[[[-70.647,64.686],[-70.637,64.711],[-70.694,64.739],[-70.804,64.774],[-70.917,64.792],[-70.999,64.787],[-71.052,64.768],[-71.097,64.707],[-71.225,64.643],[-71.373,64.636],[-71.446,64.626],[-71.499,64.609],[-71.563,64.613],[-71.657,64.632],[-71.797,64.681],[-71.899,64.728],[-71.919,64.751],[-71.898,64.778],[-71.928,64.806],[-71.982,64.835],[-72.019,64.889],[-72.053,64.91],[-72.039,64.925],[-71.956,64.948],[-71.963,64.913],[-71.938,64.907],[-71.851,64.918],[-71.819,64.91],[-71.872,64.873],[-71.873,64.844],[-71.818,64.824],[-71.748,64.819],[-71.708,64.829],[-71.75,64.861],[-71.584,64.884],[-71.512,64.906],[-71.504,64.921],[-71.534,64.947],[-71.638,64.985],[-71.624,65.016],[-71.555,65.051],[-71.546,65.082],[-71.57,65.129],[-71.642,65.189],[-71.691,65.242],[-71.665,65.308],[-71.765,65.397],[-71.737,65.408],[-71.542,65.31],[-71.483,65.289],[-71.357,65.28],[-71.3,65.266],[-71.27,65.234],[-71.231,65.211],[-71.093,65.163],[-70.937,65.124],[-70.771,65.07],[-70.695,65.024],[-70.648,64.959],[-70.636,64.934],[-70.633,64.908],[-70.384,64.717],[-70.378,64.707],[-70.48,64.664],[-70.467,64.621],[-70.385,64.59],[-70.416,64.581],[-70.627,64.619],[-70.721,64.622],[-70.729,64.639],[-70.647,64.686]]]}},{"type":"Feature","properties":{"name":"Amistad Reservoir","rank":0},"geometry":{"type":"Polygon","coordinates":[[[-100.918,29.502],[-100.936,29.486],[-101.039,29.46],[-101.1,29.458],[-101.151,29.467],[-101.19,29.492],[-101.233,29.503],[-101.272,29.498],[-101.287,29.506],[-101.261,29.562],[-101.28,29.585],[-101.302,29.584],[-101.312,29.603],[-101.31,29.622],[-101.305,29.634],[-101.275,29.648],[-101.072,29.51],[-101.004,29.548],[-100.993,29.535],[-100.951,29.61],[-100.944,29.606],[-100.956,29.565],[-100.951,29.529],[-100.933,29.507],[-100.918,29.502]]]}},{"type":"Feature","properties":{"name":"Cabonga Reservoir","rank":0},"geometry":{"type":"Polygon","coordinates":[[[-76.479,47.138],[-76.435,47.122],[-76.359,47.119],[-76.327,47.102],[-76.331,47.083],[-76.393,47.056],[-76.443,47.064],[-76.535,47.109],[-76.553,47.121],[-76.603,47.241],[-76.625,47.269],[-76.651,47.278],[-76.668,47.266],[-76.639,47.185],[-76.669,47.2],[-76.707,47.242],[-76.715,47.311],[-76.741,47.355],[-76.781,47.357],[-76.789,47.385],[-76.767,47.449],[-76.779,47.476],[-76.823,47.498],[-76.819,47.517],[-76.522,47.691],[-76.516,47.673],[-76.699,47.57],[-76.722,47.54],[-76.715,47.524],[-76.605,47.572],[-76.633,47.51],[-76.459,47.476],[-76.408,47.446],[-76.422,47.4],[-76.475,47.331],[-76.502,47.222],[-76.517,47.201],[-76.512,47.171],[-76.479,47.138]]]}},{"type":"Feature","properties":{"name":"Lago de Chapala","rank":0},"geometry":{"type":"Polygon","coordinates":[[[-102.711,20.194],[-102.7,20.182],[-102.713,20.162],[-102.744,20.139],[-102.786,20.124],[-103.008,20.183],[-103.17,20.179],[-103.255,20.2],[-103.34,20.231],[-103.372,20.26],[-103.002,20.329],[-102.894,20.319],[-102.77,20.198],[-102.711,20.194]]]}},{"type":"Feature","properties":{"name":"Lake Manitoba","rank":2},"geometry":{"type":"Polygon","coordinates":[[[-97.959,50.357],[-98.016,50.304],[-98.072,50.274],[-98.151,50.24],[-98.242,50.214],[-98.33,50.202],[-98.402,50.204],[-98.455,50.211],[-98.519,50.242],[-98.551,50.287],[-98.549,50.421],[-98.568,50.488],[-98.608,50.568],[-98.716,50.737],[-98.815,50.864],[-98.853,50.946],[-98.941,51.008],[-98.991,51.076],[-99.006,51.114],[-99.008,51.14],[-98.988,51.152],[-98.941,51.115],[-98.881,51.037],[-98.867,51.028],[-98.847,51.039],[-98.829,51.072],[-98.836,51.1],[-98.856,51.109],[-98.897,51.188],[-98.953,51.202],[-99.026,51.267],[-99.077,51.339],[-99.138,51.503],[-99.163,51.543],[-99.258,51.563],[-99.32,51.617],[-99.37,51.635],[-99.426,51.627],[-99.527,51.546],[-99.542,51.578],[-99.538,51.66],[-99.549,51.699],[-99.545,51.714],[-99.491,51.758],[-99.443,51.777],[-99.39,51.781],[-99.338,51.759],[-99.292,51.716],[-99.239,51.646],[-99.217,51.636],[-99.181,51.653],[-99.166,51.675],[-99.177,51.762],[-99.166,51.777],[-99.105,51.736],[-99.064,51.686],[-98.999,51.511],[-98.956,51.433],[-98.918,51.395],[-98.907,51.404],[-98.901,51.428],[-98.911,51.513],[-98.972,51.675],[-98.929,51.702],[-98.894,51.709],[-98.865,51.707],[-98.833,51.684],[-98.79,51.639],[-98.758,51.588],[-98.752,51.552],[-98.779,51.466],[-98.778,51.41],[-98.754,51.363],[-98.705,51.326],[-98.591,51.269],[-98.572,51.243],[-98.583,51.218],[-98.633,51.165],[-98.669,51.104],[-98.718,51.088],[-98.724,51.059],[-98.76,50.995],[-98.74,50.935],[-98.72,50.912],[-98.5,50.86],[-98.41,50.823],[-98.244,50.719],[-98.174,50.66],[-98.071,50.552],[-97.971,50.47],[-97.951,50.42],[-97.959,50.357]]]}},{"type":"Feature","properties":{"name":"Lake Winnipegosis","rank":1},"geometry":{"type":"Polygon","coordinates":[[[-99.674,51.613],[-99.775,51.59],[-99.858,51.643],[-99.935,51.717],[-99.95,51.763],[-99.899,51.841],[-99.953,51.999],[-99.984,52.04],[-100,52.044],[-100.005,52.016],[-99.984,51.812],[-99.999,51.744],[-100.011,51.731],[-100.025,51.727],[-100.049,51.756],[-100.113,51.891],[-100.159,52.116],[-100.165,52.254],[-100.156,52.306],[-100.136,52.351],[-100.027,52.464],[-99.992,52.567],[-100.045,52.649],[-100.062,52.763],[-100.096,52.796],[-100.241,52.865],[-100.268,52.872],[-100.292,52.859],[-100.326,52.833],[-100.343,52.807],[-100.326,52.794],[-100.279,52.782],[-100.242,52.64],[-100.261,52.621],[-100.275,52.623],[-100.301,52.651],[-100.339,52.672],[-100.358,52.713],[-100.418,52.773],[-100.44,52.924],[-100.453,52.953],[-100.523,52.967],[-100.564,52.996],[-100.6,52.998],[-100.665,52.98],[-100.667,52.959],[-100.621,52.886],[-100.678,52.778],[-100.746,52.752],[-100.823,52.753],[-100.839,52.767],[-100.825,52.799],[-100.833,52.813],[-100.915,52.814],[-100.941,52.845],[-100.993,52.88],[-100.984,52.931],[-100.994,52.987],[-101.007,53.008],[-101.102,53.081],[-101.091,53.1],[-101.051,53.124],[-100.964,53.147],[-100.895,53.098],[-100.82,53.091],[-100.726,53.098],[-100.644,53.115],[-100.59,53.138],[-100.543,53.17],[-100.515,53.171],[-100.335,53.107],[-100.105,53.054],[-99.844,52.975],[-99.79,52.945],[-99.757,52.913],[-99.685,52.91],[-99.678,52.9],[-99.705,52.812],[-99.662,52.61],[-99.661,52.539],[-99.675,52.473],[-99.713,52.407],[-99.839,52.243],[-99.827,52.152],[-99.809,52.095],[-99.749,52.028],[-99.744,52.005],[-99.744,51.973],[-99.756,51.939],[-99.798,51.876],[-99.803,51.83],[-99.781,51.761],[-99.746,51.752],[-99.666,51.854],[-99.647,51.842],[-99.642,51.72],[-99.62,51.651],[-99.624,51.629],[-99.645,51.617],[-99.674,51.613]]]}},{"type":"Feature","properties":{"name":"Réservoir Manicouagan","rank":2},"geometry":{"type":"Polygon","coordinates":[[[-68.255,51.399],[-68.217,51.345],[-68.204,51.306],[-68.223,51.265],[-68.313,51.192],[-68.352,51.149],[-68.447,51.12],[-68.529,51.075],[-68.642,50.991],[-68.74,50.716],[-68.744,50.776],[-68.735,50.842],[-68.743,50.922],[-68.782,51.004],[-68.868,51.094],[-69.148,51.274],[-69.176,51.324],[-69.134,51.518],[-69.155,51.58],[-69.25,51.682],[-69.232,51.7],[-69.138,51.656],[-69.118,51.661],[-69.099,51.709],[-69.092,51.813],[-69.063,51.838],[-69.043,51.675],[-69.01,51.633],[-68.979,51.631],[-68.935,51.648],[-68.856,51.721],[-68.808,51.683],[-68.7,51.691],[-68.636,51.71],[-68.596,51.756],[-68.535,51.755],[-68.457,51.883],[-68.437,51.874],[-68.429,51.859],[-68.483,51.702],[-68.461,51.672],[-68.319,51.642],[-68.206,51.707],[-68.197,51.692],[-68.269,51.615],[-68.267,51.572],[-68.291,51.537],[-68.286,51.507],[-68.251,51.465],[-68.255,51.399]],[[-68.538,51.393],[-68.58,51.457],[-68.562,51.48],[-68.539,51.473],[-68.473,51.402],[-68.436,51.376],[-68.391,51.368],[-68.407,51.442],[-68.396,51.503],[-68.405,51.532],[-68.486,51.591],[-68.605,51.631],[-68.721,51.632],[-68.844,51.6],[-69.054,51.472],[-69.101,51.41],[-69.092,51.368],[-69.046,51.302],[-69.015,51.28],[-68.924,51.242],[-68.865,51.198],[-68.758,51.165],[-68.683,51.156],[-68.596,51.168],[-68.537,51.2],[-68.468,51.214],[-68.427,51.232],[-68.4,51.256],[-68.403,51.285],[-68.492,51.349],[-68.538,51.393]]]}},{"type":"Feature","properties":{"name":"Churchill Lake","rank":3},"geometry":{"type":"Polygon","coordinates":[[[-108.561,56.51],[-108.634,56.488],[-108.692,56.49],[-108.715,56.521],[-108.721,56.611],[-108.736,56.668],[-108.787,56.69],[-108.859,56.709],[-108.87,56.748],[-108.837,56.784],[-108.765,56.813],[-108.703,56.792],[-108.634,56.715],[-108.571,56.696],[-108.53,56.704],[-108.495,56.693],[-108.425,56.629],[-108.412,56.464],[-108.324,56.441],[-108.134,56.426],[-108.074,56.382],[-108.111,56.308],[-108.189,56.271],[-108.191,56.253],[-108.174,56.234],[-108.179,56.143],[-108.122,56.063],[-108.135,56.038],[-108.178,56.015],[-108.219,55.966],[-108.247,55.915],[-108.3,55.858],[-108.486,55.765],[-108.572,55.698],[-108.605,55.648],[-108.598,55.585],[-108.627,55.552],[-108.665,55.569],[-108.687,55.628],[-108.678,55.695],[-108.688,55.749],[-108.716,55.842],[-108.759,55.903],[-108.918,55.933],[-109.034,55.93],[-109.1,55.981],[-109.158,56.068],[-109.137,56.108],[-109.086,56.122],[-108.875,56.08],[-108.671,55.979],[-108.6,55.848],[-108.52,55.879],[-108.467,55.936],[-108.467,56.033],[-108.433,56.104],[-108.352,56.156],[-108.273,56.191],[-108.268,56.244],[-108.315,56.29],[-108.376,56.285],[-108.489,56.329],[-108.539,56.366],[-108.53,56.479],[-108.561,56.51]]]}},{"type":"Feature","properties":{"name":null,"rank":1},"geometry":{"type":"Polygon","coordinates":[[[-105.042,21.801],[-105.042,21.796],[-105.063,21.809],[-105.042,21.801]]]}},{"type":"Feature","properties":{"name":"Lake Mead","rank":4},"geometry":{"type":"Polygon","coordinates":[[[-113.636,35.831],[-113.67,35.843],[-113.795,36.01],[-113.895,36.079],[-113.989,36.165],[-114.039,36.163],[-114.11,36.032],[-114.208,36.006],[-114.294,36.03],[-114.321,36.076],[-114.373,36.1],[-114.451,36.079],[-114.504,36.106],[-114.64,36.106],[-114.714,36.024],[-114.741,36.014],[-114.769,36.02],[-114.812,36.075],[-114.816,36.121],[-114.653,36.154],[-114.512,36.194],[-114.432,36.237],[-114.387,36.483],[-114.364,36.515],[-114.336,36.519],[-114.335,36.444],[-114.359,36.335],[-114.37,36.209],[-114.295,36.11],[-114.226,36.05],[-114.159,36.077],[-114.03,36.245],[-113.996,36.244],[-113.777,36.048],[-113.699,35.958],[-113.633,35.859],[-113.636,35.831]]]}},{"type":"Feature","properties":{"name":"Lake Powell","rank":4},"geometry":{"type":"Polygon","coordinates":[[[-110.368,37.898],[-110.366,37.871],[-110.406,37.81],[-110.433,37.711],[-110.561,37.582],[-110.673,37.45],[-110.697,37.393],[-110.776,37.31],[-110.836,37.225],[-110.792,37.193],[-110.65,37.208],[-110.676,37.175],[-110.792,37.17],[-110.996,37.114],[-111.112,37.076],[-111.189,37.023],[-111.307,37.016],[-111.382,36.977],[-111.455,36.919],[-111.473,36.932],[-111.53,37.029],[-111.439,37.059],[-111.386,37.055],[-111.339,37.062],[-111.256,37.146],[-111.211,37.119],[-111.183,37.136],[-111.163,37.165],[-111.073,37.139],[-110.963,37.151],[-110.887,37.264],[-110.858,37.335],[-110.799,37.352],[-110.736,37.431],[-110.755,37.526],[-110.733,37.535],[-110.681,37.531],[-110.555,37.631],[-110.515,37.673],[-110.447,37.769],[-110.435,37.871],[-110.404,37.906],[-110.368,37.898]]]}},{"type":"Feature","properties":{"name":"Southern Indian Lake","rank":1},"geometry":{"type":"Polygon","coordinates":[[[-98.295,57.493],[-98.201,57.405],[-98.098,57.392],[-98.024,57.399],[-97.995,57.387],[-98.109,57.317],[-98.19,57.215],[-98.226,57.136],[-98.25,57.112],[-98.392,57.094],[-98.561,57.061],[-98.685,56.979],[-98.779,56.887],[-98.855,56.841],[-98.939,56.841],[-99.002,56.862],[-99.068,56.846],[-99.218,56.736],[-99.47,56.733],[-99.553,56.711],[-99.544,56.683],[-99.549,56.654],[-99.571,56.641],[-99.643,56.681],[-99.686,56.73],[-99.663,56.753],[-99.546,56.776],[-99.407,56.903],[-99.378,56.96],[-99.329,56.988],[-99.226,56.951],[-99.155,56.956],[-99.124,57.005],[-99.015,57.085],[-99.011,57.05],[-99.037,56.975],[-99.006,56.927],[-98.905,56.925],[-98.873,56.946],[-98.88,57.004],[-98.857,57.06],[-98.775,57.073],[-98.695,57.117],[-98.661,57.18],[-98.651,57.219],[-98.668,57.262],[-98.632,57.276],[-98.542,57.275],[-98.508,57.299],[-98.537,57.456],[-98.593,57.529],[-98.596,57.585],[-98.556,57.611],[-98.54,57.596],[-98.544,57.566],[-98.528,57.543],[-98.472,57.549],[-98.293,57.638],[-98.206,57.654],[-98.208,57.625],[-98.224,57.58],[-98.271,57.53],[-98.295,57.493]]]}},{"type":"Feature","properties":{"name":"Lake Abitibi","rank":5},"geometry":{"type":"Polygon","coordinates":[[[-80.18,48.812],[-80.153,48.835],[-80.105,48.913],[-79.952,48.935],[-79.889,48.924],[-79.865,48.89],[-79.836,48.875],[-79.836,48.853],[-79.857,48.807],[-79.855,48.765],[-79.832,48.73],[-79.77,48.717],[-79.701,48.723],[-79.654,48.739],[-79.576,48.797],[-79.413,48.715],[-79.259,48.69],[-79.248,48.665],[-79.257,48.599],[-79.226,48.472],[-79.247,48.456],[-79.283,48.449],[-79.313,48.452],[-79.311,48.532],[-79.295,48.578],[-79.297,48.608],[-79.319,48.631],[-79.373,48.645],[-79.439,48.648],[-79.478,48.642],[-79.485,48.618],[-79.511,48.613],[-79.602,48.62],[-79.701,48.641],[-79.753,48.644],[-79.804,48.632],[-79.867,48.633],[-79.972,48.699],[-79.981,48.717],[-80.06,48.783],[-80.091,48.775],[-80.148,48.79],[-80.18,48.812]]]}},{"type":"Feature","properties":{"name":"Fort Peck Lake","rank":1},"geometry":{"type":"Polygon","coordinates":[[[-106.217,47.585],[-106.251,47.55],[-106.269,47.548],[-106.252,47.6],[-106.251,47.644],[-106.336,47.785],[-106.384,47.848],[-106.42,47.876],[-106.454,47.879],[-106.521,47.828],[-106.55,47.785],[-106.556,47.75],[-106.599,47.753],[-106.813,47.716],[-106.838,47.694],[-106.85,47.649],[-106.862,47.631],[-106.906,47.672],[-106.944,47.667],[-106.993,47.644],[-107.015,47.645],[-107.03,47.666],[-107.183,47.685],[-107.306,47.685],[-107.333,47.685],[-107.429,47.635],[-107.507,47.624],[-107.612,47.623],[-107.719,47.563],[-107.846,47.468],[-107.911,47.39],[-107.924,47.407],[-107.909,47.471],[-107.916,47.509],[-107.93,47.542],[-107.949,47.558],[-108.044,47.58],[-108.17,47.584],[-108.196,47.602],[-108.173,47.613],[-108.045,47.614],[-107.959,47.601],[-107.931,47.588],[-107.889,47.538],[-107.841,47.526],[-107.712,47.613],[-107.685,47.646],[-107.688,47.671],[-107.714,47.688],[-107.455,47.662],[-107.38,47.716],[-107.336,47.728],[-107.295,47.722],[-107.121,47.725],[-106.99,47.716],[-106.93,47.725],[-106.938,47.746],[-106.933,47.764],[-106.881,47.778],[-106.769,47.788],[-106.709,47.822],[-106.596,47.86],[-106.566,47.907],[-106.59,47.958],[-106.433,48.027],[-106.366,48.015],[-106.325,47.985],[-106.331,47.95],[-106.358,47.925],[-106.345,47.879],[-106.253,47.815],[-106.267,47.793],[-106.241,47.739],[-106.217,47.628],[-106.217,47.585]]]}},{"type":"Feature","properties":{"name":"Lake Oahe","rank":5},"geometry":{"type":"Polygon","coordinates":[[[-100.289,45.017],[-100.341,45.006],[-100.37,44.988],[-100.392,44.896],[-100.476,44.794],[-100.532,44.763],[-100.573,44.753],[-100.625,44.767],[-100.636,44.75],[-100.595,44.601],[-100.559,44.584],[-100.516,44.593],[-100.488,44.573],[-100.504,44.522],[-100.477,44.499],[-100.418,44.492],[-100.397,44.47],[-100.388,44.451],[-100.412,44.419],[-100.478,44.443],[-100.567,44.446],[-100.61,44.47],[-100.637,44.503],[-100.62,44.531],[-100.633,44.575],[-100.671,44.627],[-100.682,44.714],[-100.724,44.732],[-100.803,44.761],[-100.848,44.764],[-101.072,44.732],[-101.188,44.727],[-101.158,44.747],[-100.995,44.777],[-100.96,44.818],[-100.805,44.834],[-100.767,44.85],[-100.778,44.882],[-100.737,44.883],[-100.67,44.867],[-100.559,44.811],[-100.54,44.839],[-100.5,44.87],[-100.457,44.872],[-100.441,44.897],[-100.447,44.999],[-100.347,45.102],[-100.335,45.157],[-100.317,45.26],[-100.345,45.305],[-100.407,45.348],[-100.612,45.355],[-100.528,45.377],[-100.344,45.39],[-100.355,45.422],[-100.434,45.504],[-100.627,45.647],[-100.637,45.662],[-100.606,45.664],[-100.531,45.636],[-100.448,45.644],[-100.4,45.687],[-100.39,45.71],[-100.414,45.808],[-100.579,46.008],[-100.659,46.12],[-100.668,46.162],[-100.641,46.223],[-100.612,46.25],[-100.594,46.314],[-100.606,46.489],[-100.634,46.58],[-100.767,46.673],[-100.786,46.696],[-100.777,46.714],[-100.714,46.705],[-100.585,46.617],[-100.543,46.485],[-100.527,46.386],[-100.574,46.187],[-100.557,46.14],[-100.559,46.096],[-100.493,45.988],[-100.432,45.923],[-100.377,45.895],[-100.35,45.854],[-100.342,45.767],[-100.345,45.685],[-100.354,45.645],[-100.398,45.618],[-100.408,45.564],[-100.376,45.524],[-100.307,45.469],[-100.281,45.427],[-100.271,45.296],[-100.255,45.242],[-100.286,45.088],[-100.265,45.071],[-100.262,45.044],[-100.289,45.017]]]}},{"type":"Feature","properties":{"name":"Teslin Lake","rank":1},"geometry":{"type":"Polygon","coordinates":[[[-132.095,59.607],[-132.125,59.604],[-132.159,59.626],[-132.213,59.688],[-132.316,59.835],[-132.399,59.922],[-132.61,60.05],[-132.834,60.135],[-132.958,60.201],[-133.012,60.251],[-133.187,60.382],[-133.245,60.449],[-133.138,60.427],[-132.98,60.297],[-132.798,60.192],[-132.702,60.153],[-132.522,60.098],[-132.364,59.986],[-132.23,59.849],[-132.202,59.77],[-132.123,59.694],[-132.089,59.644],[-132.095,59.607]]]}},{"type":"Feature","properties":{"name":"Lower Arrow Lake","rank":5},"geometry":{"type":"Polygon","coordinates":[[[-117.907,49.342],[-117.957,49.336],[-118.063,49.412],[-118.096,49.45],[-118.139,49.521],[-118.156,49.601],[-118.128,49.752],[-118.092,49.802],[-118.084,49.774],[-118.109,49.583],[-118.087,49.515],[-118.048,49.457],[-117.976,49.406],[-117.911,49.375],[-117.907,49.342]]]}},{"type":"Feature","properties":{"name":"Aylmer Lake","rank":6},"geometry":{"type":"Polygon","coordinates":[[[-107.932,64.036],[-108.084,64.045],[-108.161,64.038],[-108.252,64.022],[-108.459,63.945],[-108.661,63.988],[-108.749,64.036],[-108.858,64.065],[-109.114,64.076],[-109.394,64.02],[-109.571,64.018],[-109.639,64.051],[-109.363,64.066],[-109.154,64.104],[-109.029,64.103],[-108.634,64.17],[-108.598,64.195],[-108.601,64.227],[-108.623,64.276],[-108.602,64.331],[-108.541,64.388],[-108.467,64.413],[-108.432,64.398],[-108.438,64.314],[-108.419,64.267],[-108.361,64.278],[-108.285,64.317],[-108.247,64.316],[-108.261,64.277],[-108.358,64.181],[-108.336,64.156],[-108.263,64.142],[-108.257,64.16],[-108.186,64.177],[-108.102,64.137],[-107.945,64.094],[-107.932,64.036]]]}},{"type":"Feature","properties":{"name":"Clinton-Colden Lake","rank":6},"geometry":{"type":"Polygon","coordinates":[[[-107.945,64.094],[-107.837,64.089],[-107.752,64.071],[-107.675,64.081],[-107.589,64.112],[-107.464,64.128],[-107.323,64.131],[-107.238,64.1],[-107.233,64.067],[-107.24,64.022],[-107.269,63.983],[-107.222,63.926],[-107.104,63.924],[-107.088,63.912],[-107.274,63.776],[-107.502,63.789],[-107.529,63.798],[-107.557,63.833],[-107.632,63.877],[-107.614,63.937],[-107.622,63.97],[-107.668,63.985],[-107.789,63.981],[-107.805,63.956],[-107.836,63.983],[-107.932,64.036],[-107.945,64.094]]]}},{"type":"Feature","properties":{"name":"Lake Francis Case","rank":6},"geometry":{"type":"Polygon","coordinates":[[[-99.147,43.433],[-99.04,43.358],[-98.905,43.285],[-98.831,43.206],[-98.706,43.135],[-98.571,43.102],[-98.56,43.06],[-98.666,43.059],[-98.747,43.102],[-98.9,43.159],[-98.93,43.226],[-99.178,43.374],[-99.315,43.468],[-99.344,43.539],[-99.383,43.606],[-99.471,43.669],[-99.441,43.752],[-99.365,43.843],[-99.352,43.888],[-99.374,43.947],[-99.364,43.991],[-99.322,43.957],[-99.303,43.903],[-99.315,43.841],[-99.411,43.703],[-99.35,43.643],[-99.244,43.477],[-99.147,43.433]]]}},{"type":"Feature","properties":{"name":"Falcon Lake","rank":1},"geometry":{"type":"Polygon","coordinates":[[[-99.184,26.76],[-99.119,26.749],[-99.113,26.727],[-99.149,26.652],[-99.15,26.592],[-99.172,26.564],[-99.2,26.562],[-99.243,26.584],[-99.255,26.67],[-99.283,26.76],[-99.331,26.803],[-99.394,26.795],[-99.364,26.821],[-99.368,26.886],[-99.401,26.954],[-99.464,27.025],[-99.457,27.057],[-99.415,27.044],[-99.277,26.921],[-99.218,26.91],[-99.218,26.805],[-99.184,26.76]]]}},{"type":"Feature","properties":{"name":"Lac Île-à-la-Crosse","rank":6},"geometry":{"type":"Polygon","coordinates":[[[-107.789,55.211],[-107.843,55.303],[-107.963,55.42],[-107.999,55.471],[-108.044,55.508],[-108.036,55.554],[-107.985,55.575],[-107.85,55.528],[-107.806,55.553],[-107.851,55.618],[-107.857,55.661],[-107.805,55.665],[-107.769,55.698],[-107.766,55.894],[-107.737,55.921],[-107.666,55.744],[-107.74,55.48],[-107.74,55.408],[-107.792,55.367],[-107.769,55.267],[-107.789,55.211]]]}},{"type":"Feature","properties":{"name":"Wholdaia Lake","rank":6},"geometry":{"type":"Polygon","coordinates":[[[-103.836,60.554],[-103.907,60.505],[-103.935,60.477],[-103.949,60.421],[-104.117,60.355],[-104.187,60.341],[-104.152,60.425],[-104.135,60.533],[-104.229,60.587],[-104.332,60.633],[-104.395,60.685],[-104.468,60.703],[-104.494,60.726],[-104.39,60.809],[-104.343,60.871],[-104.38,60.901],[-104.425,60.885],[-104.44,60.852],[-104.505,60.818],[-104.588,60.813],[-104.637,60.835],[-104.643,60.856],[-104.53,60.86],[-104.45,60.973],[-104.449,61.001],[-104.419,61.022],[-104.335,61.026],[-104.213,60.938],[-104.212,60.903],[-104.23,60.846],[-104.219,60.814],[-104.141,60.826],[-104.139,60.805],[-104.219,60.757],[-104.217,60.738],[-104.124,60.752],[-104.073,60.781],[-104.02,60.793],[-103.983,60.785],[-103.851,60.824],[-103.769,60.866],[-103.742,60.945],[-103.716,60.952],[-103.647,60.902],[-103.667,60.835],[-103.813,60.785],[-103.97,60.707],[-104.082,60.693],[-104.137,60.668],[-104.123,60.624],[-104.042,60.602],[-103.937,60.614],[-103.879,60.641],[-103.859,60.677],[-103.81,60.71],[-103.746,60.701],[-103.736,60.642],[-103.836,60.554]]]}},{"type":"Feature","properties":{"name":"Tehek Lake","rank":6},"geometry":{"type":"Polygon","coordinates":[[[-95.249,65.003],[-95.39,64.972],[-95.463,64.921],[-95.459,64.789],[-95.487,64.766],[-95.55,64.762],[-95.593,64.782],[-95.62,64.806],[-95.636,64.846],[-95.712,64.874],[-95.799,64.923],[-95.858,64.915],[-95.881,64.851],[-95.993,64.891],[-96.032,64.923],[-96.003,64.974],[-95.931,65.003],[-95.726,65.022],[-95.632,65.039],[-95.25,65.034],[-95.249,65.003]]]}},{"type":"Feature","properties":{"name":"Réservoir de Caniapiscau","rank":6},"geometry":{"type":"Polygon","coordinates":[[[-69.351,54.083],[-69.269,54.047],[-69.32,54.025],[-69.412,54.036],[-69.595,53.998],[-69.782,53.947],[-69.834,53.946],[-69.869,53.955],[-69.856,53.977],[-69.827,53.999],[-69.703,54.038],[-69.707,54.069],[-69.983,54.139],[-70.055,54.134],[-70.129,54.11],[-70.141,54.129],[-70.084,54.178],[-70.011,54.223],[-69.879,54.261],[-69.869,54.289],[-69.88,54.311],[-69.927,54.32],[-69.979,54.318],[-70.029,54.337],[-70.082,54.343],[-70.041,54.372],[-69.971,54.365],[-69.901,54.379],[-69.858,54.368],[-69.804,54.312],[-69.793,54.283],[-69.682,54.268],[-69.687,54.24],[-69.664,54.21],[-69.704,54.172],[-69.697,54.153],[-69.588,54.107],[-69.477,54.092],[-69.406,54.121],[-69.351,54.083]]]}},{"type":"Feature","properties":{"name":null,"rank":1},"geometry":{"type":"Polygon","coordinates":[[[-68.68,53.798],[-68.705,53.775],[-68.726,53.689],[-68.707,53.61],[-68.716,53.583],[-68.777,53.577],[-68.853,53.594],[-68.869,53.576],[-68.869,53.523],[-68.9,53.483],[-69.055,53.428],[-69.085,53.444],[-68.947,53.609],[-68.868,53.645],[-68.827,53.676],[-68.837,53.717],[-68.866,53.737],[-68.85,53.755],[-68.781,53.775],[-68.767,53.796],[-68.814,53.846],[-68.907,53.876],[-68.967,53.908],[-69.008,53.94],[-69.061,53.958],[-69.225,53.949],[-69.243,53.961],[-69.231,53.979],[-69.171,53.99],[-69.154,54],[-69.16,54.023],[-69.146,54.04],[-69.062,54.007],[-69.005,54.042],[-68.979,54.011],[-68.903,53.985],[-68.864,53.952],[-68.846,53.911],[-68.685,53.812],[-68.68,53.798]]]}},{"type":"Feature","properties":{"name":null,"rank":1},"geometry":{"type":"Polygon","coordinates":[[[-70.233,54.444],[-70.274,54.436],[-70.312,54.408],[-70.419,54.359],[-70.497,54.407],[-70.517,54.441],[-70.46,54.432],[-70.424,54.41],[-70.214,54.479],[-70.095,54.473],[-69.97,54.49],[-69.932,54.516],[-69.912,54.552],[-69.912,54.617],[-69.92,54.654],[-69.96,54.684],[-70.029,54.676],[-70.008,54.722],[-69.983,54.742],[-69.935,54.732],[-69.9,54.704],[-69.86,54.622],[-69.84,54.556],[-69.839,54.525],[-69.774,54.492],[-69.766,54.466],[-69.882,54.456],[-69.949,54.425],[-69.988,54.425],[-70.015,54.438],[-70.155,54.436],[-70.233,54.444]]]}},{"type":"Feature","properties":{"name":"Kentucky Lake","rank":6},"geometry":{"type":"Polygon","coordinates":[[[-88.057,36.669],[-88.023,36.528],[-88.007,36.427],[-87.91,36.187],[-87.934,36.074],[-87.975,35.945],[-88.041,35.949],[-87.983,36.099],[-87.991,36.234],[-88.039,36.307],[-88.066,36.314],[-88.092,36.26],[-88.116,36.293],[-88.119,36.355],[-88.086,36.447],[-88.084,36.555],[-88.272,36.951],[-88.283,37.022],[-88.207,36.971],[-88.057,36.669]]]}},{"type":"Feature","properties":{"name":"J. Strom Thurmond Lake","rank":6},"geometry":{"type":"Polygon","coordinates":[[[-82.411,33.954],[-82.381,33.927],[-82.327,33.847],[-82.247,33.774],[-82.188,33.694],[-82.208,33.664],[-82.332,33.672],[-82.468,33.641],[-82.575,33.643],[-82.541,33.662],[-82.439,33.671],[-82.275,33.725],[-82.308,33.776],[-82.491,33.898],[-82.521,33.893],[-82.579,33.865],[-82.553,33.937],[-82.577,33.956],[-82.589,34.017],[-82.546,34.009],[-82.441,33.938],[-82.411,33.954]]]}},{"type":"Feature","properties":{"name":"Kinbasket Lake","rank":6},"geometry":{"type":"Polygon","coordinates":[[[-118.402,52.172],[-118.287,52.159],[-118.18,52.178],[-118.218,52.129],[-118.366,52.09],[-118.392,52.069],[-118.448,52.06],[-118.499,52.069],[-118.527,52.102],[-118.551,52.241],[-118.642,52.332],[-118.751,52.404],[-118.89,52.549],[-119.128,52.739],[-119.058,52.727],[-118.677,52.411],[-118.565,52.303],[-118.402,52.172]]]}},{"type":"Feature","properties":{"name":"Lake George","rank":6},"geometry":{"type":"Polygon","coordinates":[[[-81.684,29.368],[-81.683,29.505],[-81.64,29.414],[-81.54,29.287],[-81.529,29.224],[-81.595,29.198],[-81.64,29.258],[-81.684,29.368]]]}},{"type":"Feature","properties":{"name":"Lake Havasu","rank":6},"geometry":{"type":"Polygon","coordinates":[[[-114.359,34.438],[-114.405,34.488],[-114.377,34.54],[-114.327,34.478],[-114.221,34.421],[-114.082,34.318],[-114.134,34.242],[-114.164,34.253],[-114.189,34.318],[-114.359,34.438]]]}},{"type":"Feature","properties":{"name":"Shasta Lake","rank":1},"geometry":{"type":"Polygon","coordinates":[[[-122.232,40.871],[-122.242,40.806],[-122.229,40.793],[-122.116,40.8],[-122.095,40.783],[-122.102,40.766],[-122.151,40.746],[-122.241,40.754],[-122.364,40.724],[-122.411,40.721],[-122.426,40.744],[-122.395,40.829],[-122.362,40.82],[-122.351,40.784],[-122.301,40.804],[-122.259,40.861],[-122.232,40.871]]]}},{"type":"Feature","properties":{"name":"Point Lake","rank":6},"geometry":{"type":"Polygon","coordinates":[[[-114.098,65.378],[-114.185,65.446],[-114.442,65.477],[-114.381,65.616],[-114.397,65.657],[-114.229,65.677],[-114.173,65.638],[-114.183,65.611],[-114.298,65.6],[-114.287,65.555],[-114.169,65.496],[-114.077,65.476],[-114.001,65.448],[-113.937,65.444],[-113.91,65.402],[-113.84,65.368],[-113.621,65.416],[-113.517,65.385],[-113.401,65.382],[-113.271,65.401],[-113.113,65.385],[-113.125,65.361],[-113.224,65.356],[-113.316,65.332],[-113.312,65.318],[-113.272,65.306],[-113.125,65.292],[-112.678,65.203],[-112.55,65.207],[-112.462,65.22],[-112.217,65.225],[-112.222,65.192],[-112.307,65.183],[-112.346,65.128],[-112.242,64.966],[-112.288,64.952],[-112.318,64.96],[-112.457,65.153],[-112.65,65.16],[-112.939,65.213],[-112.997,65.196],[-113.063,65.216],[-113.324,65.26],[-113.507,65.272],[-113.618,65.253],[-113.787,65.244],[-113.95,65.335],[-114.098,65.378]]]}},{"type":"Feature","properties":{"name":"Upper Klamath Lake","rank":6},"geometry":{"type":"Polygon","coordinates":[[[-121.941,42.604],[-121.948,42.499],[-121.828,42.409],[-121.806,42.289],[-121.809,42.251],[-121.842,42.256],[-121.922,42.332],[-121.921,42.36],[-121.957,42.396],[-122.042,42.428],[-122.06,42.475],[-121.965,42.59],[-121.941,42.604]]]}},{"type":"Feature","properties":{"name":"Harney Lake","rank":6},"geometry":{"type":"Polygon","coordinates":[[[-119.195,43.229],[-119.205,43.256],[-119.183,43.282],[-119.133,43.308],[-119.019,43.259],[-119.005,43.239],[-119.023,43.197],[-119.081,43.16],[-119.163,43.184],[-119.195,43.229]]]}},{"type":"Feature","properties":{"name":"Chiputneticook Lakes","rank":6},"geometry":{"type":"Polygon","coordinates":[[[-67.708,45.692],[-67.6,45.637],[-67.533,45.643],[-67.48,45.683],[-67.449,45.607],[-67.512,45.589],[-67.625,45.602],[-67.779,45.67],[-67.863,45.74],[-67.787,45.759],[-67.708,45.692]]]}},{"type":"Feature","properties":{"name":"Aishihik Lake","rank":6},"geometry":{"type":"Polygon","coordinates":[[[-137.148,61.503],[-137.096,61.457],[-137.075,61.386],[-137.042,61.31],[-136.992,61.273],[-136.989,61.235],[-137,61.227],[-137.033,61.262],[-137.083,61.292],[-137.168,61.45],[-137.332,61.542],[-137.522,61.636],[-137.442,61.652],[-137.331,61.612],[-137.148,61.503]]]}},{"type":"Feature","properties":{"name":null,"rank":1},"geometry":{"type":"Polygon","coordinates":[[[-155.453,58.637],[-155.655,58.602],[-155.646,58.576],[-155.496,58.548],[-155.473,58.53],[-155.52,58.515],[-155.653,58.52],[-155.841,58.597],[-156.162,58.605],[-156.323,58.629],[-156.409,58.691],[-156.343,58.709],[-156.198,58.712],[-156.197,58.724],[-156.153,58.729],[-156.006,58.688],[-155.435,58.66],[-155.453,58.637]]]}},{"type":"Feature","properties":{"name":null,"rank":1},"geometry":{"type":"Polygon","coordinates":[[[-162.838,61.041],[-163.031,61.083],[-163.002,61.109],[-162.801,61.081],[-162.713,61.077],[-162.838,61.041]]]}},{"type":"Feature","properties":{"name":"Lake Clark","rank":6},"geometry":{"type":"Polygon","coordinates":[[[-154.473,60.222],[-154.312,60.279],[-154.089,60.34],[-153.689,60.431],[-153.627,60.436],[-153.659,60.404],[-154.056,60.301],[-154.26,60.23],[-154.72,60.04],[-154.752,60.07],[-154.573,60.183],[-154.541,60.189],[-154.473,60.222]]]}},{"type":"Feature","properties":{"name":null,"rank":1},"geometry":{"type":"Polygon","coordinates":[[[-151.166,60.227],[-151.149,60.253],[-151.065,60.305],[-150.894,60.272],[-150.654,60.121],[-150.681,60.048],[-150.716,60.052],[-150.831,60.128],[-151.021,60.206],[-151.06,60.218],[-151.166,60.227]]]}},{"type":"Feature","properties":{"name":null,"rank":1},"geometry":{"type":"Polygon","coordinates":[[[-160.002,61.35],[-160.089,61.34],[-160.131,61.358],[-160.103,61.406],[-160.038,61.422],[-159.971,61.402],[-159.934,61.367],[-160.002,61.35]]]}},{"type":"Feature","properties":{"name":null,"rank":1},"geometry":{"type":"Polygon","coordinates":[[[-162.307,60.951],[-162.297,60.918],[-162.204,60.853],[-162.242,60.827],[-162.275,60.821],[-162.37,60.83],[-162.396,60.899],[-162.397,60.95],[-162.362,60.99],[-162.307,60.951]]]}},{"type":"Feature","properties":{"name":null,"rank":1},"geometry":{"type":"Polygon","coordinates":[[[-163.706,61.562],[-163.638,61.519],[-163.699,61.472],[-163.729,61.523],[-163.959,61.619],[-163.973,61.645],[-163.931,61.648],[-163.783,61.602],[-163.706,61.562]]]}},{"type":"Feature","properties":{"name":null,"rank":1},"geometry":{"type":"Polygon","coordinates":[[[-163.459,62.671],[-163.5,62.652],[-163.524,62.574],[-163.582,62.6],[-163.619,62.675],[-163.456,62.71],[-163.41,62.679],[-163.459,62.671]]]}},{"type":"Feature","properties":{"name":"Wheeler Lake","rank":1},"geometry":{"type":"Polygon","coordinates":[[[-87.661,34.814],[-87.542,34.851],[-87.383,34.851],[-87.268,34.808],[-87.006,34.683],[-86.899,34.575],[-86.959,34.565],[-87.323,34.767],[-87.512,34.792],[-87.637,34.765],[-87.7,34.773],[-87.661,34.814]]]}},{"type":"Feature","properties":{"name":null,"rank":1},"geometry":{"type":"Polygon","coordinates":[[[-76.677,51.373],[-76.554,51.364],[-76.563,51.344],[-76.751,51.288],[-77.026,51.329],[-76.983,51.343],[-76.903,51.355],[-76.819,51.416],[-76.762,51.391],[-76.677,51.373]]]}},{"type":"Feature","properties":{"name":null,"rank":1},"geometry":{"type":"Polygon","coordinates":[[[-91.418,51.12],[-91.39,51.071],[-91.542,51.085],[-91.647,51.154],[-91.609,51.166],[-91.441,51.163],[-91.417,51.143],[-91.418,51.12]]]}},{"type":"Feature","properties":{"name":null,"rank":1},"geometry":{"type":"Polygon","coordinates":[[[-91.97,51.958],[-91.95,51.982],[-91.895,51.952],[-91.91,51.911],[-91.932,51.894],[-91.991,51.937],[-91.97,51.958]]]}},{"type":"Feature","properties":{"name":null,"rank":1},"geometry":{"type":"Polygon","coordinates":[[[-78.616,51.077],[-78.55,51.034],[-78.813,51.097],[-78.827,51.152],[-78.794,51.146],[-78.72,51.109],[-78.616,51.077]]]}},{"type":"Feature","properties":{"name":null,"rank":1},"geometry":{"type":"Polygon","coordinates":[[[-78.628,47.597],[-78.696,47.577],[-78.763,47.57],[-78.787,47.595],[-78.813,47.656],[-78.792,47.691],[-78.612,47.681],[-78.571,47.656],[-78.584,47.625],[-78.628,47.597]]]}},{"type":"Feature","properties":{"name":null,"rank":1},"geometry":{"type":"Polygon","coordinates":[[[-77.273,47.591],[-77.235,47.55],[-77.177,47.547],[-77.129,47.561],[-77.102,47.545],[-77.065,47.508],[-76.963,47.502],[-76.935,47.488],[-76.966,47.442],[-77.119,47.477],[-77.185,47.456],[-77.179,47.412],[-77.165,47.389],[-77.181,47.369],[-77.259,47.347],[-77.289,47.386],[-77.27,47.463],[-77.304,47.513],[-77.322,47.573],[-77.304,47.607],[-77.288,47.614],[-77.273,47.591]]]}},{"type":"Feature","properties":{"name":null,"rank":1},"geometry":{"type":"Polygon","coordinates":[[[-108.09,64.715],[-108.085,64.737],[-108.044,64.749],[-108.016,64.745],[-107.979,64.72],[-107.987,64.71],[-108.063,64.697],[-108.09,64.715]]]}},{"type":"Feature","properties":{"name":null,"rank":1},"geometry":{"type":"Polygon","coordinates":[[[-108.189,64.646],[-108.24,64.625],[-108.481,64.559],[-108.533,64.562],[-108.494,64.598],[-108.24,64.684],[-108.18,64.686],[-108.189,64.646]]]}},{"type":"Feature","properties":{"name":null,"rank":1},"geometry":{"type":"Polygon","coordinates":[[[-108.929,64.6],[-108.989,64.613],[-109.09,64.587],[-109.1,64.603],[-109.098,64.656],[-109.061,64.686],[-109.071,64.711],[-109.062,64.727],[-108.93,64.706],[-108.893,64.664],[-108.821,64.552],[-108.854,64.561],[-108.929,64.6]]]}},{"type":"Feature","properties":{"name":null,"rank":1},"geometry":{"type":"Polygon","coordinates":[[[-109.251,64.594],[-109.282,64.608],[-109.34,64.655],[-109.362,64.702],[-109.36,64.734],[-109.347,64.758],[-109.291,64.758],[-109.24,64.74],[-109.284,64.702],[-109.272,64.662],[-109.149,64.58],[-109.16,64.547],[-109.273,64.536],[-109.235,64.565],[-109.251,64.594]]]}},{"type":"Feature","properties":{"name":null,"rank":1},"geometry":{"type":"Polygon","coordinates":[[[-78.866,71.16],[-78.671,71.126],[-78.671,71.112],[-78.699,71.1],[-78.896,71.089],[-79.211,71.097],[-79.339,71.122],[-79.367,71.149],[-79.326,71.17],[-79.277,71.175],[-78.88,71.173],[-78.866,71.16]]]}},{"type":"Feature","properties":{"name":null,"rank":1},"geometry":{"type":"Polygon","coordinates":[[[-104.511,69.718],[-104.646,69.733],[-104.862,69.856],[-104.762,69.858],[-104.482,69.84],[-104.358,69.815],[-104.388,69.756],[-104.511,69.718]]]}},{"type":"Feature","properties":{"name":null,"rank":1},"geometry":{"type":"Polygon","coordinates":[[[-98.382,67.384],[-98.302,67.35],[-98.229,67.332],[-98.272,67.289],[-98.421,67.192],[-98.491,67.206],[-98.546,67.243],[-98.552,67.272],[-98.523,67.351],[-98.486,67.421],[-98.435,67.414],[-98.382,67.384]]]}},{"type":"Feature","properties":{"name":null,"rank":1},"geometry":{"type":"Polygon","coordinates":[[[-96.285,55.238],[-96.205,55.271],[-96.055,55.287],[-95.853,55.361],[-95.789,55.4],[-95.702,55.401],[-95.676,55.364],[-95.733,55.308],[-96.106,55.217],[-96.229,55.212],[-96.285,55.238]]]}},{"type":"Feature","properties":{"name":null,"rank":1},"geometry":{"type":"Polygon","coordinates":[[[-102.363,54.578],[-102.336,54.655],[-102.287,54.715],[-102.197,54.738],[-102.116,54.708],[-102.106,54.598],[-102.128,54.494],[-102.169,54.455],[-102.256,54.449],[-102.34,54.475],[-102.378,54.516],[-102.363,54.578]]]}},{"type":"Feature","properties":{"name":null,"rank":1},"geometry":{"type":"Polygon","coordinates":[[[-105.812,54.234],[-105.728,54.414],[-105.714,54.492],[-105.683,54.509],[-105.568,54.459],[-105.553,54.39],[-105.57,54.327],[-105.636,54.268],[-105.673,54.222],[-105.707,54.15],[-105.714,54.086],[-105.755,54.055],[-105.805,54.078],[-105.812,54.234]]]}},{"type":"Feature","properties":{"name":null,"rank":1},"geometry":{"type":"Polygon","coordinates":[[[-70.932,53.519],[-70.935,53.483],[-70.904,53.458],[-70.861,53.452],[-70.843,53.427],[-70.865,53.407],[-70.98,53.431],[-71.048,53.501],[-71.125,53.565],[-71.117,53.591],[-71.019,53.596],[-70.95,53.565],[-70.932,53.519]]]}},{"type":"Feature","properties":{"name":null,"rank":1},"geometry":{"type":"Polygon","coordinates":[[[-60.904,52.55],[-60.724,52.444],[-60.708,52.409],[-60.657,52.358],[-60.604,52.329],[-60.6,52.32],[-60.648,52.315],[-60.739,52.378],[-60.79,52.424],[-60.917,52.477],[-60.968,52.516],[-61.15,52.589],[-61.297,52.603],[-61.139,52.619],[-60.904,52.55]]]}},{"type":"Feature","properties":{"name":null,"rank":1},"geometry":{"type":"Polygon","coordinates":[[[-111.996,64.66],[-111.988,64.69],[-112.151,64.78],[-112.326,64.86],[-112.343,64.899],[-112.114,64.848],[-111.887,64.701],[-111.927,64.659],[-111.966,64.638],[-111.996,64.66]]]}},{"type":"Feature","properties":{"name":null,"rank":1},"geometry":{"type":"Polygon","coordinates":[[[-83.611,48.378],[-83.688,48.339],[-83.781,48.305],[-83.832,48.315],[-83.925,48.307],[-83.854,48.337],[-83.721,48.421],[-83.573,48.424],[-83.429,48.506],[-83.468,48.434],[-83.611,48.378]]]}},{"type":"Feature","properties":{"name":null,"rank":1},"geometry":{"type":"Polygon","coordinates":[[[-107.063,55.82],[-107.059,55.855],[-107.011,55.89],[-106.947,55.921],[-106.897,55.927],[-106.88,55.908],[-106.984,55.832],[-106.973,55.815],[-107.009,55.806],[-107.063,55.82]]]}},{"type":"Feature","properties":{"name":null,"rank":1},"geometry":{"type":"Polygon","coordinates":[[[-106.472,55.631],[-106.514,55.639],[-106.524,55.657],[-106.551,55.668],[-106.539,55.689],[-106.344,55.76],[-106.33,55.74],[-106.359,55.691],[-106.341,55.662],[-106.472,55.631]]]}},{"type":"Feature","properties":{"name":null,"rank":1},"geometry":{"type":"Polygon","coordinates":[[[-102.597,62.657],[-102.56,62.552],[-102.551,62.499],[-102.576,62.45],[-102.67,62.418],[-102.737,62.41],[-102.677,62.56],[-102.692,62.602],[-102.769,62.669],[-102.774,62.704],[-102.694,62.762],[-102.66,62.76],[-102.597,62.657]]]}},{"type":"Feature","properties":{"name":null,"rank":1},"geometry":{"type":"Polygon","coordinates":[[[-103.447,61.366],[-103.469,61.385],[-103.478,61.431],[-103.456,61.513],[-103.342,61.562],[-103.233,61.642],[-103.21,61.677],[-103.144,61.653],[-103.191,61.588],[-103.296,61.521],[-103.392,61.395],[-103.447,61.366]]]}},{"type":"Feature","properties":{"name":null,"rank":1},"geometry":{"type":"Polygon","coordinates":[[[-103.836,58.609],[-103.786,58.691],[-103.663,58.702],[-103.6,58.661],[-103.623,58.607],[-103.668,58.545],[-103.819,58.583],[-103.836,58.609]]]}},{"type":"Feature","properties":{"name":null,"rank":1},"geometry":{"type":"Polygon","coordinates":[[[-69.153,56.507],[-69.123,56.332],[-69.077,56.272],[-68.808,56.089],[-68.795,56.055],[-69.121,56.248],[-69.189,56.326],[-69.195,56.427],[-69.274,56.504],[-69.128,56.65],[-69.153,56.507]]]}},{"type":"Feature","properties":{"name":null,"rank":1},"geometry":{"type":"Polygon","coordinates":[[[-88.93,66.577],[-89.089,66.483],[-89.075,66.556],[-88.96,66.607],[-88.792,66.633],[-88.82,66.596],[-88.93,66.577]]]}},{"type":"Feature","properties":{"name":null,"rank":1},"geometry":{"type":"Polygon","coordinates":[[[-88.202,66.633],[-88.091,66.605],[-88.213,66.581],[-88.284,66.634],[-88.396,66.657],[-88.547,66.64],[-88.682,66.579],[-88.71,66.597],[-88.711,66.632],[-88.658,66.665],[-88.615,66.711],[-88.567,66.714],[-88.463,66.701],[-88.341,66.705],[-88.202,66.633]]]}}]}