{"type":"FeatureCollection","features":[{"type":"Feature","properties":{"iso":"US","name":"United States of America","us":true},"geometry":{"type":"MultiPolygon","coordinates":[[[[-132.747,56.526],[-132.758,56.511],[-132.885,56.512],[-132.931,56.524],[-132.948,56.567],[-132.936,56.607],[-132.871,56.696],[-132.843,56.795],[-132.656,56.685],[-132.599,56.636],[-132.568,56.576],[-132.747,56.526]]],[[[-132.78,56.247],[-132.891,56.259],[-133.035,56.341],[-133.038,56.365],[-133.017,56.392],[-132.902,56.454],[-132.643,56.435],[-132.629,56.412],[-132.658,56.339],[-132.647,56.313],[-132.669,56.287],[-132.78,56.247]]],[[[-134.313,58.229],[-134.32,58.204],[-134.456,58.207],[-134.594,58.243],[-134.662,58.291],[-134.648,58.312],[-134.52,58.333],[-134.399,58.287],[-134.313,58.229]]],[[[-145.119,60.337],[-145.15,60.313],[-145.284,60.337],[-145.128,60.401],[-145.102,60.388],[-145.119,60.337]]],[[[-144.566,59.818],[-144.614,59.813],[-144.445,59.951],[-144.354,59.996],[-144.236,60.015],[-144.249,59.982],[-144.403,59.921],[-144.566,59.818]]],[[[-148.022,60.065],[-148.074,60.035],[-148.272,60.053],[-148.231,60.114],[-148.08,60.152],[-147.914,60.092],[-148.022,60.065]]],[[[-152.021,60.362],[-152.069,60.358],[-152.004,60.407],[-151.96,60.504],[-151.899,60.49],[-151.887,60.473],[-151.987,60.374],[-152.021,60.362]]],[[[-160.329,55.338],[-160.343,55.259],[-160.517,55.334],[-160.493,55.352],[-160.362,55.357],[-160.329,55.338]]],[[[-159.362,54.972],[-159.421,54.978],[-159.462,55.059],[-159.39,55.041],[-159.362,54.972]]],[[[-159.515,55.152],[-159.52,55.072],[-159.535,55.06],[-159.561,55.081],[-159.618,55.057],[-159.648,55.075],[-159.64,55.124],[-159.598,55.126],[-159.595,55.182],[-159.575,55.218],[-159.545,55.226],[-159.515,55.152]]],[[[-166.21,53.723],[-166.249,53.745],[-166.251,53.768],[-166.188,53.822],[-166.114,53.843],[-166.103,53.833],[-166.139,53.787],[-166.21,53.723]]],[[[-176.009,51.812],[-176.093,51.79],[-176.204,51.835],[-176.194,51.886],[-176.009,51.812]]],[[[-166.11,66.227],[-166.149,66.222],[-166.146,66.237],[-166.033,66.278],[-165.822,66.328],[-166.11,66.227]]],[[[-171.463,63.64],[-171.448,63.616],[-171.197,63.609],[-171.035,63.585],[-170.875,63.594],[-170.673,63.669],[-170.43,63.699],[-170.299,63.681],[-170.122,63.618],[-170.017,63.492],[-169.624,63.431],[-169.555,63.373],[-169.428,63.348],[-168.996,63.347],[-168.716,63.311],[-168.761,63.214],[-168.852,63.171],[-169.109,63.185],[-169.365,63.171],[-169.471,63.121],[-169.559,63.058],[-169.571,62.997],[-169.676,62.956],[-169.72,62.99],[-169.778,63.094],[-169.819,63.122],[-169.988,63.173],[-170.19,63.196],[-170.243,63.232],[-170.273,63.284],[-170.527,63.379],[-170.954,63.453],[-171.061,63.446],[-171.401,63.339],[-171.519,63.332],[-171.632,63.351],[-171.791,63.425],[-171.819,63.477],[-171.818,63.53],[-171.746,63.703],[-171.646,63.727],[-171.463,63.64]]],[[[-166.135,60.384],[-166.044,60.334],[-165.841,60.346],[-165.73,60.314],[-165.696,60.282],[-165.689,60.224],[-165.714,60.173],[-165.712,60.069],[-165.631,60.028],[-165.592,59.913],[-165.947,59.89],[-166.1,59.85],[-166.131,59.82],[-166.107,59.775],[-166.149,59.764],[-166.262,59.815],[-166.628,59.865],[-166.985,59.984],[-167.139,60.009],[-167.295,60.096],[-167.436,60.207],[-167.252,60.234],[-166.836,60.217],[-166.784,60.296],[-166.476,60.383],[-166.364,60.365],[-166.185,60.397],[-166.135,60.384]]],[[[-152.898,57.824],[-152.891,57.769],[-152.616,57.849],[-152.512,57.851],[-152.429,57.826],[-152.412,57.806],[-152.419,57.782],[-152.485,57.734],[-152.483,57.703],[-152.411,57.646],[-152.237,57.615],[-152.215,57.598],[-152.216,57.577],[-152.337,57.482],[-152.412,57.455],[-152.831,57.503],[-152.941,57.498],[-152.997,57.469],[-152.781,57.453],[-152.72,57.411],[-152.679,57.345],[-152.789,57.321],[-152.879,57.321],[-152.99,57.282],[-153.052,57.238],[-153.274,57.226],[-153.444,57.167],[-153.504,57.138],[-153.524,57.103],[-153.588,57.078],[-153.733,57.052],[-153.647,57.03],[-153.631,56.984],[-153.643,56.961],[-153.757,56.858],[-153.973,56.774],[-154.051,56.788],[-154.071,56.821],[-153.793,56.99],[-153.88,57.004],[-153.999,57.05],[-154.103,57.021],[-154.025,57.108],[-154.035,57.122],[-154.244,57.143],[-154.324,57.132],[-154.381,57.097],[-154.27,57.099],[-154.239,57.087],[-154.191,57.036],[-154.184,57.005],[-154.261,56.912],[-154.339,56.921],[-154.499,57.037],[-154.569,57.206],[-154.706,57.335],[-154.712,57.366],[-154.673,57.446],[-154.535,57.559],[-154.387,57.59],[-154.281,57.638],[-154.116,57.651],[-154.03,57.631],[-153.995,57.587],[-154.016,57.567],[-154.008,57.556],[-153.947,57.53],[-153.805,57.358],[-153.688,57.305],[-153.757,57.367],[-153.798,57.443],[-153.818,57.596],[-153.838,57.636],[-153.69,57.641],[-153.693,57.663],[-153.808,57.715],[-153.879,57.757],[-153.906,57.791],[-153.904,57.82],[-153.842,57.863],[-153.769,57.88],[-153.696,57.871],[-153.663,57.858],[-153.524,57.731],[-153.488,57.731],[-153.39,57.798],[-153.217,57.796],[-153.2,57.82],[-153.201,57.863],[-153.175,57.879],[-153.169,57.911],[-153.226,57.958],[-153.16,57.972],[-152.943,57.936],[-152.85,57.897],[-152.898,57.824]]],[[[-130.025,55.888],[-130.112,55.78],[-130.147,55.654],[-130.14,55.585],[-130.059,55.412],[-130.037,55.298],[-130.172,55.137],[-130.219,55.06],[-130.214,55.026],[-130.575,54.77],[-130.616,54.791],[-130.85,54.808],[-130.935,54.95],[-130.98,55.061],[-131.048,55.158],[-131.046,55.18],[-130.984,55.244],[-130.75,55.297],[-130.748,55.318],[-130.835,55.332],[-130.856,55.355],[-130.88,55.46],[-130.88,55.612],[-130.919,55.736],[-131.128,55.96],[-131.14,55.998],[-131.033,56.088],[-131.635,55.932],[-131.784,55.877],[-131.826,55.835],[-131.803,55.766],[-131.834,55.735],[-131.869,55.647],[-131.945,55.554],[-131.983,55.535],[-132.119,55.57],[-132.155,55.6],[-132.223,55.721],[-132.208,55.753],[-132.091,55.84],[-132.006,55.93],[-131.844,56.16],[-131.738,56.161],[-131.551,56.207],[-131.888,56.242],[-132.022,56.38],[-132.182,56.421],[-132.305,56.52],[-132.358,56.626],[-132.476,56.65],[-132.487,56.766],[-132.64,56.796],[-132.702,56.822],[-132.802,56.895],[-132.839,56.96],[-132.814,57.041],[-132.825,57.056],[-132.913,57.047],[-133.466,57.172],[-133.437,57.337],[-133.539,57.554],[-133.649,57.642],[-133.603,57.695],[-133.554,57.695],[-133.143,57.555],[-133.117,57.566],[-133.515,57.775],[-133.535,57.833],[-133.536,57.864],[-133.511,57.88],[-133.212,57.866],[-133.194,57.878],[-133.559,57.924],[-133.657,57.841],[-133.722,57.844],[-133.894,57.993],[-134.031,58.072],[-134.057,58.128],[-134.063,58.211],[-134.045,58.289],[-133.934,58.468],[-133.877,58.518],[-133.944,58.498],[-134.036,58.415],[-134.131,58.279],[-134.209,58.233],[-134.258,58.244],[-134.331,58.3],[-134.485,58.367],[-134.664,58.385],[-134.776,58.454],[-134.943,58.646],[-134.965,58.742],[-134.986,58.766],[-135.076,58.797],[-135.132,58.843],[-135.217,59.077],[-135.33,59.239],[-135.358,59.325],[-135.349,59.41],[-135.364,59.419],[-135.413,59.318],[-135.484,59.309],[-135.4,59.208],[-135.502,59.202],[-135.386,59.088],[-135.334,58.91],[-135.257,58.778],[-135.152,58.512],[-135.062,58.341],[-135.05,58.307],[-135.09,58.246],[-135.142,58.233],[-135.303,58.256],[-135.45,58.376],[-135.572,58.412],[-135.898,58.4],[-135.896,58.464],[-135.862,58.577],[-136.046,58.789],[-136.043,58.822],[-135.826,58.898],[-135.932,58.904],[-136.017,58.874],[-136.049,58.893],[-136.101,59],[-136.15,59.048],[-136.159,58.947],[-136.124,58.893],[-136.124,58.82],[-136.147,58.789],[-136.226,58.765],[-136.451,58.846],[-136.566,58.941],[-136.831,58.984],[-136.989,59.034],[-137.002,59.021],[-136.953,58.967],[-136.948,58.935],[-136.988,58.925],[-137.059,58.874],[-136.879,58.882],[-136.614,58.809],[-136.568,58.786],[-136.533,58.74],[-136.41,58.701],[-136.404,58.68],[-136.484,58.618],[-136.32,58.624],[-136.225,58.602],[-136.103,58.506],[-136.061,58.453],[-136.056,58.384],[-136.081,58.364],[-136.462,58.328],[-136.583,58.245],[-136.607,58.244],[-137.072,58.395],[-137.544,58.581],[-137.565,58.626],[-137.75,58.707],[-137.864,58.786],[-138.027,58.941],[-138.352,59.087],[-138.56,59.129],[-138.515,59.166],[-138.704,59.188],[-138.884,59.237],[-139.341,59.376],[-139.714,59.504],[-139.799,59.546],[-139.612,59.61],[-139.513,59.698],[-139.506,59.726],[-139.558,59.79],[-139.582,59.848],[-139.569,59.912],[-139.512,59.954],[-139.447,59.957],[-139.331,59.877],[-139.315,59.848],[-139.32,59.739],[-139.287,59.611],[-139.259,59.743],[-139.221,59.82],[-139.179,59.84],[-138.988,59.835],[-139.242,59.893],[-139.431,60.012],[-139.519,60.017],[-139.917,59.806],[-140.217,59.727],[-140.42,59.711],[-140.843,59.749],[-141.408,59.903],[-141.295,59.98],[-141.29,60.004],[-141.33,60.083],[-141.409,60.118],[-141.422,60.085],[-141.41,60.042],[-141.447,60.019],[-141.67,59.97],[-142.549,60.086],[-142.946,60.097],[-143.506,60.055],[-143.805,60.013],[-144.147,60.016],[-144.161,60.046],[-144.084,60.063],[-144.089,60.084],[-144.185,60.151],[-144.333,60.191],[-144.643,60.225],[-144.741,60.273],[-144.852,60.295],[-144.901,60.335],[-144.824,60.534],[-144.691,60.669],[-144.863,60.601],[-145.163,60.415],[-145.248,60.38],[-145.382,60.389],[-145.718,60.468],[-145.899,60.478],[-145.76,60.562],[-145.675,60.651],[-146.149,60.661],[-146.182,60.735],[-146.251,60.749],[-146.503,60.701],[-146.57,60.729],[-146.392,60.811],[-146.532,60.839],[-146.604,60.871],[-146.638,60.897],[-146.636,60.993],[-146.599,61.054],[-146.285,61.113],[-146.384,61.136],[-146.583,61.128],[-146.874,61.005],[-146.98,60.978],[-147.034,60.996],[-147.195,60.997],[-147.361,60.915],[-147.567,60.995],[-147.656,60.91],[-147.808,60.885],[-147.891,60.89],[-148.005,60.969],[-147.971,61.019],[-147.752,61.219],[-148.049,61.083],[-148.209,61.088],[-148.342,61.06],[-148.411,61.011],[-148.226,61.044],[-148.209,61.03],[-148.293,60.94],[-148.344,60.854],[-148.393,60.832],[-148.556,60.827],[-148.557,60.803],[-148.399,60.734],[-148.268,60.7],[-148.257,60.675],[-148.284,60.609],[-148.338,60.57],[-148.51,60.565],[-148.64,60.489],[-148.44,60.53],[-148.189,60.547],[-148.119,60.575],[-148.051,60.567],[-147.984,60.523],[-147.964,60.485],[-147.991,60.452],[-148.046,60.428],[-148.182,60.393],[-148.216,60.323],[-148.198,60.168],[-148.333,60.122],[-148.431,59.989],[-148.465,59.975],[-148.542,59.987],[-148.644,59.957],[-148.751,59.948],[-149.004,59.98],[-149.122,60.033],[-149.267,59.998],[-149.305,60.014],[-149.395,60.106],[-149.415,60.1],[-149.432,60.001],[-149.549,59.894],[-149.598,59.77],[-149.63,59.785],[-149.685,59.895],[-149.714,59.92],[-149.795,59.856],[-149.804,59.833],[-149.782,59.75],[-149.801,59.738],[-150.005,59.784],[-150.016,59.777],[-149.96,59.713],[-149.967,59.69],[-150.198,59.567],[-150.338,59.581],[-150.485,59.535],[-150.607,59.563],[-150.623,59.48],[-150.677,59.427],[-150.853,59.342],[-150.935,59.249],[-150.961,59.244],[-151.183,59.301],[-151.199,59.29],[-151.163,59.257],[-151.171,59.237],[-151.366,59.246],[-151.477,59.231],[-151.619,59.187],[-151.738,59.189],[-151.904,59.26],[-151.95,59.265],[-151.964,59.285],[-151.932,59.343],[-151.85,59.406],[-151.693,59.462],[-151.513,59.483],[-151.4,59.516],[-151.189,59.638],[-151.046,59.772],[-151.089,59.789],[-151.45,59.65],[-151.764,59.7],[-151.817,59.721],[-151.853,59.782],[-151.735,59.988],[-151.451,60.203],[-151.396,60.274],[-151.313,60.466],[-151.318,60.554],[-151.355,60.66],[-151.356,60.723],[-151.322,60.743],[-150.954,60.841],[-150.779,60.915],[-150.441,61.024],[-150.349,61.023],[-150.203,60.955],[-150.113,60.933],[-149.998,60.935],[-149.856,60.962],[-149.632,60.952],[-149.075,60.876],[-149.142,60.936],[-149.459,60.965],[-149.592,60.994],[-149.968,61.122],[-150.053,61.171],[-149.895,61.232],[-149.882,61.264],[-149.737,61.363],[-149.329,61.497],[-149.434,61.501],[-149.695,61.471],[-149.824,61.413],[-149.976,61.279],[-150.472,61.26],[-150.567,61.307],[-150.946,61.198],[-151.065,61.146],[-151.15,61.086],[-151.282,61.042],[-151.594,60.98],[-151.734,60.911],[-151.782,60.858],[-151.784,60.833],[-151.75,60.755],[-151.866,60.734],[-151.996,60.682],[-152.271,60.528],[-152.305,60.453],[-152.26,60.409],[-152.369,60.336],[-152.541,60.265],[-152.654,60.238],[-152.798,60.247],[-152.923,60.293],[-153.025,60.296],[-152.665,60.125],[-152.63,60.084],[-152.629,60.041],[-152.66,59.997],[-152.759,59.921],[-153.106,59.875],[-153.211,59.843],[-153.04,59.81],[-153.025,59.794],[-153.048,59.73],[-153.094,59.709],[-153.236,59.671],[-153.364,59.66],[-153.383,59.667],[-153.366,59.73],[-153.414,59.74],[-153.653,59.647],[-153.671,59.635],[-153.609,59.615],[-153.753,59.51],[-154.088,59.363],[-154.067,59.336],[-154.139,59.24],[-154.178,59.156],[-154.13,59.12],[-153.656,59.039],[-153.418,58.96],[-153.339,58.909],[-153.327,58.884],[-153.363,58.822],[-153.438,58.755],[-153.617,58.655],[-153.862,58.588],[-154.02,58.493],[-154.062,58.442],[-154.056,58.397],[-154.086,58.366],[-154.289,58.304],[-154.208,58.289],[-154.235,58.235],[-154.247,58.159],[-154.571,58.118],[-154.585,58.056],[-155.007,58.016],[-155.099,57.913],[-155.147,57.882],[-155.313,57.807],[-155.59,57.734],[-155.596,57.701],[-155.729,57.627],[-155.778,57.568],[-156,57.545],[-156.037,57.527],[-156.055,57.448],[-156.156,57.463],[-156.242,57.449],[-156.436,57.36],[-156.478,57.328],[-156.398,57.241],[-156.4,57.205],[-156.475,57.105],[-156.592,57.065],[-156.629,57.01],[-156.78,57.006],[-156.824,56.969],[-156.988,56.913],[-157.139,56.827],[-157.206,56.812],[-157.39,56.81],[-157.441,56.79],[-157.49,56.76],[-157.529,56.673],[-157.578,56.634],[-157.771,56.652],[-157.869,56.645],[-158.028,56.592],[-158.078,56.552],[-157.978,56.543],[-157.929,56.532],[-157.93,56.52],[-158.124,56.501],[-158.414,56.436],[-158.552,56.313],[-158.467,56.318],[-158.386,56.302],[-158.344,56.28],[-158.276,56.196],[-158.476,56.075],[-158.505,56.062],[-158.523,56.072],[-158.543,56.167],[-158.554,56.183],[-158.591,56.185],[-158.705,56.043],[-158.79,55.987],[-159.523,55.81],[-159.568,55.695],[-159.66,55.626],[-159.665,55.795],[-159.679,55.825],[-159.771,55.841],[-159.874,55.8],[-159.962,55.795],[-160.244,55.661],[-160.373,55.635],[-160.499,55.537],[-160.625,55.552],[-160.683,55.54],[-160.727,55.5],[-160.771,55.484],[-160.897,55.514],[-161.1,55.406],[-161.178,55.389],[-161.382,55.371],[-161.464,55.383],[-161.481,55.398],[-161.477,55.465],[-161.413,55.536],[-161.373,55.556],[-161.313,55.559],[-161.202,55.544],[-161.255,55.579],[-161.357,55.612],[-161.459,55.629],[-161.517,55.618],[-161.654,55.563],[-161.684,55.53],[-161.742,55.391],[-162.074,55.139],[-162.167,55.144],[-162.275,55.073],[-162.333,55.05],[-162.386,55.052],[-162.457,55.078],[-162.413,55.107],[-162.427,55.145],[-162.495,55.208],[-162.542,55.243],[-162.63,55.247],[-162.644,55.218],[-162.619,55.038],[-162.674,54.997],[-162.82,54.95],[-162.865,54.955],[-162.996,55.046],[-163.12,55.065],[-163.128,55.035],[-163.1,54.974],[-163.131,54.917],[-163.221,54.863],[-163.289,54.838],[-163.335,54.839],[-163.338,54.876],[-163.296,54.949],[-163.286,55.01],[-163.304,55.096],[-163.279,55.122],[-163.115,55.194],[-163.045,55.205],[-162.962,55.184],[-162.907,55.196],[-162.872,55.219],[-162.857,55.253],[-162.659,55.351],[-162.513,55.45],[-162.349,55.595],[-162.157,55.719],[-161.937,55.824],[-161.697,55.907],[-161.216,56.021],[-161.179,56.014],[-161.223,55.977],[-161.193,55.954],[-160.969,55.97],[-160.899,55.994],[-160.878,55.971],[-160.902,55.941],[-161.008,55.912],[-161.005,55.887],[-160.851,55.772],[-160.803,55.754],[-160.746,55.771],[-160.758,55.855],[-160.706,55.87],[-160.53,55.863],[-160.437,55.817],[-160.292,55.805],[-160.27,55.832],[-160.308,55.864],[-160.48,55.935],[-160.527,55.965],[-160.539,56.006],[-160.461,56.138],[-160.302,56.314],[-159.785,56.562],[-159.283,56.689],[-158.99,56.86],[-158.918,56.882],[-158.918,56.847],[-158.895,56.816],[-158.675,56.795],[-158.666,56.828],[-158.685,56.944],[-158.661,57.039],[-158.586,57.114],[-158.321,57.298],[-158.134,57.366],[-157.846,57.528],[-157.737,57.548],[-157.697,57.539],[-157.646,57.498],[-157.535,57.483],[-157.462,57.506],[-157.572,57.541],[-157.608,57.601],[-157.681,57.638],[-157.697,57.679],[-157.621,57.895],[-157.611,58.051],[-157.555,58.14],[-157.443,58.172],[-157.194,58.194],[-157.339,58.235],[-157.488,58.254],[-157.524,58.351],[-157.524,58.421],[-157.461,58.503],[-157.229,58.641],[-156.975,58.736],[-157.04,58.773],[-156.809,59.134],[-156.963,58.989],[-157.142,58.878],[-157.666,58.748],[-158.022,58.64],[-158.191,58.614],[-158.303,58.642],[-158.503,58.85],[-158.476,58.938],[-158.426,58.999],[-158.315,59.009],[-158.189,58.98],[-158.081,58.977],[-158.221,59.038],[-158.423,59.09],[-158.514,59.073],[-158.584,58.988],[-158.678,58.929],[-158.809,58.974],[-158.776,58.903],[-158.838,58.794],[-158.861,58.719],[-158.772,58.52],[-158.789,58.441],[-158.951,58.405],[-159.083,58.47],[-159.454,58.793],[-159.67,58.911],[-159.741,58.894],[-159.832,58.836],[-159.92,58.82],[-160.153,58.906],[-160.363,59.051],[-160.657,58.955],[-160.817,58.872],[-160.924,58.872],[-161.247,58.799],[-161.328,58.744],[-161.361,58.67],[-161.755,58.612],[-162.145,58.644],[-161.856,58.717],[-161.724,58.794],[-161.781,58.897],[-161.789,59.016],[-161.644,59.11],[-161.794,59.109],[-161.891,59.076],[-161.981,59.146],[-162.023,59.284],[-161.92,59.365],[-161.872,59.428],[-161.832,59.515],[-161.829,59.589],[-161.909,59.714],[-162.138,59.98],[-162.242,60.178],[-162.421,60.284],[-162.288,60.457],[-162.139,60.614],[-161.947,60.685],[-161.962,60.695],[-162.138,60.686],[-162.265,60.595],[-162.469,60.395],[-162.6,60.297],[-162.685,60.269],[-162.548,60.231],[-162.527,60.199],[-162.5,60.127],[-162.571,59.99],[-162.733,59.994],[-162.878,59.923],[-163.219,59.846],[-163.68,59.802],[-163.907,59.807],[-164.143,59.897],[-164.132,59.994],[-164.471,60.149],[-164.662,60.304],[-164.8,60.307],[-165.061,60.413],[-165.027,60.501],[-165.113,60.526],[-165.354,60.541],[-165.016,60.74],[-164.9,60.873],[-164.805,60.892],[-164.37,60.796],[-164.319,60.771],[-164.266,60.725],[-164.372,60.592],[-164.31,60.607],[-164,60.766],[-163.895,60.745],[-163.73,60.59],[-163.529,60.665],[-163.421,60.757],[-163.512,60.798],[-163.623,60.822],[-163.907,60.854],[-163.837,60.88],[-163.655,60.877],[-163.587,60.903],[-163.749,60.97],[-163.995,60.865],[-164.442,60.87],[-164.754,60.931],[-165.066,60.921],[-165.115,60.933],[-165.175,60.966],[-164.876,61.087],[-164.869,61.112],[-165.077,61.094],[-165.138,61.13],[-165.128,61.192],[-165.204,61.153],[-165.345,61.198],[-165.244,61.269],[-165.274,61.275],[-165.334,61.266],[-165.392,61.212],[-165.381,61.106],[-165.566,61.102],[-165.628,61.165],[-165.691,61.3],[-165.864,61.336],[-165.906,61.404],[-165.797,61.491],[-165.845,61.536],[-165.961,61.551],[-166.094,61.507],[-166.153,61.546],[-166.168,61.651],[-166.1,61.645],[-165.835,61.679],[-165.809,61.696],[-166.02,61.748],[-166.079,61.803],[-165.991,61.834],[-165.834,61.837],[-165.613,61.869],[-165.706,61.927],[-165.725,61.959],[-165.744,62.012],[-165.707,62.1],[-165.448,62.304],[-165.195,62.474],[-165.116,62.513],[-165,62.534],[-164.779,62.481],[-164.758,62.497],[-164.796,62.512],[-164.844,62.581],[-164.688,62.608],[-164.596,62.687],[-164.589,62.709],[-164.793,62.623],[-164.845,62.801],[-164.8,62.918],[-164.764,62.971],[-164.677,63.02],[-164.428,63.04],[-164.384,63.03],[-164.375,63.054],[-164.525,63.128],[-164.409,63.215],[-164.108,63.262],[-163.943,63.247],[-163.736,63.193],[-163.616,63.125],[-163.634,63.09],[-163.749,63.03],[-163.738,63.016],[-163.504,63.106],[-163.423,63.085],[-163.359,63.046],[-163.288,63.046],[-163.062,63.08],[-162.948,63.115],[-162.808,63.207],[-162.621,63.266],[-162.36,63.453],[-162.283,63.529],[-162.112,63.534],[-162.056,63.471],[-161.974,63.453],[-161.505,63.468],[-161.266,63.497],[-161.1,63.558],[-160.927,63.661],[-160.827,63.729],[-160.779,63.819],[-160.904,64.031],[-160.988,64.251],[-161.22,64.397],[-161.386,64.44],[-161.491,64.434],[-161.415,64.526],[-161.193,64.516],[-161.049,64.534],[-160.932,64.579],[-160.836,64.682],[-160.856,64.756],[-160.887,64.796],[-161.063,64.904],[-161.13,64.925],[-161.187,64.924],[-161.466,64.795],[-161.634,64.792],[-161.759,64.816],[-161.868,64.743],[-162.172,64.678],[-162.335,64.613],[-162.636,64.451],[-162.711,64.378],[-162.807,64.374],[-162.876,64.516],[-163.204,64.652],[-163.303,64.606],[-163.248,64.563],[-163.174,64.533],[-163.052,64.52],[-163.144,64.424],[-163.486,64.55],[-163.713,64.588],[-164.304,64.584],[-164.692,64.507],[-164.765,64.53],[-164.83,64.511],[-164.9,64.461],[-164.979,64.454],[-166.143,64.583],[-166.325,64.626],[-166.481,64.728],[-166.478,64.798],[-166.409,64.827],[-166.415,64.927],[-166.551,64.953],[-166.928,65.157],[-166.763,65.135],[-166.531,65.155],[-166.452,65.247],[-166.28,65.274],[-166.121,65.261],[-166.157,65.286],[-166.197,65.306],[-166.609,65.353],[-166.665,65.338],[-167.404,65.422],[-167.987,65.568],[-168.035,65.596],[-168.088,65.658],[-168.01,65.719],[-167.931,65.748],[-167.914,65.681],[-167.58,65.758],[-167.405,65.859],[-167.074,65.877],[-166.894,65.959],[-166.748,66.052],[-166.399,66.144],[-166.215,66.17],[-166.009,66.121],[-165.724,66.113],[-165.63,66.131],[-165.56,66.167],[-165.84,66.245],[-165.812,66.288],[-165.776,66.319],[-165.449,66.41],[-165.198,66.44],[-165.064,66.438],[-164.674,66.555],[-164.46,66.588],[-163.728,66.616],[-163.638,66.575],[-163.894,66.576],[-163.775,66.531],[-163.794,66.493],[-163.903,66.378],[-163.894,66.287],[-164.034,66.216],[-163.695,66.084],[-163.171,66.075],[-162.886,66.099],[-162.722,66.06],[-162.587,66.051],[-162.214,66.071],[-161.934,66.043],[-161.816,66.054],[-161.557,66.251],[-161.455,66.281],[-161.201,66.219],[-161.109,66.24],[-161.034,66.189],[-161.07,66.295],[-161.12,66.334],[-161.544,66.407],[-161.828,66.371],[-161.917,66.412],[-161.888,66.493],[-162.191,66.693],[-162.318,66.734],[-162.467,66.736],[-162.544,66.805],[-162.607,66.894],[-162.362,66.947],[-162.254,66.919],[-162.131,66.801],[-162.018,66.784],[-162.051,66.667],[-161.91,66.56],[-161.591,66.46],[-161.336,66.496],[-161.156,66.495],[-161.048,66.474],[-160.784,66.384],[-160.651,66.373],[-160.232,66.42],[-160.227,66.509],[-160.263,66.572],[-160.361,66.613],[-160.644,66.605],[-160.864,66.671],[-161.051,66.653],[-161.398,66.552],[-161.572,66.592],[-161.681,66.646],[-161.857,66.7],[-161.879,66.804],[-161.731,66.923],[-161.622,66.979],[-161.72,67.021],[-161.965,67.05],[-162.392,67.02],[-162.412,67.06],[-162.409,67.104],[-162.583,67.019],[-162.761,67.036],[-163.002,67.027],[-163.532,67.103],[-163.721,67.196],[-163.8,67.271],[-163.943,67.478],[-164.125,67.607],[-165.386,68.046],[-165.96,68.156],[-166.236,68.278],[-166.786,68.36],[-166.546,68.424],[-166.648,68.374],[-166.57,68.361],[-166.447,68.39],[-166.381,68.425],[-166.283,68.573],[-166.182,68.797],[-166.209,68.885],[-165.509,68.868],[-165.044,68.882],[-164.302,68.936],[-164.15,68.961],[-163.868,69.037],[-163.536,69.17],[-163.251,69.345],[-163.205,69.393],[-163.187,69.38],[-163.161,69.388],[-163.094,69.611],[-162.952,69.758],[-162.35,70.094],[-161.881,70.332],[-161.761,70.258],[-162.074,70.162],[-161.768,70.197],[-161.639,70.235],[-160.996,70.305],[-160.648,70.421],[-160.634,70.446],[-160.117,70.591],[-159.963,70.568],[-160.106,70.473],[-160.006,70.448],[-160.095,70.333],[-159.908,70.331],[-159.866,70.279],[-159.858,70.389],[-159.815,70.497],[-159.683,70.477],[-159.387,70.525],[-159.746,70.53],[-159.962,70.634],[-160.082,70.635],[-159.681,70.787],[-159.315,70.879],[-159.232,70.877],[-159.192,70.86],[-159.183,70.832],[-159.34,70.781],[-159.304,70.753],[-159.251,70.748],[-159.075,70.772],[-158.996,70.802],[-158.621,70.799],[-158.511,70.82],[-158.484,70.841],[-157.998,70.845],[-157.909,70.86],[-157.606,70.941],[-157.325,71.04],[-157.195,71.093],[-156.973,71.23],[-156.783,71.319],[-156.47,71.408],[-156.395,71.397],[-156.497,71.379],[-156.567,71.342],[-156.47,71.292],[-155.811,71.188],[-155.646,71.183],[-155.579,71.121],[-155.635,71.062],[-155.804,70.995],[-156.147,70.928],[-156.042,70.902],[-155.974,70.842],[-155.872,70.835],[-155.708,70.857],[-155.579,70.894],[-155.313,71.015],[-155.23,71.082],[-155.167,71.099],[-154.944,71.083],[-154.674,70.987],[-154.726,70.928],[-154.785,70.894],[-154.599,70.848],[-154.392,70.838],[-154.195,70.801],[-153.918,70.877],[-153.498,70.891],[-153.233,70.933],[-152.785,70.876],[-152.671,70.891],[-152.491,70.881],[-152.3,70.847],[-152.233,70.81],[-152.437,70.733],[-152.471,70.654],[-152.399,70.62],[-152.27,70.615],[-152.253,70.568],[-152.173,70.557],[-151.769,70.56],[-151.82,70.511],[-151.945,70.452],[-151.225,70.419],[-151.128,70.452],[-150.663,70.51],[-150.544,70.49],[-150.403,70.444],[-150.274,70.434],[-150.152,70.444],[-149.87,70.51],[-149.544,70.513],[-149.411,70.491],[-149.269,70.501],[-148.845,70.425],[-148.688,70.416],[-148.479,70.318],[-148.371,70.315],[-148.249,70.357],[-148.143,70.355],[-148.039,70.315],[-147.87,70.303],[-147.791,70.24],[-147.705,70.217],[-147.063,70.17],[-146.745,70.192],[-146.281,70.186],[-146.058,70.156],[-145.823,70.16],[-145.44,70.051],[-145.237,70.034],[-145.197,70.009],[-144.619,69.982],[-144.417,70.039],[-144.064,70.054],[-143.746,70.102],[-143.357,70.09],[-143.218,70.116],[-142.708,70.034],[-142.422,69.94],[-142.297,69.87],[-141.699,69.77],[-141.526,69.715],[-141.408,69.653],[-141.339,69.647],[-141.29,69.665],[-141.002,69.651],[-141.002,60.3],[-140.525,60.218],[-140.453,60.3],[-139.973,60.183],[-139.676,60.328],[-139.079,60.344],[-139.079,60.279],[-139.185,60.084],[-139.043,59.993],[-138.705,59.901],[-138.632,59.778],[-137.593,59.226],[-137.484,58.991],[-137.521,58.915],[-137.439,58.903],[-137.278,58.988],[-136.813,59.15],[-136.579,59.152],[-136.467,59.28],[-136.466,59.459],[-136.348,59.456],[-136.278,59.48],[-136.247,59.533],[-136.322,59.605],[-135.935,59.663],[-135.476,59.793],[-135.051,59.579],[-135.037,59.551],[-135.071,59.441],[-134.944,59.288],[-134.802,59.25],[-134.677,59.199],[-134.622,59.155],[-134.441,59.085],[-134.297,58.898],[-134.219,58.85],[-133.821,58.705],[-133.401,58.411],[-133.423,58.337],[-133.12,58.078],[-132.232,57.199],[-132.338,57.079],[-132.032,57.027],[-132.104,56.857],[-131.866,56.793],[-131.886,56.742],[-131.833,56.685],[-131.824,56.59],[-131.575,56.599],[-131.083,56.405],[-130.742,56.341],[-130.649,56.264],[-130.477,56.231],[-130.413,56.123],[-130.215,56.083],[-130.098,56.109],[-130.023,56.015],[-130.025,55.888]]],[[[-163.476,54.981],[-163.379,54.816],[-163.337,54.783],[-163.135,54.723],[-163.083,54.669],[-163.358,54.736],[-163.531,54.638],[-163.583,54.626],[-164.073,54.621],[-164.171,54.603],[-164.235,54.571],[-164.404,54.448],[-164.591,54.404],[-164.823,54.419],[-164.866,54.461],[-164.904,54.545],[-164.888,54.608],[-164.706,54.692],[-164.53,54.881],[-164.479,54.907],[-164.274,54.9],[-164.145,54.955],[-163.807,55.049],[-163.607,55.051],[-163.553,55.038],[-163.476,54.981]]],[[[-133.305,55.544],[-133.282,55.498],[-133.426,55.431],[-133.463,55.377],[-133.65,55.269],[-133.635,55.413],[-133.737,55.497],[-133.634,55.539],[-133.455,55.522],[-133.346,55.559],[-133.305,55.544]]],[[[-131.34,55.08],[-131.237,54.95],[-131.232,54.904],[-131.33,54.888],[-131.406,54.894],[-131.446,54.909],[-131.456,54.931],[-131.431,54.996],[-131.482,55.035],[-131.54,55.048],[-131.592,55.026],[-131.595,55.091],[-131.556,55.137],[-131.578,55.249],[-131.565,55.264],[-131.513,55.263],[-131.405,55.213],[-131.34,55.08]]],[[[-132.112,56.109],[-132.133,55.943],[-132.21,55.953],[-132.287,55.929],[-132.369,55.94],[-132.421,55.98],[-132.406,56.029],[-132.451,56.056],[-132.66,56.078],[-132.691,56.13],[-132.699,56.198],[-132.675,56.224],[-132.599,56.242],[-132.38,56.499],[-132.317,56.488],[-132.067,56.244],[-132.112,56.109]]],[[[-130.979,55.489],[-131.014,55.379],[-131.083,55.267],[-131.188,55.206],[-131.262,55.22],[-131.316,55.269],[-131.421,55.276],[-131.451,55.316],[-131.422,55.368],[-131.448,55.409],[-131.522,55.341],[-131.641,55.299],[-131.762,55.166],[-131.811,55.223],[-131.846,55.416],[-131.648,55.586],[-131.625,55.832],[-131.269,55.955],[-131.236,55.949],[-131.121,55.857],[-130.998,55.728],[-130.966,55.67],[-130.979,55.489]]],[[[-133.366,57.004],[-133.3,56.972],[-133.264,57.005],[-133.071,56.974],[-132.996,56.93],[-132.954,56.88],[-132.959,56.677],[-133.004,56.624],[-133.035,56.621],[-133.132,56.683],[-133.244,56.796],[-133.329,56.83],[-133.309,56.786],[-133.24,56.726],[-133.227,56.689],[-133.157,56.611],[-133.145,56.528],[-133.181,56.474],[-133.383,56.474],[-133.484,56.452],[-133.603,56.464],[-133.649,56.517],[-133.688,56.71],[-133.681,56.798],[-133.823,56.924],[-133.979,57.01],[-133.962,57.043],[-133.866,57.069],[-133.708,57.063],[-133.366,57.004]]],[[[-132.862,54.894],[-132.838,54.881],[-132.772,54.926],[-132.617,54.892],[-132.647,54.756],[-132.706,54.684],[-132.807,54.709],[-133.009,54.855],[-133.075,54.921],[-133.081,54.949],[-133.123,54.97],[-133.251,55.175],[-133.418,55.211],[-133.454,55.26],[-133.429,55.304],[-133.297,55.326],[-133.097,55.214],[-133.067,55.166],[-132.996,55.111],[-132.982,55.033],[-132.862,54.894]]],[[[-146.394,60.45],[-146.372,60.422],[-146.18,60.429],[-146.102,60.411],[-146.202,60.368],[-146.419,60.325],[-146.595,60.268],[-146.618,60.274],[-146.703,60.396],[-146.67,60.433],[-146.56,60.481],[-146.394,60.45]]],[[[-147.736,59.813],[-147.846,59.799],[-147.872,59.828],[-147.768,59.944],[-147.466,60.097],[-147.337,60.185],[-147.205,60.311],[-147.181,60.358],[-147.12,60.363],[-147.02,60.332],[-146.958,60.289],[-146.987,60.254],[-147.318,60.075],[-147.377,59.991],[-147.448,59.96],[-147.499,59.89],[-147.54,59.868],[-147.645,59.854],[-147.669,59.832],[-147.736,59.813]]],[[[-147.658,60.45],[-147.659,60.424],[-147.69,60.399],[-147.66,60.352],[-147.732,60.222],[-147.76,60.19],[-147.816,60.185],[-147.805,60.231],[-147.871,60.23],[-147.891,60.299],[-147.855,60.321],[-147.795,60.46],[-147.779,60.466],[-147.76,60.439],[-147.689,60.491],[-147.658,60.45]]],[[[-147.931,60.826],[-148.057,60.818],[-148.124,60.844],[-148.102,60.916],[-148.038,60.924],[-147.964,60.9],[-147.931,60.826]]],[[[-153.007,57.125],[-153.157,57.094],[-153.235,57.029],[-153.295,57],[-153.375,57.052],[-153.354,57.132],[-153.285,57.185],[-152.935,57.167],[-152.908,57.152],[-152.933,57.129],[-153.007,57.125]]],[[[-152.486,58.485],[-152.516,58.479],[-152.637,58.542],[-152.463,58.619],[-152.368,58.611],[-152.362,58.571],[-152.486,58.485]]],[[[-153.241,57.85],[-153.269,57.822],[-153.295,57.829],[-153.465,57.909],[-153.52,57.956],[-153.481,57.971],[-153.347,57.933],[-153.241,57.85]]],[[[-155.566,55.821],[-155.605,55.79],[-155.681,55.792],[-155.723,55.802],[-155.737,55.83],[-155.594,55.924],[-155.573,55.921],[-155.564,55.887],[-155.566,55.821]]],[[[-154.683,56.436],[-154.751,56.412],[-154.774,56.42],[-154.777,56.44],[-154.729,56.502],[-154.624,56.561],[-154.518,56.601],[-154.463,56.598],[-154.445,56.573],[-154.511,56.521],[-154.683,56.436]]],[[[-154.209,56.515],[-154.258,56.513],[-154.332,56.539],[-154.322,56.571],[-154.217,56.609],[-154.11,56.603],[-154.102,56.582],[-154.116,56.544],[-154.209,56.515]]],[[[-160.685,55.315],[-160.639,55.322],[-160.553,55.381],[-160.583,55.308],[-160.531,55.233],[-160.483,55.197],[-160.488,55.185],[-160.609,55.159],[-160.702,55.178],[-160.795,55.145],[-160.825,55.174],[-160.84,55.335],[-160.789,55.383],[-160.724,55.405],[-160.672,55.379],[-160.685,55.315]]],[[[-162.298,54.847],[-162.322,54.842],[-162.391,54.873],[-162.434,54.932],[-162.265,54.983],[-162.234,54.932],[-162.298,54.847]]],[[[-162.554,54.401],[-162.641,54.38],[-162.733,54.402],[-162.812,54.444],[-162.821,54.495],[-162.645,54.462],[-162.554,54.401]]],[[[-159.873,55.129],[-160.038,55.044],[-160.17,54.942],[-160.227,54.923],[-160.154,55.038],[-160.172,55.123],[-160.134,55.12],[-160.039,55.193],[-159.982,55.198],[-159.92,55.268],[-159.871,55.264],[-159.898,55.221],[-159.839,55.182],[-159.873,55.129]]],[[[-165.842,54.071],[-165.91,54.049],[-165.933,54.059],[-166.036,54.047],[-166.103,54.114],[-166.106,54.145],[-166.041,54.191],[-165.966,54.211],[-165.893,54.207],[-165.704,54.12],[-165.693,54.1],[-165.842,54.071]]],[[[-165.561,54.137],[-165.615,54.14],[-165.654,54.253],[-165.551,54.285],[-165.488,54.222],[-165.408,54.197],[-165.561,54.137]]],[[[-160.919,58.577],[-160.992,58.561],[-161.07,58.569],[-161.131,58.668],[-161.085,58.671],[-160.986,58.736],[-160.715,58.795],[-160.919,58.577]]],[[[-172.742,60.457],[-172.526,60.392],[-172.387,60.398],[-172.278,60.344],[-172.232,60.299],[-172.397,60.331],[-172.636,60.329],[-172.958,60.463],[-173.074,60.493],[-173.048,60.568],[-172.924,60.607],[-172.86,60.506],[-172.742,60.457]]],[[[-170.161,57.184],[-170.264,57.137],[-170.358,57.154],[-170.387,57.203],[-170.116,57.242],[-170.161,57.184]]],[[[-169.692,52.847],[-169.723,52.792],[-169.877,52.814],[-169.981,52.806],[-169.992,52.83],[-169.983,52.851],[-169.821,52.883],[-169.755,52.884],[-169.692,52.847]]],[[[-170.733,52.581],[-170.797,52.55],[-170.816,52.562],[-170.827,52.601],[-170.682,52.698],[-170.585,52.668],[-170.614,52.61],[-170.733,52.581]]],[[[-172.465,52.272],[-172.539,52.257],[-172.62,52.273],[-172.582,52.326],[-172.47,52.388],[-172.383,52.373],[-172.314,52.33],[-172.465,52.272]]],[[[-169.755,56.635],[-169.624,56.615],[-169.55,56.628],[-169.486,56.618],[-169.474,56.594],[-169.587,56.542],[-169.633,56.546],[-169.766,56.608],[-169.755,56.635]]],[[[-176.287,51.792],[-176.35,51.733],[-176.396,51.76],[-176.414,51.841],[-176.379,51.861],[-176.28,51.803],[-176.287,51.792]]],[[[-176.022,52.002],[-176.045,51.973],[-176.143,52.004],[-176.178,52.03],[-176.185,52.056],[-176.156,52.099],[-176.077,52.1],[-176.031,52.082],[-175.975,52.029],[-176.022,52.002]]],[[[-177.148,51.717],[-177.23,51.694],[-177.475,51.701],[-177.655,51.677],[-177.67,51.701],[-177.668,51.721],[-177.335,51.776],[-177.257,51.805],[-177.21,51.841],[-177.166,51.909],[-177.11,51.929],[-177.063,51.902],[-177.135,51.807],[-177.148,51.717]]],[[[178.575,51.916],[178.512,51.899],[178.475,51.968],[178.509,51.995],[178.571,51.978],[178.607,51.953],[178.575,51.916]]],[[[179.452,51.373],[179.278,51.372],[178.926,51.535],[178.747,51.587],[178.648,51.644],[178.692,51.656],[178.908,51.616],[179.182,51.47],[179.294,51.421],[179.416,51.401],[179.452,51.373]]],[[[173.723,52.36],[173.658,52.357],[173.616,52.391],[173.402,52.405],[173.425,52.438],[173.517,52.451],[173.658,52.504],[173.776,52.495],[173.745,52.447],[173.723,52.36]]],[[[-134.97,57.351],[-134.823,57.157],[-134.621,56.718],[-134.611,56.603],[-134.652,56.556],[-134.657,56.523],[-134.632,56.436],[-134.63,56.302],[-134.654,56.227],[-134.682,56.216],[-134.806,56.281],[-134.95,56.457],[-134.981,56.519],[-134.967,56.596],[-134.875,56.67],[-134.883,56.679],[-135.018,56.66],[-135.159,56.725],[-135.147,56.802],[-135.163,56.824],[-135.285,56.8],[-135.331,56.822],[-135.338,56.894],[-135.315,56.932],[-135.2,57.027],[-135.211,57.045],[-135.267,57.049],[-135.341,57.082],[-135.375,57.188],[-135.455,57.249],[-135.502,57.244],[-135.609,57.071],[-135.662,57.034],[-135.812,57.01],[-135.768,57.1],[-135.821,57.23],[-135.823,57.28],[-135.787,57.317],[-135.625,57.354],[-135.581,57.39],[-135.57,57.425],[-135.487,57.517],[-135.449,57.534],[-135.346,57.533],[-135.131,57.432],[-135.065,57.417],[-134.97,57.351]]],[[[-134.68,58.162],[-134.426,58.139],[-134.24,58.144],[-134.07,57.995],[-133.966,57.874],[-133.904,57.789],[-133.823,57.629],[-133.827,57.618],[-133.925,57.671],[-134.032,57.821],[-134.105,57.879],[-134.178,57.982],[-134.18,58.011],[-134.25,58.049],[-134.307,58.034],[-134.3,57.963],[-134.267,57.885],[-133.937,57.582],[-133.921,57.492],[-133.974,57.451],[-133.909,57.369],[-133.925,57.337],[-134.1,57.3],[-134.26,57.147],[-134.435,57.057],[-134.516,57.043],[-134.555,57.058],[-134.613,57.138],[-134.62,57.196],[-134.576,57.232],[-134.489,57.42],[-134.487,57.482],[-134.66,57.638],[-134.781,58.078],[-134.908,58.263],[-134.933,58.329],[-134.923,58.355],[-134.837,58.32],[-134.68,58.162]]],[[[-135.73,58.244],[-135.587,58.147],[-135.615,58.057],[-135.693,58.039],[-135.671,58.012],[-135.613,57.992],[-135.421,58.102],[-135.347,58.124],[-135.163,58.096],[-135.002,58.051],[-134.955,58.015],[-134.928,57.953],[-134.971,57.817],[-135.103,57.794],[-135.231,57.816],[-135.338,57.769],[-135.25,57.733],[-134.979,57.724],[-134.897,57.648],[-134.873,57.589],[-134.931,57.481],[-135.085,57.511],[-135.22,57.574],[-135.498,57.662],[-135.564,57.666],[-135.609,57.651],[-135.618,57.48],[-135.692,57.42],[-135.911,57.447],[-135.997,57.535],[-136.077,57.675],[-136.46,57.873],[-136.569,57.972],[-136.512,58.096],[-136.37,58.143],[-136.322,58.219],[-136.144,58.098],[-136.142,58.154],[-136.094,58.198],[-135.947,58.206],[-135.882,58.247],[-135.787,58.269],[-135.73,58.244]]],[[[-133.566,56.339],[-133.377,56.318],[-133.203,56.32],[-133.144,56.279],[-133.082,56.194],[-133.075,56.156],[-133.097,56.09],[-132.758,55.995],[-132.598,55.895],[-132.497,55.798],[-132.43,55.687],[-132.289,55.558],[-132.173,55.481],[-132.296,55.507],[-132.511,55.594],[-132.529,55.59],[-132.582,55.503],[-132.631,55.473],[-132.592,55.464],[-132.418,55.483],[-132.272,55.399],[-132.215,55.384],[-132.16,55.323],[-132.158,55.3],[-132.215,55.237],[-132.207,55.224],[-132.005,55.231],[-131.976,55.209],[-132,55.034],[-131.978,54.969],[-131.997,54.901],[-131.981,54.805],[-132.022,54.726],[-132.134,54.713],[-132.189,54.735],[-132.266,54.802],[-132.341,54.907],[-132.486,54.95],[-132.549,54.953],[-132.594,54.996],[-132.588,55.052],[-132.627,55.11],[-132.622,55.136],[-132.665,55.147],[-132.702,55.131],[-132.683,55.074],[-132.704,55.03],[-132.782,55.048],[-132.913,55.188],[-133.061,55.301],[-133.119,55.328],[-133.103,55.36],[-132.971,55.376],[-132.959,55.396],[-133.082,55.504],[-133.078,55.535],[-133.033,55.59],[-133.09,55.613],[-133.244,55.595],[-133.298,55.607],[-133.369,55.689],[-133.553,55.691],[-133.68,55.785],[-133.584,55.837],[-133.412,55.798],[-133.322,55.845],[-133.308,55.886],[-133.242,55.921],[-133.289,56.019],[-133.371,56.036],[-133.539,55.999],[-133.684,55.943],[-133.743,55.965],[-133.755,55.999],[-133.531,56.146],[-133.544,56.177],[-133.594,56.216],[-133.599,56.316],[-133.566,56.339]]],[[[-133.99,56.845],[-133.925,56.776],[-133.831,56.781],[-133.778,56.729],[-133.738,56.65],[-133.767,56.6],[-133.809,56.611],[-133.855,56.582],[-133.884,56.485],[-133.87,56.389],[-133.885,56.292],[-133.939,56.194],[-133.95,56.128],[-133.994,56.101],[-134.067,56.133],[-134.122,56.077],[-134.19,56.077],[-134.245,56.203],[-134.195,56.414],[-134.084,56.456],[-134.15,56.513],[-134.29,56.58],[-134.278,56.617],[-134.384,56.724],[-134.374,56.839],[-134.274,56.918],[-134.143,56.932],[-134.001,56.869],[-133.99,56.845]]],[[[-152.417,58.36],[-152.381,58.352],[-152.343,58.412],[-152.316,58.413],[-152.198,58.363],[-152.125,58.374],[-152.079,58.312],[-151.974,58.31],[-151.983,58.244],[-152.109,58.161],[-152.187,58.185],[-152.252,58.251],[-152.268,58.252],[-152.334,58.208],[-152.305,58.154],[-152.309,58.134],[-152.452,58.129],[-152.538,58.101],[-152.558,58.119],[-152.571,58.168],[-152.598,58.163],[-152.683,58.063],[-152.782,58.016],[-152.928,57.994],[-153.381,58.087],[-153.116,58.239],[-152.976,58.297],[-152.772,58.279],[-152.769,58.346],[-152.844,58.396],[-152.841,58.416],[-152.675,58.451],[-152.612,58.446],[-152.478,58.4],[-152.417,58.36]]],[[[-167.964,53.345],[-168.271,53.238],[-168.506,53.043],[-169.089,52.832],[-169.073,52.864],[-168.909,52.951],[-168.796,53.045],[-168.778,53.149],[-168.69,53.227],[-168.639,53.256],[-168.437,53.257],[-168.38,53.283],[-168.363,53.304],[-168.397,53.322],[-168.396,53.409],[-168.357,53.458],[-168.288,53.5],[-168.073,53.557],[-167.986,53.558],[-167.828,53.508],[-167.805,53.485],[-167.865,53.387],[-167.964,53.345]]],[[[-166.615,53.901],[-166.572,53.853],[-166.497,53.884],[-166.372,53.999],[-166.231,53.933],[-166.489,53.785],[-166.546,53.726],[-166.549,53.701],[-166.385,53.721],[-166.339,53.718],[-166.309,53.698],[-166.702,53.537],[-166.77,53.476],[-167.154,53.408],[-167.3,53.35],[-167.429,53.326],[-167.522,53.276],[-167.629,53.259],[-167.669,53.26],[-167.809,53.324],[-167.71,53.371],[-167.53,53.394],[-167.136,53.526],[-167.092,53.636],[-167.042,53.655],[-167.016,53.698],[-166.894,53.697],[-166.819,53.641],[-166.804,53.685],[-166.741,53.713],[-166.89,53.759],[-167.071,53.783],[-167.106,53.813],[-167.118,53.873],[-167.038,53.942],[-166.978,53.963],[-166.673,54.006],[-166.627,53.996],[-166.615,53.901]]],[[[-173.553,52.136],[-173.357,52.096],[-173.113,52.1],[-173.024,52.091],[-173.023,52.079],[-173.461,52.042],[-173.673,52.063],[-173.836,52.048],[-173.93,52.072],[-173.99,52.104],[-173.992,52.123],[-173.939,52.131],[-173.794,52.104],[-173.657,52.144],[-173.553,52.136]]],[[[-174.677,52.035],[-175.214,51.994],[-175.296,52.022],[-174.668,52.135],[-174.306,52.216],[-174.259,52.269],[-174.406,52.296],[-174.436,52.317],[-174.307,52.378],[-174.169,52.42],[-174.046,52.367],[-174.018,52.332],[-174.055,52.246],[-174.163,52.223],[-174.179,52.2],[-174.121,52.135],[-174.344,52.078],[-174.677,52.035]]],[[[-176.593,51.867],[-176.588,51.833],[-176.473,51.837],[-176.437,51.82],[-176.437,51.754],[-176.452,51.736],[-176.511,51.746],[-176.558,51.712],[-176.771,51.63],[-176.837,51.676],[-176.962,51.604],[-176.874,51.79],[-176.736,51.84],[-176.745,51.895],[-176.698,51.986],[-176.597,51.982],[-176.55,51.944],[-176.552,51.92],[-176.593,51.867]]],[[[-177.879,51.65],[-177.901,51.616],[-177.925,51.617],[-178.059,51.673],[-178.078,51.691],[-178,51.717],[-177.977,51.738],[-177.986,51.764],[-178.195,51.882],[-178.117,51.916],[-177.954,51.918],[-177.866,51.86],[-177.8,51.84],[-177.644,51.826],[-177.771,51.778],[-177.827,51.686],[-177.879,51.65]]],[[[179.728,51.905],[179.645,51.88],[179.55,51.894],[179.498,51.933],[179.504,51.98],[179.627,52.03],[179.78,51.967],[179.728,51.905]]],[[[177.415,51.883],[177.329,51.841],[177.25,51.903],[177.381,51.976],[177.478,51.992],[177.521,52.018],[177.564,52.11],[177.67,52.103],[177.653,52.06],[177.596,51.994],[177.594,51.948],[177.415,51.883]]],[[[172.812,53.013],[172.984,52.98],[173.102,52.996],[173.252,52.943],[173.436,52.852],[173.348,52.825],[173.08,52.814],[172.935,52.752],[172.776,52.797],[172.722,52.886],[172.495,52.938],[172.678,53.008],[172.812,53.013]]],[[[-155.581,19.012],[-155.626,18.964],[-155.681,18.968],[-155.881,19.071],[-155.906,19.126],[-155.891,19.383],[-155.966,19.591],[-156.049,19.75],[-155.988,19.832],[-155.909,19.895],[-155.82,20.014],[-155.893,20.167],[-155.874,20.26],[-155.832,20.276],[-155.622,20.163],[-155.199,19.994],[-155.086,19.876],[-155.066,19.748],[-154.989,19.732],[-154.953,19.645],[-154.841,19.568],[-154.804,19.524],[-154.85,19.454],[-155.053,19.319],[-155.31,19.26],[-155.535,19.109],[-155.581,19.012]]],[[[-157.214,21.215],[-157.002,21.188],[-156.952,21.2],[-156.917,21.177],[-156.712,21.155],[-156.748,21.104],[-156.86,21.056],[-157.021,21.098],[-157.29,21.113],[-157.254,21.181],[-157.25,21.23],[-157.214,21.215]]],[[[-156.487,20.933],[-156.461,20.915],[-156.278,20.951],[-156.148,20.885],[-155.99,20.757],[-156.014,20.715],[-156.107,20.645],[-156.235,20.629],[-156.31,20.599],[-156.409,20.605],[-156.438,20.618],[-156.48,20.801],[-156.544,20.79],[-156.615,20.822],[-156.69,20.901],[-156.698,20.949],[-156.657,21.025],[-156.585,21.034],[-156.487,20.933]]],[[[-157.799,21.457],[-157.721,21.458],[-157.706,21.378],[-157.635,21.308],[-157.691,21.28],[-157.799,21.269],[-157.849,21.291],[-157.902,21.341],[-157.958,21.327],[-157.978,21.379],[-158.017,21.368],[-157.981,21.316],[-158.11,21.319],[-158.138,21.377],[-158.239,21.489],[-158.239,21.533],[-158.273,21.585],[-158.123,21.6],[-158.02,21.692],[-157.962,21.701],[-157.852,21.553],[-157.854,21.512],[-157.83,21.471],[-157.799,21.457]]],[[[-159.373,21.932],[-159.461,21.876],[-159.512,21.9],[-159.609,21.91],[-159.646,21.952],[-159.748,21.99],[-159.789,22.042],[-159.727,22.14],[-159.579,22.223],[-159.352,22.22],[-159.305,22.154],[-159.301,22.105],[-159.33,22.051],[-159.344,21.974],[-159.373,21.932]]],[[[-160.18,21.841],[-160.2,21.797],[-160.235,21.804],[-160.243,21.843],[-160.221,21.897],[-160.101,22.015],[-160.049,22.005],[-160.077,21.958],[-160.08,21.907],[-160.153,21.879],[-160.18,21.841]]],[[[-156.85,20.773],[-156.909,20.744],[-156.973,20.758],[-156.988,20.826],[-157.051,20.912],[-156.942,20.93],[-156.881,20.905],[-156.809,20.831],[-156.85,20.773]]],[[[-74.709,45.004],[-71.518,45.008],[-71.419,45.2],[-71.327,45.29],[-71.202,45.26],[-71.135,45.263],[-71,45.337],[-70.96,45.333],[-70.898,45.262],[-70.865,45.271],[-70.837,45.311],[-70.838,45.366],[-70.799,45.405],[-70.711,45.409],[-70.69,45.428],[-70.707,45.499],[-70.702,45.551],[-70.596,45.644],[-70.421,45.738],[-70.408,45.802],[-70.296,45.906],[-70.287,45.939],[-70.306,45.98],[-70.304,46.057],[-70.248,46.251],[-70.18,46.342],[-70.067,46.441],[-70.008,46.709],[-69.243,47.463],[-69.05,47.427],[-69.064,47.338],[-69.049,47.274],[-69.003,47.236],[-68.937,47.211],[-68.829,47.203],[-68.377,47.316],[-68.358,47.345],[-68.235,47.346],[-68.097,47.275],[-67.807,47.083],[-67.785,45.953],[-67.767,45.927],[-67.782,45.874],[-67.775,45.818],[-67.802,45.728],[-67.755,45.686],[-67.596,45.621],[-67.433,45.603],[-67.414,45.566],[-67.424,45.53],[-67.488,45.501],[-67.494,45.474],[-67.428,45.378],[-67.473,45.276],[-67.367,45.174],[-67.315,45.154],[-67.25,45.201],[-67.125,45.169],[-67.13,45.139],[-67.102,45.088],[-67.08,44.989],[-67.114,44.944],[-67.107,44.885],[-67.014,44.868],[-66.987,44.828],[-67.191,44.676],[-67.364,44.697],[-67.458,44.657],[-67.556,44.645],[-67.599,44.577],[-67.653,44.562],[-67.79,44.586],[-67.839,44.576],[-67.907,44.454],[-67.963,44.464],[-67.985,44.42],[-68.057,44.384],[-68.117,44.491],[-68.152,44.502],[-68.198,44.515],[-68.277,44.507],[-68.374,44.445],[-68.451,44.508],[-68.521,44.38],[-68.514,44.304],[-68.533,44.259],[-68.572,44.271],[-68.612,44.311],[-68.723,44.342],[-68.812,44.339],[-68.794,44.382],[-68.71,44.443],[-68.795,44.454],[-68.766,44.51],[-68.763,44.571],[-68.8,44.549],[-68.847,44.485],[-68.961,44.434],[-68.956,44.348],[-69.064,44.172],[-69.068,44.098],[-69.137,44.038],[-69.226,43.986],[-69.345,44.001],[-69.435,43.956],[-69.481,43.905],[-69.521,43.897],[-69.557,43.983],[-69.59,43.887],[-69.624,43.881],[-69.653,43.994],[-69.699,43.955],[-69.73,43.852],[-69.762,43.861],[-69.772,43.899],[-69.795,43.911],[-69.792,43.805],[-69.808,43.772],[-69.873,43.82],[-69.974,43.788],[-69.965,43.855],[-70.062,43.835],[-70.179,43.766],[-70.269,43.672],[-70.203,43.626],[-70.521,43.349],[-70.642,43.134],[-70.733,43.07],[-70.829,42.825],[-70.781,42.721],[-70.736,42.669],[-70.624,42.672],[-70.604,42.65],[-70.613,42.623],[-70.831,42.553],[-70.93,42.432],[-71.046,42.331],[-70.997,42.3],[-70.818,42.265],[-70.738,42.229],[-70.618,42.04],[-70.645,42.022],[-70.656,41.987],[-70.549,41.939],[-70.515,41.803],[-70.427,41.757],[-70.295,41.729],[-70.135,41.77],[-70.001,41.826],[-70.006,41.872],[-70.09,41.98],[-70.11,42.03],[-70.173,42.063],[-70.196,42.035],[-70.241,42.091],[-70.16,42.097],[-70.109,42.078],[-69.978,41.961],[-69.942,41.808],[-69.934,41.71],[-69.949,41.677],[-70.06,41.677],[-70.405,41.627],[-70.481,41.582],[-70.657,41.534],[-70.666,41.71],[-70.701,41.715],[-70.974,41.549],[-71.08,41.538],[-71.169,41.489],[-71.188,41.516],[-71.204,41.641],[-71.149,41.746],[-71.178,41.744],[-71.271,41.681],[-71.331,41.762],[-71.39,41.795],[-71.364,41.703],[-71.427,41.633],[-71.444,41.454],[-71.523,41.379],[-71.769,41.331],[-71.93,41.341],[-72.265,41.292],[-72.371,41.312],[-72.479,41.276],[-72.847,41.266],[-72.925,41.285],[-73.024,41.216],[-73.182,41.176],[-73.583,41.022],[-73.851,40.831],[-73.911,40.816],[-73.987,40.751],[-73.907,40.912],[-73.872,41.055],[-73.882,41.171],[-73.97,41.25],[-73.918,41.136],[-73.909,40.996],[-73.927,40.914],[-74.025,40.756],[-74.187,40.648],[-74.227,40.608],[-74.264,40.529],[-74.242,40.456],[-74.05,40.43],[-73.998,40.452],[-73.972,40.4],[-73.958,40.328],[-74.028,40.073],[-74.08,39.788],[-74.065,39.993],[-74.096,39.976],[-74.118,39.938],[-74.176,39.727],[-74.257,39.614],[-74.331,39.536],[-74.407,39.549],[-74.39,39.487],[-74.429,39.387],[-74.474,39.343],[-74.517,39.347],[-74.603,39.293],[-74.605,39.248],[-74.794,39.002],[-74.923,38.941],[-74.954,38.95],[-74.897,39.145],[-75.05,39.211],[-75.136,39.208],[-75.231,39.284],[-75.353,39.34],[-75.524,39.49],[-75.524,39.602],[-75.422,39.79],[-75.353,39.83],[-75.154,39.871],[-75.074,39.983],[-75.173,39.895],[-75.321,39.865],[-75.401,39.832],[-75.464,39.781],[-75.502,39.717],[-75.588,39.641],[-75.567,39.553],[-75.574,39.477],[-75.413,39.281],[-75.392,39.093],[-75.31,38.967],[-75.185,38.819],[-75.089,38.778],[-75.084,38.723],[-75.128,38.632],[-75.187,38.591],[-75.111,38.599],[-75.073,38.579],[-75.036,38.503],[-75.039,38.426],[-75.051,38.383],[-75.074,38.366],[-75.073,38.41],[-75.09,38.425],[-75.117,38.406],[-75.134,38.384],[-75.16,38.255],[-75.225,38.242],[-75.292,38.129],[-75.354,38.065],[-75.596,37.631],[-75.587,37.559],[-75.699,37.516],[-75.812,37.425],[-75.854,37.297],[-75.934,37.152],[-75.985,37.212],[-75.997,37.264],[-75.975,37.398],[-75.888,37.619],[-75.792,37.756],[-75.719,37.821],[-75.659,37.954],[-75.735,37.974],[-75.851,37.972],[-75.795,38.087],[-75.856,38.14],[-75.928,38.169],[-75.864,38.261],[-75.877,38.319],[-75.859,38.362],[-75.889,38.356],[-75.967,38.291],[-75.986,38.332],[-76.051,38.28],[-76.212,38.361],[-76.265,38.436],[-76.295,38.495],[-76.264,38.6],[-76.198,38.619],[-76.001,38.602],[-76.017,38.625],[-76.057,38.621],[-76.175,38.707],[-76.213,38.758],[-76.278,38.772],[-76.308,38.723],[-76.341,38.71],[-76.3,38.818],[-76.168,38.853],[-76.191,38.916],[-76.241,38.943],[-76.331,38.909],[-76.313,39.009],[-76.186,38.991],[-76.135,39.082],[-76.133,39.123],[-76.217,39.064],[-76.236,39.192],[-76.153,39.315],[-76.074,39.369],[-75.876,39.376],[-76.003,39.411],[-75.873,39.511],[-75.97,39.505],[-75.959,39.585],[-76.063,39.561],[-76.085,39.527],[-76.081,39.47],[-76.097,39.433],[-76.216,39.38],[-76.223,39.42],[-76.248,39.439],[-76.257,39.352],[-76.276,39.323],[-76.331,39.404],[-76.359,39.325],[-76.406,39.304],[-76.403,39.253],[-76.421,39.225],[-76.57,39.269],[-76.574,39.254],[-76.489,39.159],[-76.428,39.126],[-76.42,39.074],[-76.473,39.031],[-76.559,39.065],[-76.494,38.945],[-76.52,38.898],[-76.521,38.788],[-76.537,38.743],[-76.501,38.532],[-76.394,38.369],[-76.439,38.362],[-76.572,38.436],[-76.647,38.539],[-76.677,38.612],[-76.669,38.538],[-76.642,38.454],[-76.409,38.268],[-76.333,38.141],[-76.341,38.087],[-76.454,38.174],[-76.594,38.228],[-76.769,38.263],[-76.868,38.39],[-76.868,38.337],[-76.89,38.292],[-76.988,38.394],[-77.001,38.445],[-77.077,38.442],[-77.156,38.397],[-77.233,38.408],[-77.242,38.495],[-77.221,38.541],[-77.135,38.65],[-77.054,38.706],[-77.018,38.778],[-77.03,38.889],[-77.046,38.776],[-77.092,38.72],[-77.26,38.6],[-77.314,38.397],[-77.273,38.352],[-77.232,38.34],[-77.11,38.37],[-77.047,38.357],[-76.906,38.197],[-76.645,38.134],[-76.55,38.094],[-76.472,38.011],[-76.355,37.963],[-76.264,37.894],[-76.262,37.848],[-76.293,37.794],[-76.306,37.722],[-76.344,37.676],[-76.492,37.682],[-76.829,37.962],[-76.94,38.095],[-77.071,38.167],[-77.111,38.166],[-76.925,38.033],[-76.715,37.81],[-76.62,37.755],[-76.549,37.669],[-76.484,37.629],[-76.306,37.571],[-76.368,37.53],[-76.269,37.495],[-76.254,37.431],[-76.263,37.357],[-76.401,37.386],[-76.393,37.3],[-76.454,37.274],[-76.538,37.309],[-76.758,37.505],[-76.738,37.449],[-76.611,37.323],[-76.497,37.247],[-76.401,37.213],[-76.327,37.149],[-76.283,37.053],[-76.401,36.991],[-76.602,37.143],[-76.631,37.222],[-76.704,37.218],[-77.007,37.318],[-77.251,37.329],[-77.196,37.296],[-77.002,37.271],[-76.925,37.225],[-76.672,37.173],[-76.634,37.047],[-76.505,36.961],[-76.488,36.897],[-76.4,36.89],[-76.244,36.953],[-75.999,36.913],[-75.966,36.862],[-75.942,36.766],[-75.89,36.657],[-75.758,36.229],[-75.534,35.819],[-75.728,36.104],[-75.81,36.271],[-75.918,36.633],[-75.946,36.659],[-75.965,36.638],[-75.973,36.6],[-75.96,36.571],[-75.993,36.474],[-75.978,36.429],[-75.925,36.383],[-75.867,36.268],[-75.82,36.113],[-75.883,36.176],[-76.148,36.279],[-76.15,36.146],[-76.271,36.19],[-76.227,36.116],[-76.321,36.138],[-76.384,36.134],[-76.424,36.068],[-76.479,36.028],[-76.559,36.015],[-76.679,36.075],[-76.718,36.148],[-76.734,36.229],[-76.726,35.958],[-76.611,35.944],[-76.358,35.953],[-76.207,35.991],[-76.07,35.97],[-76.06,35.879],[-76.084,35.691],[-76.046,35.691],[-76.001,35.722],[-75.979,35.896],[-75.854,35.96],[-75.812,35.956],[-75.772,35.9],[-75.759,35.843],[-75.745,35.765],[-75.774,35.647],[-75.966,35.508],[-76.104,35.38],[-76.174,35.354],[-76.39,35.401],[-76.49,35.397],[-76.516,35.436],[-76.532,35.508],[-76.577,35.532],[-76.611,35.53],[-76.634,35.453],[-76.741,35.431],[-76.887,35.463],[-77.04,35.527],[-76.974,35.458],[-76.595,35.33],[-76.513,35.27],[-76.608,35.153],[-76.628,35.073],[-76.779,34.99],[-76.861,35.005],[-77.07,35.155],[-76.975,35.025],[-76.899,34.97],[-76.745,34.941],[-76.457,34.989],[-76.362,34.937],[-76.44,34.843],[-76.517,34.777],[-76.707,34.752],[-76.733,34.707],[-77.05,34.697],[-77.134,34.708],[-77.252,34.616],[-77.296,34.603],[-77.358,34.62],[-77.412,34.731],[-77.413,34.592],[-77.38,34.527],[-77.518,34.451],[-77.751,34.285],[-77.861,34.149],[-77.928,33.94],[-77.926,34.073],[-77.953,34.169],[-77.971,33.993],[-78.013,33.912],[-78.406,33.918],[-78.578,33.873],[-78.841,33.724],[-78.92,33.659],[-79.138,33.406],[-79.194,33.244],[-79.238,33.312],[-79.226,33.405],[-79.281,33.315],[-79.229,33.185],[-79.276,33.135],[-79.42,33.043],[-79.587,33.001],[-79.615,32.909],[-79.805,32.787],[-79.933,32.81],[-79.894,32.729],[-79.941,32.667],[-80.022,32.62],[-80.23,32.577],[-80.268,32.537],[-80.363,32.501],[-80.572,32.534],[-80.634,32.512],[-80.53,32.475],[-80.474,32.423],[-80.486,32.352],[-80.579,32.287],[-80.608,32.293],[-80.647,32.396],[-80.678,32.381],[-80.683,32.349],[-80.709,32.337],[-80.803,32.448],[-80.798,32.363],[-80.765,32.298],[-80.702,32.246],[-80.694,32.216],[-80.758,32.142],[-80.849,32.114],[-80.882,32.069],[-80.872,32.03],[-80.923,31.945],[-81.113,31.879],[-81.065,31.813],[-81.066,31.788],[-81.098,31.753],[-81.162,31.744],[-81.198,31.704],[-81.166,31.646],[-81.17,31.61],[-81.242,31.574],[-81.259,31.539],[-81.175,31.531],[-81.295,31.371],[-81.381,31.353],[-81.378,31.332],[-81.329,31.314],[-81.288,31.264],[-81.365,31.172],[-81.442,31.2],[-81.46,31.127],[-81.453,31.088],[-81.471,31.009],[-81.52,30.875],[-81.516,30.802],[-81.504,30.731],[-81.457,30.641],[-81.386,30.27],[-81.337,30.141],[-81.25,29.794],[-81.105,29.457],[-80.9,29.05],[-80.524,28.486],[-80.568,28.426],[-80.585,28.272],[-80.573,28.181],[-80.457,27.901],[-80.5,27.934],[-80.61,28.178],[-80.623,28.32],[-80.607,28.523],[-80.633,28.518],[-80.665,28.375],[-80.694,28.345],[-80.732,28.463],[-80.729,28.516],[-80.688,28.579],[-80.7,28.601],[-80.766,28.633],[-80.78,28.683],[-80.771,28.732],[-80.809,28.759],[-80.838,28.758],[-80.749,28.381],[-80.686,28.272],[-80.226,27.207],[-80.126,27.083],[-80.089,26.994],[-80.05,26.808],[-80.041,26.569],[-80.111,26.132],[-80.126,25.833],[-80.143,25.874],[-80.159,25.878],[-80.219,25.742],[-80.301,25.619],[-80.328,25.427],[-80.367,25.331],[-80.485,25.23],[-80.558,25.232],[-80.737,25.156],[-80.862,25.176],[-81.012,25.133],[-81.11,25.138],[-81.167,25.229],[-81.136,25.31],[-81.098,25.319],[-80.965,25.224],[-80.94,25.264],[-80.98,25.312],[-81.113,25.367],[-81.227,25.583],[-81.345,25.732],[-81.365,25.831],[-81.568,25.892],[-81.715,25.983],[-81.811,26.146],[-81.867,26.435],[-81.959,26.49],[-81.829,26.687],[-81.921,26.631],[-81.97,26.552],[-82.006,26.54],[-82.04,26.552],[-82.078,26.704],[-82.067,26.892],[-82.013,26.962],[-82.096,26.963],[-82.181,26.937],[-82.169,26.874],[-82.181,26.84],[-82.29,26.871],[-82.441,27.06],[-82.62,27.401],[-82.715,27.5],[-82.636,27.525],[-82.431,27.771],[-82.401,27.835],[-82.406,27.863],[-82.446,27.903],[-82.498,27.868],[-82.521,27.878],[-82.58,27.958],[-82.636,27.981],[-82.675,27.964],[-82.634,27.898],[-82.597,27.873],[-82.611,27.777],[-82.661,27.718],[-82.715,27.733],[-82.743,27.709],[-82.808,27.777],[-82.844,27.846],[-82.749,28.237],[-82.661,28.486],[-82.651,28.888],[-82.769,29.052],[-83.29,29.452],[-83.694,29.926],[-84.044,30.104],[-84.31,30.065],[-84.356,30.029],[-84.375,29.982],[-84.359,29.929],[-84.383,29.907],[-84.55,29.898],[-84.801,29.773],[-84.889,29.778],[-85.029,29.721],[-85.319,29.68],[-85.376,29.695],[-85.414,29.768],[-85.414,29.842],[-85.383,29.785],[-85.336,29.74],[-85.315,29.758],[-85.307,29.798],[-85.354,29.876],[-85.504,29.976],[-85.676,30.122],[-85.623,30.117],[-85.61,30.148],[-85.663,30.189],[-85.604,30.287],[-85.676,30.279],[-85.741,30.244],[-85.756,30.167],[-86.175,30.333],[-86.454,30.399],[-86.24,30.429],[-86.124,30.406],[-86.166,30.464],[-86.257,30.493],[-86.374,30.482],[-86.448,30.496],[-86.68,30.403],[-87.201,30.339],[-87.124,30.397],[-86.986,30.431],[-86.965,30.502],[-86.998,30.57],[-87.034,30.554],[-87.072,30.5],[-87.119,30.539],[-87.171,30.539],[-87.185,30.454],[-87.251,30.397],[-87.281,30.339],[-87.476,30.294],[-87.501,30.309],[-87.444,30.364],[-87.448,30.394],[-87.513,30.368],[-87.622,30.265],[-88.006,30.231],[-87.985,30.254],[-87.904,30.259],[-87.79,30.292],[-87.857,30.407],[-87.898,30.414],[-87.924,30.45],[-87.923,30.562],[-87.949,30.627],[-88.011,30.694],[-88.032,30.681],[-88.078,30.566],[-88.135,30.367],[-88.35,30.373],[-88.692,30.355],[-88.82,30.406],[-88.905,30.415],[-89.224,30.332],[-89.321,30.345],[-89.444,30.223],[-89.588,30.166],[-89.954,30.269],[-90.045,30.351],[-90.126,30.369],[-90.225,30.379],[-90.332,30.278],[-90.413,30.14],[-90.285,30.065],[-90.175,30.029],[-89.994,30.059],[-89.894,30.126],[-89.812,30.124],[-89.737,30.172],[-89.668,30.145],[-89.665,30.117],[-89.815,30.007],[-89.744,29.93],[-89.632,29.904],[-89.59,29.915],[-89.563,30.002],[-89.494,30.058],[-89.401,30.046],[-89.414,30.011],[-89.358,29.921],[-89.354,29.82],[-89.531,29.772],[-89.591,29.725],[-89.559,29.698],[-89.621,29.674],[-89.683,29.675],[-89.689,29.646],[-89.721,29.619],[-89.675,29.539],[-89.58,29.486],[-89.514,29.42],[-89.246,29.333],[-89.181,29.336],[-89.117,29.248],[-89.016,29.203],[-89.021,29.143],[-89.11,29.099],[-89.156,29.017],[-89.236,29.081],[-89.331,28.999],[-89.376,28.981],[-89.354,29.07],[-89.443,29.194],[-89.62,29.302],[-89.792,29.333],[-89.818,29.416],[-89.877,29.458],[-90.159,29.537],[-90.161,29.504],[-90.141,29.48],[-90.052,29.431],[-90.053,29.337],[-90.101,29.182],[-90.136,29.136],[-90.213,29.105],[-90.247,29.131],[-90.302,29.256],[-90.379,29.295],[-90.502,29.3],[-90.586,29.272],[-90.677,29.151],[-90.751,29.131],[-91.003,29.194],[-91.29,29.289],[-91.283,29.321],[-91.237,29.331],[-91.151,29.318],[-91.155,29.351],[-91.244,29.457],[-91.26,29.505],[-91.249,29.564],[-91.278,29.563],[-91.331,29.514],[-91.514,29.555],[-91.672,29.746],[-91.824,29.751],[-91.893,29.836],[-92.017,29.8],[-92.08,29.761],[-92.135,29.699],[-92.059,29.617],[-92.084,29.593],[-92.261,29.557],[-92.671,29.597],[-92.791,29.635],[-92.952,29.714],[-93.176,29.779],[-93.283,29.789],[-93.695,29.77],[-93.826,29.725],[-93.866,29.756],[-93.884,29.81],[-93.809,29.851],[-93.773,29.914],[-93.769,29.952],[-93.794,29.977],[-93.841,29.98],[-93.946,29.815],[-93.886,29.723],[-93.89,29.689],[-94.1,29.67],[-94.574,29.485],[-94.76,29.384],[-94.75,29.418],[-94.526,29.548],[-94.605,29.568],[-94.733,29.535],[-94.778,29.548],[-94.724,29.655],[-94.742,29.75],[-94.832,29.753],[-94.89,29.677],[-94.93,29.68],[-94.982,29.713],[-95.023,29.702],[-94.993,29.531],[-94.888,29.371],[-95.139,29.168],[-95.152,29.079],[-95.273,28.964],[-95.853,28.64],[-96.02,28.587],[-96.181,28.502],[-96.235,28.489],[-96.011,28.632],[-96.115,28.622],[-96.275,28.655],[-96.373,28.657],[-96.374,28.631],[-96.449,28.594],[-96.526,28.648],[-96.576,28.716],[-96.608,28.723],[-96.64,28.709],[-96.525,28.489],[-96.421,28.457],[-96.562,28.367],[-96.676,28.341],[-96.774,28.422],[-96.807,28.22],[-96.84,28.194],[-96.892,28.158],[-96.933,28.224],[-97.015,28.163],[-97.156,28.144],[-97.141,28.061],[-97.034,28.094],[-97.073,27.986],[-97.171,27.88],[-97.252,27.854],[-97.374,27.87],[-97.431,27.837],[-97.289,27.671],[-97.38,27.419],[-97.439,27.328],[-97.524,27.314],[-97.682,27.395],[-97.768,27.458],[-97.692,27.287],[-97.485,27.237],[-97.476,27.118],[-97.555,26.967],[-97.466,26.692],[-97.435,26.486],[-97.402,26.397],[-97.214,26.068],[-97.15,26.065],[-97.14,26.03],[-97.146,25.961],[-97.282,25.942],[-97.339,25.911],[-97.358,25.871],[-97.44,25.891],[-97.587,25.984],[-97.801,26.042],[-98.083,26.064],[-98.275,26.111],[-98.378,26.182],[-98.486,26.225],[-98.598,26.238],[-98.691,26.276],[-98.765,26.34],[-98.873,26.381],[-99.015,26.399],[-99.108,26.447],[-99.172,26.564],[-99.23,26.762],[-99.302,26.885],[-99.456,27.057],[-99.44,27.17],[-99.455,27.234],[-99.5,27.285],[-99.51,27.34],[-99.486,27.398],[-99.484,27.467],[-99.505,27.548],[-99.595,27.636],[-99.754,27.73],[-99.89,27.867],[-100.001,28.048],[-100.112,28.173],[-100.221,28.243],[-100.296,28.328],[-100.336,28.428],[-100.348,28.486],[-100.332,28.503],[-100.55,28.821],[-100.636,28.973],[-100.659,29.069],[-100.755,29.183],[-101.016,29.401],[-101.039,29.46],[-101.304,29.634],[-101.38,29.743],[-101.44,29.777],[-101.545,29.784],[-101.546,29.808],[-101.612,29.787],[-101.752,29.782],[-101.991,29.796],[-102.163,29.825],[-102.269,29.871],[-102.343,29.865],[-102.386,29.807],[-102.476,29.769],[-102.615,29.752],[-102.734,29.644],[-102.834,29.444],[-102.878,29.315],[-102.866,29.258],[-102.892,29.216],[-102.957,29.19],[-103.023,29.132],[-103.09,29.042],[-103.168,28.998],[-103.258,29.001],[-103.853,29.291],[-103.99,29.323],[-104.111,29.386],[-104.312,29.542],[-104.401,29.574],[-104.504,29.678],[-104.622,29.854],[-104.681,29.991],[-104.681,30.134],[-104.918,30.583],[-104.979,30.646],[-105.276,30.807],[-105.514,30.981],[-105.813,31.241],[-106.024,31.398],[-106.148,31.451],[-106.256,31.545],[-106.347,31.679],[-106.445,31.768],[-108.212,31.779],[-108.214,31.329],[-111.042,31.324],[-114.836,32.508],[-114.788,32.565],[-114.725,32.715],[-117.128,32.533],[-117.137,32.649],[-117.184,32.688],[-117.243,32.664],[-117.271,32.806],[-117.256,32.873],[-117.263,32.939],[-117.319,33.1],[-117.467,33.296],[-117.789,33.538],[-117.952,33.62],[-118.081,33.722],[-118.162,33.751],[-118.264,33.759],[-118.294,33.712],[-118.41,33.744],[-118.393,33.858],[-118.506,34.017],[-118.599,34.035],[-118.832,34.024],[-119.144,34.112],[-119.236,34.164],[-119.268,34.257],[-119.414,34.339],[-119.606,34.418],[-119.713,34.4],[-119.853,34.412],[-120.053,34.469],[-120.17,34.476],[-120.396,34.46],[-120.481,34.472],[-120.56,34.544],[-120.645,34.58],[-120.627,34.669],[-120.638,34.749],[-120.625,34.812],[-120.663,34.949],[-120.634,35.076],[-120.659,35.122],[-120.707,35.158],[-120.857,35.21],[-120.885,35.275],[-120.86,35.365],[-120.9,35.425],[-121.023,35.481],[-121.138,35.607],[-121.284,35.676],[-121.344,35.792],[-121.434,35.864],[-121.465,35.927],[-121.664,36.154],[-121.877,36.331],[-121.91,36.433],[-121.919,36.572],[-121.835,36.657],[-121.79,36.732],[-121.807,36.851],[-121.881,36.939],[-122.164,36.991],[-122.395,37.208],[-122.408,37.373],[-122.499,37.543],[-122.514,37.772],[-122.446,37.798],[-122.384,37.789],[-122.39,37.741],[-122.37,37.656],[-122.298,37.592],[-122.229,37.564],[-122.166,37.502],[-122.071,37.478],[-122.124,37.544],[-122.222,37.732],[-122.296,37.79],[-122.333,37.897],[-122.385,37.961],[-122.314,38.007],[-122.217,38.041],[-122.087,38.05],[-121.717,38.034],[-121.638,38.061],[-121.525,38.056],[-121.626,38.084],[-121.881,38.075],[-122.031,38.124],[-122.154,38.066],[-122.208,38.073],[-122.337,38.136],[-122.393,38.145],[-122.484,38.109],[-122.495,37.954],[-122.467,37.838],[-122.521,37.826],[-122.584,37.874],[-122.681,37.902],[-122.76,37.946],[-122.932,38.055],[-122.999,37.989],[-123.001,38.019],[-122.968,38.097],[-122.978,38.227],[-122.877,38.123],[-122.908,38.197],[-122.987,38.277],[-123.046,38.305],[-123.121,38.449],[-123.29,38.536],[-123.425,38.676],[-123.701,38.907],[-123.72,39.111],[-123.82,39.368],[-123.778,39.515],[-123.783,39.619],[-123.833,39.775],[-123.884,39.861],[-124.108,40.095],[-124.324,40.252],[-124.372,40.491],[-124.284,40.711],[-124.254,40.74],[-124.242,40.728],[-124.251,40.704],[-124.22,40.696],[-124.19,40.772],[-124.223,40.775],[-124.133,40.97],[-124.14,41.156],[-124.069,41.384],[-124.072,41.46],[-124.118,41.622],[-124.163,41.719],[-124.245,41.788],[-124.209,41.889],[-124.212,41.985],[-124.355,42.123],[-124.421,42.381],[-124.406,42.584],[-124.444,42.67],[-124.54,42.813],[-124.499,42.937],[-124.454,43.012],[-124.347,43.342],[-124.321,43.368],[-124.275,43.367],[-124.197,43.423],[-124.233,43.436],[-124.288,43.41],[-124.184,43.652],[-124.149,43.692],[-124.099,44.334],[-124.047,44.425],[-124.065,44.52],[-124.045,44.648],[-124.059,44.778],[-123.949,45.401],[-123.963,45.476],[-123.929,45.577],[-123.961,45.843],[-123.947,46.141],[-123.989,46.219],[-123.963,46.225],[-123.912,46.182],[-123.674,46.183],[-123.522,46.223],[-123.466,46.209],[-123.402,46.155],[-123.322,46.144],[-123.221,46.154],[-123.299,46.171],[-123.405,46.221],[-123.465,46.271],[-123.65,46.268],[-123.688,46.3],[-123.896,46.268],[-123.96,46.301],[-124.073,46.279],[-124.045,46.373],[-124.044,46.605],[-124.016,46.521],[-123.946,46.433],[-123.889,46.66],[-123.958,46.709],[-124.072,46.745],[-124.113,46.863],[-123.843,46.963],[-123.986,46.984],[-124.042,47.03],[-124.112,47.035],[-124.139,46.955],[-124.199,47.209],[-124.309,47.405],[-124.376,47.659],[-124.46,47.784],[-124.621,47.904],[-124.663,47.974],[-124.702,48.152],[-124.68,48.286],[-124.71,48.38],[-124.633,48.375],[-124.429,48.301],[-124.175,48.242],[-124.099,48.2],[-123.976,48.168],[-123.294,48.12],[-123.162,48.155],[-123.124,48.151],[-123.024,48.082],[-122.974,48.073],[-122.861,48.09],[-122.779,48.138],[-122.74,48.013],[-122.657,47.881],[-122.778,47.738],[-122.802,47.735],[-122.805,47.784],[-122.821,47.793],[-123.051,47.552],[-123.131,47.438],[-123.139,47.386],[-123.136,47.356],[-123.104,47.348],[-123.031,47.36],[-122.922,47.408],[-122.917,47.418],[-123.067,47.4],[-123.06,47.454],[-122.982,47.559],[-122.757,47.701],[-122.718,47.762],[-122.608,47.835],[-122.588,47.856],[-122.586,47.928],[-122.533,47.92],[-122.511,47.816],[-122.524,47.769],[-122.63,47.693],[-122.614,47.616],[-122.675,47.612],[-122.586,47.528],[-122.557,47.463],[-122.554,47.405],[-122.578,47.293],[-122.604,47.275],[-122.649,47.281],[-122.708,47.316],[-122.768,47.218],[-122.783,47.226],[-122.813,47.329],[-122.828,47.337],[-122.92,47.29],[-122.988,47.173],[-123.028,47.139],[-122.914,47.131],[-122.812,47.146],[-122.702,47.111],[-122.604,47.167],[-122.542,47.276],[-122.42,47.312],[-122.354,47.372],[-122.375,47.528],[-122.368,47.604],[-122.41,47.653],[-122.384,47.716],[-122.382,47.752],[-122.402,47.784],[-122.318,47.933],[-122.242,48.011],[-122.416,48.184],[-122.425,48.176],[-122.395,48.084],[-122.494,48.13],[-122.517,48.16],[-122.529,48.199],[-122.52,48.229],[-122.467,48.258],[-122.403,48.269],[-122.409,48.294],[-122.542,48.411],[-122.638,48.433],[-122.669,48.465],[-122.657,48.49],[-122.628,48.498],[-122.543,48.488],[-122.497,48.506],[-122.515,48.555],[-122.513,48.669],[-122.562,48.778],[-122.653,48.764],[-122.686,48.794],[-122.789,48.993],[-95.162,48.992],[-95.155,49.37],[-94.939,49.349],[-94.854,49.305],[-94.843,49.119],[-94.803,49.003],[-94.713,48.863],[-94.705,48.808],[-94.621,48.743],[-94.055,48.659],[-93.852,48.607],[-93.804,48.549],[-93.708,48.525],[-93.464,48.561],[-93.378,48.617],[-93.258,48.629],[-92.996,48.612],[-92.733,48.532],[-92.501,48.435],[-92.415,48.277],[-92.348,48.277],[-92.299,48.329],[-92.172,48.338],[-92.005,48.302],[-91.858,48.198],[-91.518,48.058],[-91.387,48.059],[-91.221,48.105],[-91.043,48.194],[-90.916,48.209],[-90.84,48.201],[-90.797,48.131],[-90.744,48.105],[-90.32,48.099],[-90.092,48.118],[-89.994,48.015],[-89.901,47.995],[-89.775,48.015],[-89.456,47.996],[-89.273,48.02],[-88.612,48.264],[-88.378,48.303],[-86.429,47.54],[-84.876,46.9],[-84.779,46.637],[-84.562,46.457],[-84.502,46.462],[-84.402,46.516],[-84.192,46.55],[-84.149,46.543],[-84.125,46.527],[-84.15,46.445],[-84.115,46.371],[-84.088,46.227],[-83.978,46.085],[-83.913,46.073],[-83.763,46.109],[-83.616,46.117],[-83.48,46.024],[-83.469,45.995],[-83.593,45.817],[-82.551,45.347],[-82.138,43.571],[-82.408,43.073],[-82.488,42.74],[-82.545,42.625],[-82.744,42.493],[-82.868,42.385],[-83.073,42.3],[-83.11,42.251],[-83.15,42.142],[-83.142,41.976],[-83.03,41.833],[-82.69,41.675],[-82.439,41.675],[-81.278,42.209],[-80.248,42.366],[-79.037,42.802],[-78.939,42.864],[-78.915,42.909],[-78.946,42.961],[-79.026,43.017],[-79.029,43.062],[-79.066,43.106],[-79.059,43.278],[-79.172,43.467],[-78.846,43.583],[-78.72,43.625],[-78.458,43.631],[-76.82,43.629],[-76.465,44.058],[-76.249,44.214],[-76.186,44.242],[-76.151,44.304],[-75.876,44.417],[-75.792,44.497],[-75.401,44.772],[-75.179,44.899],[-74.996,44.97],[-74.857,45.004],[-74.709,45.004]]],[[[-72.51,40.986],[-72.581,40.921],[-72.517,40.915],[-72.287,41.024],[-72.184,41.047],[-72.151,41.051],[-72.102,41.015],[-71.903,41.061],[-72.556,40.826],[-73.194,40.654],[-73.266,40.664],[-73.621,40.6],[-73.9,40.571],[-73.801,40.622],[-73.799,40.641],[-73.823,40.656],[-73.875,40.652],[-73.929,40.599],[-74.015,40.581],[-74.032,40.639],[-73.965,40.725],[-73.879,40.792],[-73.695,40.87],[-73.652,40.838],[-73.643,40.881],[-73.574,40.92],[-73.373,40.944],[-73.278,40.924],[-73.186,40.93],[-73.034,40.966],[-72.625,40.992],[-72.373,41.126],[-72.274,41.153],[-72.51,40.986]]],[[[-68.187,44.332],[-68.245,44.313],[-68.309,44.321],[-68.315,44.25],[-68.412,44.294],[-68.409,44.364],[-68.347,44.43],[-68.299,44.456],[-68.238,44.438],[-68.191,44.364],[-68.187,44.332]]],[[[-74.188,40.523],[-74.236,40.519],[-74.188,40.615],[-74.1,40.658],[-74.069,40.649],[-74.08,40.586],[-74.188,40.523]]],[[[-70.51,41.376],[-70.785,41.327],[-70.829,41.359],[-70.76,41.374],[-70.674,41.449],[-70.616,41.457],[-70.525,41.415],[-70.51,41.376]]],[[[-71.241,41.492],[-71.291,41.465],[-71.346,41.469],[-71.318,41.506],[-71.28,41.62],[-71.232,41.654],[-71.241,41.492]]],[[[-69.978,41.266],[-70.055,41.249],[-70.233,41.286],[-70.063,41.328],[-70.041,41.397],[-69.978,41.266]]],[[[-75.636,35.856],[-75.651,35.836],[-75.717,35.946],[-75.649,35.91],[-75.636,35.856]]],[[[-75.544,35.24],[-75.678,35.213],[-75.69,35.222],[-75.536,35.279],[-75.488,35.479],[-75.481,35.572],[-75.504,35.769],[-75.479,35.717],[-75.456,35.564],[-75.465,35.449],[-75.509,35.28],[-75.544,35.24]]],[[[-75.782,35.19],[-75.964,35.119],[-75.984,35.123],[-75.865,35.174],[-75.782,35.19]]],[[[-76.504,34.643],[-76.529,34.631],[-76.437,34.756],[-76.256,34.915],[-76.207,34.939],[-76.358,34.804],[-76.504,34.643]]],[[[-82.037,26.454],[-82.073,26.428],[-82.145,26.447],[-82.184,26.481],[-82.201,26.548],[-82.116,26.461],[-82.037,26.454]]],[[[-82.084,26.552],[-82.085,26.494],[-82.169,26.701],[-82.121,26.666],[-82.084,26.552]]],[[[-80.382,25.142],[-80.581,24.954],[-80.456,25.149],[-80.404,25.179],[-80.355,25.234],[-80.351,25.297],[-80.257,25.348],[-80.382,25.142]]],[[[-91.794,29.501],[-91.831,29.486],[-91.996,29.573],[-92.007,29.61],[-91.925,29.644],[-91.875,29.641],[-91.754,29.567],[-91.794,29.501]]],[[[-97.014,27.902],[-97.036,27.899],[-96.979,28.014],[-96.899,28.117],[-96.857,28.133],[-96.84,28.089],[-96.921,28.016],[-97.014,27.902]]],[[[-96.764,28.153],[-96.801,28.148],[-96.756,28.202],[-96.682,28.23],[-96.519,28.333],[-96.453,28.341],[-96.404,28.382],[-96.413,28.338],[-96.764,28.153]]],[[[-97.354,27.3],[-97.385,27.243],[-97.376,27.328],[-97.295,27.523],[-97.13,27.779],[-97.061,27.822],[-97.251,27.541],[-97.354,27.3]]],[[[-95.04,29.146],[-95.09,29.136],[-94.872,29.29],[-94.826,29.341],[-94.768,29.339],[-94.865,29.253],[-95.04,29.146]]],[[[-97.171,26.159],[-97.185,26.113],[-97.267,26.33],[-97.402,26.821],[-97.407,27.1],[-97.386,27.196],[-97.351,26.801],[-97.171,26.159]]],[[[-120.307,34.025],[-120.442,34.033],[-120.368,34.073],[-120.307,34.025]]],[[[-119.438,33.217],[-119.544,33.225],[-119.575,33.278],[-119.479,33.275],[-119.438,33.217]]],[[[-118.35,32.828],[-118.409,32.819],[-118.473,32.839],[-118.59,33.011],[-118.557,33.033],[-118.507,32.96],[-118.35,32.828]]],[[[-120.044,33.919],[-120.114,33.905],[-120.167,33.918],[-120.252,34.014],[-120.072,34.027],[-119.984,33.973],[-120.044,33.919]]],[[[-119.882,34.08],[-119.679,34.028],[-119.569,34.053],[-119.549,34.028],[-119.562,34.007],[-119.81,33.968],[-119.885,33.995],[-119.918,34.068],[-119.882,34.08]]],[[[-118.348,33.386],[-118.297,33.312],[-118.446,33.317],[-118.492,33.413],[-118.559,33.432],[-118.569,33.464],[-118.555,33.477],[-118.348,33.386]]],[[[-122.782,48.673],[-122.769,48.651],[-122.838,48.627],[-122.903,48.665],[-122.893,48.594],[-122.986,48.627],[-123.003,48.652],[-122.977,48.679],[-122.898,48.71],[-122.782,48.673]]],[[[-123.013,48.501],[-122.987,48.468],[-123.14,48.508],[-123.17,48.587],[-123.162,48.606],[-123.114,48.613],[-123.024,48.538],[-123.013,48.501]]],[[[-122.573,48.157],[-122.524,48.025],[-122.503,48.08],[-122.367,47.985],[-122.367,47.939],[-122.383,47.923],[-122.411,47.918],[-122.492,47.981],[-122.558,47.992],[-122.603,48.055],[-122.606,48.129],[-122.623,48.151],[-122.69,48.174],[-122.742,48.225],[-122.749,48.239],[-122.725,48.281],[-122.629,48.384],[-122.604,48.381],[-122.536,48.321],[-122.542,48.294],[-122.697,48.229],[-122.598,48.2],[-122.573,48.157]]],[[[-71.365,41.485],[-71.393,41.467],[-71.403,41.515],[-71.384,41.571],[-71.364,41.572],[-71.354,41.542],[-71.365,41.485]]],[[[-74.133,39.681],[-74.25,39.529],[-74.253,39.558],[-74.107,39.746],[-74.133,39.681]]],[[[-75.333,37.888],[-75.379,37.872],[-75.226,38.072],[-75.098,38.298],[-75.136,38.181],[-75.333,37.888]]],[[[-76.546,34.655],[-76.608,34.664],[-76.674,34.7],[-76.622,34.695],[-76.546,34.655]]],[[[-81.335,24.65],[-81.365,24.63],[-81.379,24.636],[-81.379,24.666],[-81.42,24.75],[-81.322,24.685],[-81.335,24.65]]],[[[-80.829,24.804],[-80.848,24.804],[-80.799,24.846],[-80.785,24.835],[-80.787,24.821],[-80.829,24.804]]],[[[-80.638,24.903],[-80.665,24.898],[-80.615,24.938],[-80.638,24.903]]],[[[-81.044,24.717],[-81.09,24.693],[-81.137,24.71],[-81.085,24.734],[-80.93,24.759],[-81.044,24.717]]],[[[-81.419,30.971],[-81.463,30.728],[-81.485,30.898],[-81.419,30.971]]],[[[-81.567,24.6],[-81.631,24.59],[-81.579,24.629],[-81.562,24.689],[-81.532,24.642],[-81.532,24.614],[-81.567,24.6]]],[[[-80.187,27.278],[-80.171,27.205],[-80.262,27.376],[-80.376,27.643],[-80.437,27.851],[-80.396,27.795],[-80.187,27.278]]],[[[-81.784,24.545],[-81.809,24.542],[-81.811,24.558],[-81.739,24.575],[-81.74,24.554],[-81.784,24.545]]],[[[-88.889,29.713],[-88.944,29.66],[-88.901,29.733],[-88.873,29.753],[-88.889,29.713]]],[[[-88.558,30.216],[-88.571,30.205],[-88.659,30.226],[-88.713,30.245],[-88.723,30.264],[-88.558,30.216]]],[[[-88.071,30.252],[-88.159,30.231],[-88.316,30.24],[-88.109,30.274],[-88.071,30.252]]],[[[-89.224,30.084],[-89.22,30.038],[-89.269,30.061],[-89.342,30.063],[-89.185,30.169],[-89.224,30.084]]],[[[-88.827,29.808],[-88.856,29.776],[-88.828,29.928],[-88.867,30.057],[-88.826,30],[-88.813,29.933],[-88.827,29.808]]],[[[-84.908,29.643],[-85.008,29.607],[-85.117,29.633],[-85.001,29.627],[-84.812,29.718],[-84.737,29.732],[-84.908,29.643]]],[[[-122.853,47.205],[-122.877,47.186],[-122.912,47.254],[-122.885,47.275],[-122.853,47.205]]],[[[-122.394,47.395],[-122.399,47.373],[-122.437,47.355],[-122.457,47.359],[-122.469,47.39],[-122.51,47.358],[-122.486,47.489],[-122.469,47.49],[-122.394,47.395]]],[[[-122.497,47.595],[-122.503,47.575],[-122.576,47.619],[-122.574,47.667],[-122.55,47.704],[-122.508,47.683],[-122.497,47.595]]],[[[-122.821,48.431],[-122.837,48.422],[-122.89,48.435],[-122.922,48.457],[-122.932,48.485],[-122.912,48.538],[-122.869,48.549],[-122.862,48.502],[-122.815,48.452],[-122.821,48.431]]],[[[-68.623,44.196],[-68.661,44.176],[-68.702,44.183],[-68.703,44.232],[-68.677,44.256],[-68.623,44.196]]]]}},{"type":"Feature","properties":{"iso":"RU","name":"Russia","us":false},"geometry":{"type":"MultiPolygon","coordinates":[[[[145.882,43.46],[145.931,43.457],[145.944,43.426],[145.894,43.42],[145.869,43.45],[145.882,43.46]]],[[[146.359,43.625],[146.274,43.63],[146.31,43.652],[146.35,43.644],[146.359,43.625]]],[[[146.046,43.409],[146.028,43.42],[146.089,43.449],[146.101,43.44],[146.046,43.409]]],[[[137.179,55.1],[137.055,54.927],[136.969,54.924],[136.903,54.961],[136.765,54.946],[136.715,54.956],[136.795,55.009],[136.996,55.093],[137.179,55.1]]],[[[150.59,59.019],[150.511,59.007],[150.472,59.035],[150.47,59.054],[150.592,59.097],[150.666,59.16],[150.713,59.122],[150.728,59.095],[150.59,59.019]]],[[[120.261,73.09],[120.008,73.045],[119.792,73.045],[119.64,73.124],[119.762,73.155],[119.964,73.168],[120.079,73.157],[120.261,73.09]]],[[[124.543,73.85],[124.482,73.848],[124.366,73.875],[124.337,73.928],[124.43,73.943],[124.548,73.934],[124.653,73.888],[124.543,73.85]]],[[[106.27,78.206],[106.151,78.199],[106.024,78.22],[106.058,78.265],[106.351,78.273],[106.457,78.34],[106.64,78.336],[106.72,78.294],[106.719,78.265],[106.505,78.262],[106.27,78.206]]],[[[107.415,77.243],[107.302,77.242],[107.27,77.289],[107.366,77.347],[107.486,77.347],[107.629,77.32],[107.665,77.3],[107.679,77.268],[107.415,77.243]]],[[[97.588,76.599],[97.535,76.584],[97.43,76.591],[97.342,76.629],[97.31,76.69],[97.382,76.707],[97.588,76.599]]],[[[96.854,76.199],[96.798,76.188],[96.739,76.207],[96.74,76.258],[96.833,76.324],[96.835,76.345],[96.878,76.355],[96.99,76.343],[97.053,76.303],[96.974,76.237],[96.854,76.199]]],[[[100.136,79.614],[99.915,79.602],[99.956,79.69],[100.068,79.701],[100.3,79.67],[100.136,79.614]]],[[[76.756,73.446],[76.659,73.44],[76.234,73.476],[76.083,73.523],[76.14,73.554],[76.251,73.555],[76.756,73.446]]],[[[82.71,74.091],[82.613,74.056],[82.382,74.099],[82.329,74.131],[82.526,74.161],[82.611,74.149],[82.71,74.091]]],[[[84.759,74.459],[84.71,74.4],[84.429,74.43],[84.389,74.454],[84.68,74.512],[84.873,74.516],[84.759,74.459]]],[[[86.653,74.981],[86.737,74.963],[87.001,74.992],[87.052,74.983],[87.124,74.94],[87.012,74.862],[86.927,74.831],[86.391,74.851],[86.259,74.894],[86.331,74.939],[86.605,74.993],[86.653,74.981]]],[[[59.313,81.305],[59.097,81.292],[58.719,81.314],[58.61,81.337],[58.634,81.36],[58.881,81.392],[59.075,81.398],[59.281,81.366],[59.375,81.325],[59.313,81.305]]],[[[-179.799,68.94],[-179.595,68.906],[-179.471,68.912],[-179.279,68.825],[-178.874,68.754],[-178.689,68.675],[-178.539,68.586],[-178.751,68.66],[-178.737,68.593],[-178.693,68.546],[-178.244,68.467],[-178.097,68.425],[-178.049,68.388],[-178.019,68.323],[-178.056,68.265],[-177.922,68.287],[-177.797,68.338],[-177.862,68.378],[-178.285,68.519],[-178.373,68.566],[-178.25,68.541],[-177.683,68.363],[-177.527,68.294],[-177.593,68.281],[-177.639,68.241],[-177.589,68.224],[-177.408,68.245],[-177.297,68.223],[-177.172,68.175],[-176.907,68.119],[-175.345,67.678],[-175.31,67.602],[-175.24,67.521],[-175.233,67.447],[-175.375,67.357],[-175.155,67.365],[-175.003,67.438],[-174.918,67.408],[-174.85,67.349],[-174.87,67.269],[-174.93,67.203],[-174.938,67.093],[-174.885,67],[-174.784,66.917],[-174.771,66.784],[-174.87,66.725],[-174.925,66.623],[-174.675,66.603],[-174.504,66.538],[-174.394,66.344],[-174.366,66.348],[-174.206,66.452],[-174.085,66.473],[-174.018,66.383],[-174.065,66.23],[-174.025,66.23],[-173.955,66.287],[-173.9,66.31],[-173.774,66.435],[-173.843,66.488],[-173.921,66.522],[-174.102,66.541],[-174.196,66.581],[-174.232,66.632],[-174.061,66.69],[-174.006,66.779],[-174.041,66.875],[-174.086,66.943],[-174.154,66.982],[-174.284,67.002],[-174.342,67.04],[-174.519,67.049],[-174.554,67.063],[-174.55,67.091],[-174.448,67.103],[-173.884,67.106],[-173.68,67.145],[-173.494,67.105],[-173.158,67.069],[-173.324,66.955],[-173.347,66.851],[-173.259,66.84],[-173.175,66.865],[-173.216,66.911],[-173.228,66.969],[-173.193,66.994],[-173.147,66.999],[-173.058,66.956],[-172.963,66.942],[-172.641,66.925],[-172.549,66.931],[-172.52,66.952],[-172.583,66.978],[-173.002,67.034],[-173.008,67.065],[-172.621,67.027],[-172.274,66.966],[-172.031,66.973],[-171.796,66.932],[-171.57,66.819],[-171.36,66.677],[-171.149,66.593],[-170.927,66.53],[-170.473,66.32],[-170.604,66.249],[-170.361,66.298],[-170.301,66.294],[-170.247,66.272],[-170.192,66.201],[-170.244,66.169],[-169.889,66.163],[-169.778,66.143],[-169.729,66.058],[-169.832,65.999],[-170.004,66.033],[-170.159,66.008],[-170.401,65.929],[-170.541,65.865],[-170.563,65.824],[-170.541,65.71],[-170.561,65.656],[-170.666,65.622],[-171.001,65.665],[-171.232,65.737],[-171.377,65.804],[-171.422,65.81],[-171.451,65.794],[-171.303,65.698],[-171.134,65.628],[-171.054,65.55],[-171.106,65.511],[-171.17,65.502],[-171.466,65.533],[-171.907,65.496],[-171.947,65.508],[-171.957,65.542],[-172.282,65.582],[-172.322,65.618],[-172.436,65.67],[-172.608,65.69],[-172.783,65.681],[-172.557,65.612],[-172.354,65.496],[-172.418,65.45],[-172.233,65.456],[-172.212,65.425],[-172.27,65.303],[-172.309,65.276],[-172.662,65.249],[-172.573,65.228],[-172.379,65.227],[-172.286,65.206],[-172.224,65.129],[-172.213,65.048],[-172.399,64.965],[-172.593,64.908],[-172.999,64.877],[-173.066,64.847],[-173.086,64.817],[-172.998,64.837],[-172.897,64.826],[-172.801,64.791],[-172.812,64.761],[-172.903,64.729],[-172.924,64.705],[-172.889,64.664],[-172.901,64.629],[-172.487,64.544],[-172.394,64.475],[-172.379,64.432],[-172.401,64.414],[-172.739,64.412],[-172.756,64.46],[-172.792,64.499],[-172.903,64.526],[-172.949,64.507],[-172.916,64.369],[-173.009,64.297],[-173.157,64.28],[-173.275,64.29],[-173.376,64.355],[-173.376,64.41],[-173.309,64.443],[-173.327,64.54],[-173.475,64.429],[-173.604,64.365],[-173.73,64.365],[-174.001,64.449],[-174.318,64.638],[-174.571,64.718],[-175.036,64.814],[-175.256,64.794],[-175.442,64.817],[-175.521,64.867],[-175.854,65.011],[-175.859,65.054],[-175.83,65.106],[-175.856,65.233],[-175.923,65.352],[-176.093,65.471],[-177.056,65.614],[-177.175,65.602],[-177.489,65.504],[-177.699,65.49],[-178.412,65.496],[-178.505,65.537],[-178.526,65.593],[-178.502,65.74],[-178.679,65.795],[-178.791,65.865],[-178.879,65.936],[-178.939,66.033],[-178.858,66.038],[-178.747,66.014],[-178.694,66.124],[-178.587,66.198],[-178.534,66.317],[-178.527,66.402],[-178.616,66.355],[-178.753,66.237],[-178.868,66.187],[-178.916,66.18],[-179.105,66.232],[-179.107,66.346],[-179.143,66.375],[-179.178,66.353],[-179.193,66.313],[-179.34,66.288],[-179.316,66.22],[-179.327,66.163],[-179.616,66.128],[-179.683,66.184],[-179.784,66.018],[-179.79,65.901],[-179.728,65.804],[-179.449,65.688],[-179.366,65.639],[-179.344,65.575],[-179.352,65.517],[-179.519,65.386],[-179.635,65.244],[-179.705,65.187],[-180,65.067],[-180,68.983],[-179.799,68.94]]],[[[130.687,42.303],[130.658,42.328],[130.652,42.373],[130.554,42.475],[130.527,42.535],[130.584,42.567],[130.577,42.623],[130.521,42.674],[130.439,42.686],[130.42,42.7],[130.425,42.727],[130.493,42.779],[130.577,42.812],[130.803,42.857],[130.943,42.852],[131.069,42.902],[131.086,43.038],[131.176,43.142],[131.257,43.378],[131.262,43.433],[131.244,43.469],[131.182,43.506],[131.174,43.705],[131.213,44.003],[131.255,44.072],[131.087,44.596],[130.968,44.8],[130.982,44.844],[131.082,44.91],[131.228,44.92],[131.447,44.984],[131.579,45.084],[131.654,45.205],[131.742,45.243],[131.795,45.305],[131.852,45.327],[131.909,45.274],[131.978,45.244],[132.936,45.03],[133.113,45.131],[133.097,45.22],[133.113,45.321],[133.186,45.495],[133.267,45.545],[133.436,45.605],[133.466,45.651],[133.449,45.705],[133.513,45.879],[133.608,45.92],[133.648,45.955],[133.711,46.07],[133.701,46.14],[133.75,46.186],[133.861,46.248],[133.88,46.336],[133.903,46.367],[133.867,46.499],[134.023,46.713],[134.039,46.858],[134.071,46.951],[134.137,47.069],[134.202,47.128],[134.163,47.259],[134.168,47.302],[134.291,47.414],[134.483,47.447],[134.542,47.485],[134.696,47.625],[134.752,47.715],[134.566,48.023],[134.669,48.153],[134.681,48.21],[134.665,48.254],[134.564,48.322],[134.456,48.355],[134.293,48.373],[133.842,48.274],[133.672,48.208],[133.573,48.133],[133.468,48.097],[133.144,48.106],[133.02,48.064],[132.877,47.979],[132.773,47.94],[132.707,47.947],[132.637,47.89],[132.562,47.769],[132.476,47.715],[132.38,47.729],[131.785,47.681],[131.557,47.682],[131.464,47.723],[131.319,47.728],[131.003,47.691],[130.962,47.709],[130.933,47.76],[130.915,47.843],[130.849,47.929],[130.733,48.019],[130.712,48.128],[130.787,48.255],[130.804,48.342],[130.747,48.43],[130.659,48.483],[130.597,48.575],[130.552,48.602],[130.566,48.68],[130.617,48.773],[130.553,48.861],[130.355,48.866],[130.196,48.892],[130.037,48.972],[129.793,49.199],[129.671,49.279],[129.591,49.287],[129.534,49.323],[129.498,49.389],[129.385,49.389],[129.31,49.354],[129.248,49.379],[129.185,49.381],[129.12,49.362],[129.065,49.375],[129.02,49.419],[128.938,49.449],[128.819,49.464],[128.77,49.495],[128.791,49.542],[128.769,49.577],[128.704,49.6],[128.237,49.559],[128,49.569],[127.814,49.622],[127.711,49.672],[127.69,49.717],[127.637,49.76],[127.551,49.802],[127.502,49.873],[127.492,49.975],[127.512,50.072],[127.59,50.209],[127.395,50.299],[127.337,50.35],[127.351,50.394],[127.341,50.428],[127.306,50.454],[127.308,50.494],[127.347,50.55],[127.347,50.621],[127.307,50.708],[127.198,50.829],[127.02,50.986],[126.925,51.1],[126.888,51.23],[126.854,51.261],[126.834,51.315],[126.848,51.374],[126.802,51.448],[126.805,51.506],[126.775,51.545],[126.709,51.566],[126.689,51.61],[126.701,51.703],[126.654,51.781],[126.511,51.926],[126.468,52.031],[126.456,52.126],[126.395,52.173],[126.383,52.287],[126.324,52.332],[126.342,52.362],[126.313,52.4],[126.238,52.445],[126.203,52.484],[126.194,52.519],[126.157,52.547],[126.046,52.573],[126.016,52.61],[126.06,52.692],[126.048,52.739],[125.942,52.801],[125.872,52.872],[125.728,52.891],[125.681,52.931],[125.695,52.956],[125.692,53.004],[125.649,53.042],[125.596,53.057],[125.546,53.048],[125.226,53.166],[125.075,53.204],[124.971,53.197],[124.907,53.173],[124.882,53.13],[124.812,53.134],[124.64,53.211],[124.466,53.23],[124.369,53.271],[124.291,53.341],[124.22,53.37],[124.154,53.359],[123.608,53.547],[123.535,53.526],[123.31,53.556],[123.154,53.545],[122.958,53.498],[122.516,53.457],[122.38,53.463],[122.338,53.485],[122.089,53.451],[121.405,53.317],[120.985,53.285],[120.704,53.172],[120.218,52.84],[120.095,52.787],[120.044,52.718],[120.068,52.633],[120.173,52.602],[120.36,52.627],[120.521,52.615],[120.656,52.567],[120.699,52.494],[120.65,52.396],[120.665,52.3],[120.745,52.205],[120.75,52.097],[120.681,51.973],[120.511,51.849],[120.237,51.723],[120.067,51.601],[119.967,51.422],[119.813,51.267],[119.757,51.179],[119.746,51.108],[119.685,51.03],[119.573,50.947],[119.512,50.863],[119.502,50.779],[119.446,50.703],[119.344,50.634],[119.281,50.561],[119.256,50.484],[119.217,50.433],[119.164,50.406],[119.192,50.38],[119.302,50.354],[119.346,50.279],[119.326,50.155],[119.26,50.066],[119.147,50.013],[118.979,49.979],[118.756,49.963],[118.452,49.844],[117.873,49.513],[117.698,49.536],[117.477,49.609],[117.246,49.625],[116.889,49.738],[116.683,49.824],[116.632,49.877],[116.551,49.92],[116.217,50.009],[116.135,50.011],[115.718,49.881],[115.429,49.896],[115.275,49.949],[115.098,50.059],[115.003,50.139],[114.743,50.234],[114.386,50.255],[114.297,50.274],[114.071,50.205],[113.881,50.101],[113.574,50.007],[113.164,49.797],[113.056,49.616],[112.806,49.524],[112.697,49.507],[112.495,49.532],[112.375,49.515],[112.08,49.424],[111.736,49.398],[111.429,49.343],[111.337,49.356],[110.828,49.166],[110.71,49.143],[110.631,49.138],[110.428,49.22],[110.321,49.216],[110.2,49.17],[109.529,49.27],[109.237,49.335],[108.733,49.336],[108.614,49.323],[108.522,49.342],[108.407,49.396],[108.213,49.525],[108.034,49.594],[108.01,49.647],[107.965,49.654],[107.937,49.691],[107.948,49.925],[107.917,49.948],[107.631,49.983],[107.233,49.989],[107.04,50.086],[106.941,50.197],[106.711,50.313],[106.574,50.329],[106.218,50.305],[106.083,50.333],[105.875,50.405],[105.693,50.414],[105.384,50.474],[105.267,50.46],[105.095,50.39],[104.466,50.306],[104.354,50.275],[104.18,50.169],[104.079,50.154],[103.803,50.176],[103.633,50.139],[103.304,50.2],[103.234,50.264],[103.162,50.291],[102.86,50.333],[102.683,50.387],[102.546,50.461],[102.469,50.526],[102.336,50.544],[102.288,50.585],[102.286,50.635],[102.317,50.718],[102.277,50.769],[102.235,50.791],[102.215,50.829],[102.226,50.901],[102.195,51.051],[102.152,51.108],[102.142,51.216],[102.16,51.261],[102.156,51.314],[102.112,51.353],[101.571,51.467],[101.464,51.471],[101.381,51.453],[101.223,51.513],[100.469,51.726],[100.035,51.737],[99.922,51.756],[99.719,51.872],[99.407,51.924],[99.091,52.035],[99.034,52.035],[98.958,52.102],[98.893,52.117],[98.849,52.07],[98.803,51.957],[98.641,51.801],[98.353,51.718],[98.303,51.674],[98.238,51.578],[98.22,51.506],[98.185,51.486],[98.103,51.484],[98.038,51.45],[97.989,51.377],[97.947,51.348],[97.923,51.28],[97.911,51.165],[97.836,51.052],[97.825,50.985],[97.953,50.855],[97.962,50.769],[98.03,50.645],[98.145,50.569],[98.279,50.533],[98.293,50.487],[98.25,50.302],[98.103,50.078],[98.004,50.014],[97.937,49.997],[97.854,49.947],[97.721,49.945],[97.589,49.911],[97.541,49.843],[97.36,49.741],[97.209,49.731],[97.137,49.762],[96.986,49.883],[96.712,49.912],[96.598,49.878],[96.506,49.919],[96.381,49.896],[96.315,49.901],[96.23,49.954],[96.066,49.999],[96.019,49.999],[95.99,49.974],[95.936,49.96],[95.852,50.013],[95.789,50.013],[95.708,49.966],[95.567,49.944],[95.523,49.911],[95.442,49.916],[95.386,49.941],[95.111,49.935],[95.044,49.962],[95.013,50.008],[94.93,50.044],[94.718,50.043],[94.615,50.024],[94.565,50.088],[94.458,50.166],[94.4,50.18],[94.355,50.222],[94.347,50.303],[94.287,50.511],[94.251,50.556],[93.271,50.616],[93.103,50.604],[93.01,50.655],[92.941,50.778],[92.856,50.789],[92.779,50.779],[92.739,50.711],[92.681,50.683],[92.627,50.688],[92.426,50.803],[92.355,50.864],[92.296,50.85],[92.265,50.775],[92.192,50.701],[91.804,50.694],[91.706,50.666],[91.597,50.576],[91.522,50.562],[91.446,50.522],[91.415,50.468],[91.341,50.47],[91.022,50.415],[90.838,50.324],[90.761,50.306],[90.655,50.222],[90.517,50.213],[90.225,50.117],[90.054,50.094],[90.005,50.069],[89.977,49.984],[89.878,49.954],[89.744,49.948],[89.644,49.903],[89.634,49.823],[89.67,49.75],[89.654,49.717],[89.475,49.661],[89.396,49.612],[89.299,49.611],[89.244,49.627],[89.203,49.596],[89.18,49.532],[89.109,49.501],[89.008,49.473],[88.971,49.484],[88.9,49.54],[88.864,49.528],[88.86,49.482],[88.832,49.448],[88.748,49.446],[88.633,49.486],[88.452,49.473],[88.393,49.483],[88.193,49.452],[88.136,49.381],[88.134,49.298],[88.116,49.256],[87.988,49.187],[87.935,49.165],[87.763,49.166],[87.516,49.122],[87.476,49.091],[87.417,49.077],[87.323,49.086],[87.297,49.148],[87.234,49.216],[87.071,49.255],[87.001,49.287],[86.953,49.322],[86.812,49.488],[86.714,49.559],[86.626,49.563],[86.614,49.61],[86.731,49.696],[86.729,49.749],[86.675,49.777],[86.61,49.769],[86.418,49.638],[86.292,49.588],[86.181,49.499],[85.974,49.499],[85.934,49.55],[85.372,49.624],[85.292,49.599],[85.233,49.616],[85.21,49.665],[85.001,49.894],[84.975,49.951],[85,50.01],[84.989,50.061],[84.924,50.088],[84.839,50.091],[84.607,50.202],[84.323,50.239],[84.258,50.288],[84.195,50.437],[84.176,50.521],[84.099,50.605],[84.002,50.677],[83.945,50.775],[83.718,50.887],[83.357,50.995],[83.16,50.989],[83.093,50.961],[83.019,50.897],[82.761,50.893],[82.612,50.771],[82.494,50.728],[82.326,50.742],[82.098,50.711],[81.934,50.766],[81.752,50.764],[81.634,50.739],[81.466,50.74],[81.431,50.771],[81.452,50.824],[81.388,50.956],[81.319,50.966],[81.125,50.946],[81.071,50.969],[81.078,51.015],[81.141,51.147],[81.127,51.191],[80.966,51.19],[80.934,51.243],[80.877,51.281],[80.735,51.293],[80.65,51.277],[80.605,51.224],[80.448,51.183],[80.421,51.136],[80.452,50.998],[80.424,50.946],[80.345,50.919],[80.22,50.912],[80.086,50.84],[80.066,50.758],[79.986,50.775],[79.469,51.493],[78.475,52.638],[77.86,53.269],[77.704,53.379],[76.576,53.943],[76.485,54.023],[76.422,54.114],[76.422,54.152],[76.655,54.145],[76.703,54.182],[76.789,54.322],[76.837,54.442],[76.759,54.437],[76.496,54.336],[76.267,54.312],[75.881,54.168],[75.693,54.115],[75.437,54.09],[75.398,54.069],[75.377,53.97],[75.22,53.894],[75.052,53.827],[74.834,53.826],[74.452,53.647],[74.43,53.604],[74.429,53.551],[74.403,53.504],[74.352,53.488],[74.21,53.576],[74.069,53.611],[73.859,53.62],[73.643,53.576],[73.47,53.469],[73.407,53.448],[73.372,53.454],[73.362,53.506],[73.286,53.598],[73.306,53.707],[73.399,53.811],[73.679,53.929],[73.716,53.996],[73.712,54.042],[73.618,54.067],[73.506,53.999],[73.381,53.963],[73.23,53.958],[73.119,53.981],[72.914,54.107],[72.622,54.134],[72.583,54.122],[72.564,54.09],[72.599,54.023],[72.586,53.996],[72.447,53.942],[72.404,53.964],[72.383,54.054],[72.387,54.123],[72.269,54.272],[72.186,54.326],[72.105,54.308],[72.066,54.232],[72.004,54.206],[71.887,54.221],[71.677,54.178],[71.336,54.158],[71.093,54.212],[71.053,54.26],[71.152,54.364],[71.159,54.539],[71.186,54.599],[70.91,55.128],[70.738,55.305],[70.486,55.282],[70.417,55.253],[70.371,55.212],[70.182,55.162],[69.982,55.199],[69.74,55.307],[69.493,55.357],[68.977,55.39],[68.713,55.308],[68.525,55.205],[68.302,55.187],[68.206,55.161],[68.244,55.052],[68.209,55.003],[68.156,54.977],[67.83,54.944],[67.693,54.872],[67.257,54.829],[67.098,54.788],[66.223,54.667],[65.955,54.66],[65.914,54.693],[65.708,54.619],[65.477,54.623],[65.378,54.564],[65.237,54.516],[65.158,54.364],[65.088,54.34],[64.927,54.397],[64.65,54.352],[64.525,54.362],[64.461,54.384],[64.199,54.347],[64.063,54.303],[64.004,54.267],[63.847,54.236],[63.701,54.243],[63.414,54.183],[63.191,54.171],[63.074,54.105],[62.633,54.069],[62.499,54.013],[62.04,54.003],[61.986,53.954],[61.929,53.946],[61.334,54.049],[61.231,54.019],[61.144,53.964],[61.113,53.882],[61.113,53.753],[61.074,53.71],[60.986,53.657],[60.979,53.622],[61.248,53.551],[61.41,53.587],[61.474,53.58],[61.519,53.554],[61.535,53.523],[61.499,53.485],[61.401,53.456],[61.312,53.466],[61.229,53.446],[61.186,53.406],[61.163,53.337],[61.199,53.287],[61.311,53.275],[61.437,53.239],[61.576,53.222],[61.66,53.228],[61.766,53.174],[62.015,53.108],[62.081,53.057],[62.083,53.005],[62.037,52.966],[61.974,52.944],[61.401,52.996],[61.047,52.972],[60.945,52.86],[60.802,52.745],[60.774,52.676],[60.821,52.57],[60.979,52.395],[60.995,52.337],[60.938,52.281],[60.67,52.151],[60.499,52.146],[60.425,52.126],[60.234,52.025],[60.066,51.976],[60.03,51.933],[60.067,51.891],[60.28,51.835],[60.388,51.773],[60.418,51.704],[60.465,51.651],[60.974,51.537],[61.015,51.492],[61.363,51.442],[61.555,51.325],[61.585,51.23],[61.512,51.137],[61.465,50.99],[61.389,50.861],[61.227,50.775],[60.942,50.696],[60.638,50.664],[60.425,50.679],[60.288,50.704],[60.112,50.834],[60.059,50.85],[60.005,50.84],[59.955,50.799],[59.812,50.582],[59.751,50.544],[59.523,50.493],[59.498,50.511],[59.524,50.583],[59.452,50.62],[58.884,50.694],[58.814,50.737],[58.547,50.971],[58.359,51.064],[58.188,51.082],[58.045,51.069],[57.839,51.092],[57.765,51.047],[57.654,50.925],[57.558,50.896],[57.442,50.889],[57.313,50.947],[57.179,51.036],[57.012,51.065],[56.85,51.046],[56.62,50.981],[56.491,51.02],[56.144,50.845],[56.05,50.714],[55.798,50.602],[55.686,50.583],[55.542,50.602],[55.361,50.665],[55.195,50.745],[55.015,50.87],[54.868,50.941],[54.727,50.998],[54.642,51.012],[54.573,50.99],[54.546,50.946],[54.606,50.88],[54.638,50.781],[54.65,50.66],[54.636,50.592],[54.596,50.551],[54.555,50.536],[54.517,50.541],[54.471,50.584],[54.421,50.78],[54.298,50.914],[54.14,51.041],[53.957,51.161],[53.688,51.252],[53.535,51.4],[53.338,51.482],[53.247,51.494],[53.038,51.464],[52.903,51.467],[52.821,51.495],[52.735,51.498],[52.571,51.482],[52.496,51.512],[52.331,51.681],[52.219,51.709],[52.007,51.673],[51.609,51.484],[51.345,51.475],[51.301,51.497],[51.27,51.594],[51.163,51.647],[50.794,51.729],[50.756,51.675],[50.516,51.506],[50.309,51.322],[50.247,51.29],[49.932,51.197],[49.822,51.132],[49.498,51.084],[49.425,51.027],[49.323,50.852],[48.808,50.601],[48.625,50.613],[48.666,50.55],[48.7,50.354],[48.818,50.1],[48.843,50.013],[48.81,49.962],[48.759,49.928],[48.434,49.829],[48.335,49.858],[48.225,49.932],[47.85,50.282],[47.706,50.378],[47.6,50.414],[47.504,50.403],[47.429,50.358],[47.326,50.274],[47.295,50.217],[47.295,50.058],[47.248,50.001],[46.992,49.853],[46.89,49.697],[46.823,49.502],[46.802,49.367],[46.853,49.304],[46.953,49.253],[47.018,49.2],[47.031,49.15],[47.014,49.098],[46.962,49.038],[46.853,48.97],[46.703,48.806],[46.609,48.574],[46.661,48.412],[46.853,48.324],[47.004,48.284],[47.065,48.232],[47.119,48.127],[47.093,47.948],[47.131,47.877],[47.202,47.792],[47.292,47.741],[47.482,47.804],[48.11,47.745],[48.167,47.709],[48.553,47.321],[48.959,46.775],[48.95,46.726],[48.884,46.705],[48.776,46.71],[48.605,46.766],[48.558,46.757],[48.519,46.734],[48.502,46.699],[48.509,46.65],[48.541,46.606],[48.61,46.566],[49.232,46.337],[49.246,46.292],[49.125,46.282],[49.111,46.228],[49.08,46.189],[48.81,46.1],[48.684,46.086],[48.703,45.976],[48.75,45.921],[48.73,45.897],[48.69,45.889],[48.589,45.935],[48.487,45.935],[48.258,45.778],[48.159,45.737],[47.83,45.663],[47.701,45.686],[47.65,45.657],[47.633,45.584],[47.508,45.674],[47.463,45.68],[47.524,45.602],[47.529,45.53],[47.515,45.491],[47.489,45.455],[47.413,45.421],[47.391,45.295],[47.351,45.218],[47.221,45.024],[47.115,44.906],[47.084,44.817],[47.003,44.876],[46.957,44.783],[46.755,44.657],[46.716,44.561],[46.707,44.503],[46.721,44.452],[46.753,44.421],[46.916,44.387],[47.024,44.343],[47.23,44.192],[47.307,44.103],[47.362,43.993],[47.429,43.78],[47.463,43.555],[47.563,43.835],[47.646,43.885],[47.509,43.51],[47.49,43.382],[47.513,43.219],[47.463,43.035],[47.529,42.967],[47.635,42.903],[47.709,42.811],[47.728,42.681],[47.822,42.613],[48.08,42.354],[48.229,42.181],[48.384,41.953],[48.573,41.844],[48.391,41.602],[48.298,41.545],[48.056,41.459],[47.861,41.213],[47.791,41.199],[47.521,41.229],[47.318,41.282],[47.261,41.315],[47.205,41.456],[47.143,41.516],[47.01,41.588],[46.988,41.621],[46.749,41.813],[46.69,41.831],[46.571,41.8],[46.552,41.812],[46.538,41.87],[46.43,41.891],[46.213,41.99],[45.954,42.035],[45.846,42.11],[45.639,42.205],[45.634,42.235],[45.728,42.475],[45.656,42.518],[45.563,42.536],[45.344,42.53],[45.16,42.675],[44.871,42.756],[44.85,42.747],[44.771,42.617],[44.692,42.71],[44.644,42.735],[44.506,42.749],[44.329,42.704],[44.103,42.616],[44.005,42.596],[43.957,42.567],[43.826,42.572],[43.76,42.594],[43.738,42.617],[43.75,42.658],[43.795,42.703],[43.799,42.728],[43.783,42.747],[43.558,42.844],[43.348,42.897],[43.089,42.989],[43,43.05],[42.992,43.092],[42.761,43.17],[42.566,43.155],[42.419,43.224],[42.28,43.228],[42.05,43.19],[41.581,43.219],[41.358,43.333],[41.083,43.374],[40.648,43.534],[40.519,43.512],[40.15,43.57],[40.085,43.553],[39.978,43.42],[39.874,43.473],[39.517,43.728],[39.329,43.897],[38.717,44.288],[38.636,44.318],[38.312,44.374],[38.181,44.42],[37.851,44.699],[37.705,44.661],[37.572,44.671],[37.495,44.695],[37.411,44.735],[37.352,44.788],[37.284,44.905],[37.205,44.972],[36.944,45.07],[36.651,45.126],[36.619,45.185],[36.873,45.252],[36.941,45.29],[36.72,45.372],[36.794,45.41],[36.866,45.427],[36.978,45.384],[37.104,45.303],[37.214,45.272],[37.264,45.311],[37.647,45.377],[37.673,45.43],[37.672,45.488],[37.61,45.5],[37.612,45.565],[37.669,45.654],[37.841,45.8],[37.933,46.002],[38.014,46.048],[38.074,46.017],[38.08,45.935],[38.184,46.095],[38.4,46.08],[38.492,46.091],[38.315,46.242],[38.078,46.394],[37.978,46.383],[37.914,46.406],[37.81,46.532],[37.767,46.636],[37.968,46.618],[38.159,46.691],[38.23,46.701],[38.501,46.664],[38.488,46.732],[38.439,46.813],[38.631,46.873],[38.801,46.906],[39.127,47.023],[39.271,47.044],[39.293,47.106],[39.196,47.269],[39.024,47.272],[38.928,47.176],[38.668,47.144],[38.552,47.15],[38.644,47.212],[38.736,47.236],[38.762,47.262],[38.577,47.239],[38.485,47.176],[38.214,47.091],[38.201,47.175],[38.221,47.213],[38.265,47.237],[38.281,47.277],[38.208,47.297],[38.201,47.321],[38.257,47.409],[38.259,47.48],[38.287,47.559],[38.369,47.61],[38.511,47.622],[38.641,47.666],[38.719,47.714],[38.822,47.837],[38.9,47.855],[39.391,47.834],[39.736,47.845],[39.779,47.888],[39.776,47.964],[39.885,48.168],[39.961,48.238],[39.958,48.269],[39.847,48.303],[39.85,48.332],[39.89,48.36],[39.836,48.543],[39.765,48.572],[39.645,48.591],[39.705,48.739],[39.793,48.808],[39.904,48.794],[40.004,48.822],[39.989,48.851],[39.753,48.914],[39.706,48.96],[39.687,49.008],[39.89,49.064],[40.07,49.2],[40.109,49.252],[40.128,49.307],[40.126,49.369],[40.058,49.432],[40.058,49.497],[40.095,49.543],[40.081,49.577],[40.031,49.597],[39.877,49.568],[39.781,49.572],[39.463,49.728],[39.303,49.742],[39.175,49.856],[39.028,49.818],[38.918,49.825],[38.648,49.953],[38.451,49.964],[38.259,50.052],[38.209,50.051],[38.178,50.025],[38.147,49.939],[38.047,49.92],[37.704,50.109],[37.605,50.215],[37.582,50.292],[37.423,50.411],[37.343,50.418],[37.131,50.352],[36.988,50.34],[36.759,50.292],[36.619,50.209],[36.5,50.28],[36.369,50.297],[36.306,50.28],[36.116,50.409],[35.89,50.437],[35.674,50.346],[35.591,50.369],[35.546,50.44],[35.488,50.46],[35.412,50.54],[35.392,50.611],[35.44,50.682],[35.44,50.728],[35.383,50.799],[35.315,50.95],[35.309,50.987],[35.335,51.021],[35.312,51.044],[35.198,51.044],[35.158,51.061],[35.093,51.181],[35.064,51.203],[34.712,51.172],[34.491,51.237],[34.234,51.244],[34.214,51.255],[34.281,51.312],[34.275,51.34],[34.23,51.363],[34.207,51.42],[34.201,51.554],[34.115,51.645],[34.121,51.679],[34.379,51.717],[34.403,51.742],[34.398,51.78],[34.113,51.98],[34.015,52.156],[33.922,52.251],[33.819,52.316],[33.735,52.345],[33.452,52.334],[33.287,52.354],[33.148,52.34],[32.9,52.256],[32.806,52.253],[32.508,52.309],[32.435,52.307],[32.363,52.272],[32.283,52.114],[32.122,52.051],[31.974,52.047],[31.763,52.101],[31.691,52.221],[31.577,52.312],[31.586,52.532],[31.616,52.546],[31.526,52.633],[31.519,52.699],[31.563,52.731],[31.565,52.759],[31.535,52.798],[31.259,53.017],[31.388,53.185],[31.418,53.196],[31.668,53.201],[31.747,53.184],[31.777,53.147],[31.85,53.106],[32.142,53.091],[32.426,53.211],[32.469,53.27],[32.578,53.312],[32.704,53.336],[32.706,53.419],[32.686,53.448],[32.47,53.547],[32.425,53.617],[32.451,53.653],[32.45,53.693],[32.2,53.781],[31.821,53.792],[31.754,53.81],[31.825,53.935],[31.838,54.001],[31.826,54.031],[31.792,54.056],[31.404,54.196],[31.299,54.292],[31.246,54.392],[31.185,54.453],[31.075,54.492],[31.152,54.625],[30.799,54.783],[30.791,54.806],[30.83,54.915],[30.978,55.05],[30.959,55.138],[30.814,55.279],[30.811,55.307],[30.901,55.397],[30.907,55.57],[30.856,55.608],[30.801,55.601],[30.626,55.666],[30.456,55.787],[30.234,55.845],[29.937,55.845],[29.744,55.77],[29.63,55.751],[29.482,55.685],[29.413,55.725],[29.353,55.784],[29.398,55.881],[29.396,55.912],[29.375,55.939],[29.283,55.968],[29.087,56.021],[29.032,56.022],[28.795,55.943],[28.741,55.955],[28.637,56.062],[28.564,56.092],[28.407,56.089],[28.316,56.053],[28.284,56.056],[28.148,56.143],[28.202,56.26],[28.169,56.387],[28.103,56.546],[28.008,56.6],[27.992,56.645],[27.892,56.741],[27.882,56.824],[27.806,56.867],[27.639,56.846],[27.711,56.978],[27.717,57.055],[27.763,57.135],[27.815,57.167],[27.83,57.194],[27.829,57.293],[27.539,57.43],[27.511,57.508],[27.47,57.524],[27.352,57.528],[27.354,57.55],[27.4,57.667],[27.492,57.725],[27.542,57.799],[27.753,57.841],[27.779,57.871],[27.673,57.935],[27.571,58.138],[27.502,58.221],[27.488,58.27],[27.53,58.381],[27.531,58.435],[27.427,58.733],[27.434,58.787],[27.464,58.841],[27.513,58.886],[27.622,58.945],[27.758,59.052],[27.898,59.278],[27.938,59.297],[28.016,59.302],[28.061,59.343],[28.151,59.374],[28.133,59.403],[28.013,59.484],[28.064,59.554],[28.014,59.725],[28.058,59.782],[28.131,59.787],[28.213,59.725],[28.335,59.693],[28.424,59.734],[28.454,59.814],[28.518,59.85],[28.604,59.818],[28.748,59.807],[28.947,59.829],[29.079,59.961],[29.147,60],[29.67,59.956],[30.123,59.874],[30.157,59.904],[30.173,59.957],[29.977,60.026],[29.872,60.121],[29.721,60.195],[29.569,60.202],[29.37,60.176],[29.069,60.191],[28.813,60.332],[28.643,60.375],[28.522,60.483],[28.492,60.54],[28.622,60.492],[28.651,60.611],[28.513,60.677],[28.179,60.571],[27.798,60.536],[28.407,60.897],[28.663,61.003],[28.739,61.059],[29.252,61.288],[29.492,61.444],[29.69,61.546],[30.566,62.128],[30.936,62.324],[31.187,62.481],[31.286,62.568],[31.534,62.885],[31.537,62.922],[31.509,62.955],[31.337,63.068],[31.181,63.208],[30.975,63.301],[30.419,63.504],[30.055,63.689],[29.992,63.735],[30.21,63.803],[30.504,64.021],[30.526,64.077],[30.528,64.141],[30.488,64.237],[30.391,64.282],[30.108,64.366],[29.987,64.524],[29.986,64.558],[30.12,64.645],[30.126,64.688],[30.11,64.733],[30.073,64.765],[29.783,64.804],[29.702,64.846],[29.604,64.968],[29.601,65.002],[29.622,65.04],[29.811,65.108],[29.827,65.145],[29.811,65.205],[29.63,65.224],[29.608,65.249],[29.715,65.337],[29.728,65.473],[29.819,65.569],[29.716,65.625],[29.883,65.664],[30.095,65.682],[30.103,65.726],[30.088,65.787],[29.903,66.091],[29.671,66.276],[29.591,66.357],[29.544,66.44],[29.464,66.532],[29.293,66.696],[29.093,66.849],[29.066,66.892],[29.087,66.971],[29.243,67.097],[29.572,67.324],[29.941,67.547],[29.988,67.668],[29.979,67.689],[29.822,67.754],[29.524,67.929],[29.344,68.062],[28.685,68.19],[28.471,68.488],[28.479,68.538],[28.752,68.771],[28.778,68.814],[28.773,68.84],[28.706,68.866],[28.454,68.872],[28.414,68.904],[29.119,69.05],[29.21,69.097],[29.388,69.298],[29.994,69.392],[30.087,69.433],[30.164,69.502],[30.196,69.581],[30.16,69.63],[30.228,69.634],[30.615,69.533],[30.861,69.538],[30.897,69.561],[30.922,69.606],[30.924,69.652],[30.87,69.783],[31.05,69.769],[31.453,69.69],[31.547,69.697],[31.666,69.721],[31.789,69.816],[31.879,69.832],[31.998,69.81],[32.031,69.835],[31.969,69.914],[31.985,69.954],[32.392,69.869],[32.565,69.806],[32.942,69.752],[33.008,69.722],[33.013,69.671],[32.995,69.626],[32.915,69.602],[32.754,69.606],[32.177,69.674],[32.092,69.633],[32.161,69.597],[32.331,69.554],[32.378,69.479],[32.637,69.489],[32.884,69.461],[33,69.47],[33.021,69.446],[32.942,69.383],[32.979,69.367],[33.385,69.444],[33.454,69.428],[33.464,69.378],[33.418,69.315],[33.413,69.267],[33.328,69.152],[33.196,69.117],[33.141,69.069],[33.333,69.098],[33.436,69.13],[33.627,69.289],[33.684,69.31],[34.229,69.313],[34.864,69.228],[35.01,69.221],[35.176,69.231],[35.233,69.266],[35.29,69.275],[35.858,69.192],[36.618,69.003],[37.731,68.692],[38.358,68.415],[38.43,68.356],[38.657,68.322],[38.706,68.345],[38.832,68.325],[39.569,68.072],[39.823,68.059],[39.746,68.162],[39.809,68.151],[39.896,68.115],[40.036,68.015],[40.207,67.942],[40.381,67.832],[40.526,67.79],[40.966,67.713],[41.061,67.444],[41.134,67.386],[41.134,67.267],[41.262,67.218],[41.359,67.21],[41.354,67.121],[41.276,66.914],[41.189,66.826],[40.522,66.447],[40.103,66.3],[39.289,66.132],[38.654,66.069],[38.398,66.064],[37.901,66.096],[37.628,66.13],[37.295,66.225],[36.984,66.273],[36.77,66.294],[36.373,66.302],[35.513,66.396],[35.364,66.429],[34.825,66.611],[34.61,66.56],[34.483,66.55],[34.396,66.613],[34.452,66.651],[34.146,66.703],[33.894,66.707],[33.595,66.785],[33.482,66.765],[33.15,66.844],[33.002,66.908],[32.848,67.022],[32.93,67.087],[32.4,67.153],[31.895,67.161],[31.983,67.13],[32.202,67.113],[32.501,67.004],[32.464,66.916],[32.857,66.747],[32.862,66.721],[33.181,66.68],[33.224,66.604],[33.183,66.574],[33.217,66.532],[33.656,66.443],[33.593,66.385],[33.361,66.33],[33.416,66.316],[33.567,66.321],[34.113,66.225],[34.4,66.128],[34.692,65.952],[34.786,65.865],[34.793,65.816],[34.777,65.768],[34.616,65.51],[34.544,65.457],[34.406,65.396],[34.671,65.168],[34.804,64.986],[34.827,64.913],[34.833,64.8],[34.952,64.756],[34.858,64.707],[34.87,64.56],[35.035,64.44],[35.284,64.363],[35.432,64.347],[35.647,64.378],[35.802,64.335],[36.146,64.189],[36.302,64.034],[36.365,64.003],[36.975,63.91],[37.373,63.817],[37.442,63.813],[37.635,63.893],[37.968,63.949],[38.071,64.026],[38.062,64.091],[37.977,64.207],[37.954,64.32],[37.741,64.397],[37.43,64.374],[37.29,64.378],[37.184,64.408],[37.04,64.489],[36.769,64.685],[36.624,64.751],[36.579,64.791],[36.528,64.847],[36.535,64.939],[36.653,64.935],[36.786,64.987],[36.883,65.172],[37.141,65.194],[37.528,65.108],[38.009,64.879],[38.116,64.855],[38.412,64.857],[38.442,64.827],[38.541,64.791],[39.054,64.714],[39.567,64.571],[39.758,64.577],[39.849,64.691],[40.058,64.771],[40.204,64.784],[40.408,64.755],[40.445,64.779],[40.375,64.896],[40.281,64.998],[40.143,65.063],[39.896,65.255],[39.798,65.35],[39.749,65.448],[39.817,65.598],[40.328,65.752],[40.513,65.844],[40.692,65.963],[40.774,65.988],[41.076,66.021],[41.476,66.123],[41.781,66.259],[42.084,66.466],[42.211,66.52],[42.314,66.515],[42.451,66.482],[42.602,66.423],[43.233,66.416],[43.551,66.321],[43.653,66.251],[43.55,66.173],[43.542,66.123],[43.737,66.158],[43.844,66.142],[44.104,66.009],[44.145,66.113],[44.097,66.235],[44.221,66.407],[44.316,66.482],[44.489,66.672],[44.437,66.795],[44.429,66.938],[44.404,67.004],[44.292,67.1],[44.074,67.167],[43.855,67.189],[43.782,67.254],[43.796,67.33],[43.856,67.439],[44.036,67.671],[44.225,67.996],[44.232,68.071],[44.214,68.113],[44.226,68.154],[44.205,68.254],[44.169,68.327],[43.404,68.609],[43.358,68.636],[43.333,68.673],[43.472,68.68],[44.048,68.549],[44.175,68.542],[45.078,68.578],[45.519,68.547],[45.892,68.48],[46.158,68.291],[46.684,67.97],[46.69,67.849],[45.529,67.758],[44.939,67.477],[44.902,67.413],[44.939,67.351],[45.139,67.285],[45.562,67.186],[45.753,66.989],[45.885,66.891],[45.986,66.853],[46.298,66.843],[46.492,66.8],[46.552,66.819],[47.496,66.93],[47.656,66.976],[47.709,67.045],[47.768,67.276],[47.908,67.455],[47.875,67.584],[48.654,67.695],[48.833,67.681],[48.878,67.731],[48.696,67.874],[48.754,67.896],[48.954,67.854],[49.155,67.87],[49.931,68.065],[50.233,68.175],[50.414,68.218],[50.699,68.318],[50.839,68.35],[51.079,68.363],[51.336,68.402],[51.617,68.476],[51.995,68.539],[52.129,68.532],[52.285,68.459],[52.183,68.374],[52.322,68.34],[52.397,68.352],[52.67,68.427],[52.723,68.484],[52.648,68.506],[52.55,68.592],[52.344,68.608],[52.684,68.731],[53.802,68.996],[54.491,68.992],[54.376,68.965],[53.874,68.927],[53.798,68.907],[53.798,68.885],[53.92,68.871],[53.971,68.844],[53.891,68.802],[53.834,68.709],[53.759,68.634],[53.918,68.537],[53.931,68.436],[53.829,68.383],[53.69,68.403],[53.567,68.367],[53.343,68.343],[53.293,68.312],[53.261,68.267],[53.968,68.227],[54.099,68.259],[54.394,68.275],[54.476,68.294],[54.561,68.273],[54.718,68.184],[54.861,68.202],[54.923,68.374],[55.151,68.48],[55.418,68.568],[55.675,68.576],[55.925,68.637],[56.044,68.649],[56.276,68.624],[56.62,68.619],[56.909,68.567],[57.127,68.554],[57.444,68.642],[58.173,68.89],[58.237,68.834],[58.354,68.916],[58.919,69.004],[59.057,69.006],[59.06,68.973],[59.11,68.896],[59.22,68.85],[59.371,68.738],[59.223,68.691],[59.112,68.616],[59.099,68.444],[59.604,68.351],[59.726,68.352],[59.859,68.396],[59.897,68.422],[59.923,68.471],[59.941,68.51],[59.865,68.605],[59.896,68.706],[60.16,68.7],[60.489,68.729],[60.638,68.787],[60.934,68.987],[60.859,69.146],[60.665,69.11],[60.337,69.457],[60.171,69.591],[60.276,69.653],[60.559,69.692],[60.813,69.821],[60.909,69.847],[61.016,69.851],[61.771,69.763],[62.631,69.743],[63.361,69.675],[64.19,69.535],[64.592,69.436],[64.929,69.325],[64.896,69.248],[65.032,69.27],[65.327,69.201],[65.736,69.132],[65.813,69.077],[66.085,69.036],[66.416,68.948],[66.756,68.892],[67.002,68.874],[67.149,68.754],[67.64,68.579],[67.731,68.514],[68.157,68.404],[68.371,68.314],[68.504,68.348],[68.829,68.567],[69.141,68.951],[68.924,68.956],[68.763,68.917],[68.66,68.927],[68.543,68.967],[68.355,69.068],[68.117,69.236],[68.073,69.421],[68.006,69.48],[67.774,69.53],[67.624,69.584],[67.064,69.694],[66.964,69.656],[66.897,69.554],[66.804,69.659],[66.803,69.74],[66.832,69.842],[66.926,70.014],[67.069,70.006],[67.144,70.031],[67.239,70.108],[67.146,70.22],[67.157,70.295],[67.247,70.5],[67.285,70.739],[67.143,70.838],[66.822,70.797],[66.702,70.819],[66.666,70.901],[66.759,70.962],[66.847,71.064],[66.693,71.042],[66.64,71.081],[66.768,71.14],[66.918,71.282],[67.542,71.412],[67.959,71.548],[68.269,71.683],[68.469,71.853],[68.607,72.013],[68.83,72.392],[69.039,72.67],[69.391,72.956],[69.612,72.982],[69.694,72.978],[69.709,72.956],[69.659,72.932],[69.645,72.898],[69.738,72.885],[71.5,72.914],[71.617,72.902],[71.93,72.82],[72.101,72.829],[72.446,72.79],[72.812,72.691],[72.787,72.483],[72.753,72.343],[72.624,72.079],[72.574,72.013],[72.375,71.822],[72.279,71.696],[72.13,71.609],[71.912,71.548],[71.867,71.457],[72.079,71.307],[72.581,71.151],[72.704,70.963],[72.732,70.823],[72.7,70.457],[72.653,70.403],[72.469,70.275],[72.53,70.173],[72.599,69.793],[72.616,69.484],[72.557,69.378],[72.527,69.154],[72.527,69.081],[72.577,68.969],[72.678,68.875],[72.812,68.815],[73.191,68.707],[73.548,68.575],[73.592,68.482],[73.465,68.431],[73.266,68.294],[73.139,68.181],[73.129,68.091],[73.173,67.973],[73.152,67.865],[73.067,67.767],[72.949,67.696],[72.594,67.587],[71.847,67.008],[71.668,66.94],[71.365,66.962],[71.551,66.76],[71.54,66.683],[71.342,66.687],[71.066,66.604],[70.939,66.548],[70.725,66.519],[70.561,66.549],[70.383,66.602],[70.409,66.648],[70.443,66.668],[70.691,66.745],[70.579,66.754],[70.444,66.697],[70.283,66.686],[70.094,66.754],[69.949,66.83],[69.877,66.845],[69.74,66.815],[69.218,66.829],[69.079,66.816],[69.013,66.788],[69.091,66.724],[69.194,66.579],[69.412,66.511],[69.701,66.485],[69.982,66.401],[70.339,66.342],[71.146,66.367],[71.358,66.359],[71.566,66.334],[71.917,66.247],[72.068,66.253],[72.322,66.332],[72.417,66.561],[73.514,66.861],[73.792,66.995],[73.883,67.085],[73.986,67.328],[74.075,67.414],[74.676,67.695],[74.77,67.766],[74.787,67.898],[74.778,67.986],[74.743,68.074],[74.632,68.218],[74.511,68.303],[74.391,68.421],[74.481,68.659],[74.58,68.751],[75.125,68.862],[75.59,68.901],[76.108,68.976],[76.316,68.992],[76.459,68.978],[76.606,68.898],[76.735,68.777],[77.112,68.596],[77.238,68.47],[77.261,68.316],[77.248,67.941],[77.174,67.779],[77.579,67.644],[77.675,67.59],[77.772,67.57],[77.986,67.559],[78.922,67.589],[78.839,67.631],[78.559,67.639],[77.588,67.752],[77.52,67.91],[77.536,68.008],[77.665,68.19],[77.757,68.222],[77.995,68.259],[77.907,68.482],[77.785,68.63],[77.651,68.903],[77.466,68.905],[77.328,68.959],[76.645,69.117],[76.001,69.235],[75.561,69.252],[75.42,69.239],[75.054,69.116],[74.815,69.091],[74.363,69.145],[73.977,69.115],[73.836,69.143],[73.776,69.198],[73.891,69.418],[73.833,69.504],[73.663,69.617],[73.56,69.707],[73.578,69.803],[73.83,70.176],[73.937,70.273],[74.207,70.445],[74.343,70.579],[74.311,70.654],[73.732,71.069],[73.577,71.217],[73.507,71.264],[73.365,71.32],[73.15,71.385],[73.086,71.445],[73.672,71.845],[73.939,71.915],[74.311,71.958],[74.489,71.997],[74.804,72.077],[74.992,72.145],[75.053,72.199],[75.09,72.263],[75.097,72.421],[75.06,72.549],[75.008,72.619],[74.787,72.812],[74.942,72.854],[75.152,72.853],[75.369,72.797],[75.475,72.685],[75.604,72.581],[75.591,72.457],[75.644,72.382],[75.741,72.296],[75.55,72.171],[75.395,71.983],[75.274,71.959],[75.247,71.813],[75.503,71.655],[75.469,71.534],[75.28,71.43],[75.298,71.378],[75.332,71.342],[75.734,71.266],[76.11,71.219],[76.742,71.202],[76.929,71.128],[76.995,71.181],[77.59,71.168],[78.068,70.986],[78.321,70.93],[78.526,70.912],[78.942,70.934],[79.015,70.95],[79.084,71.002],[78.724,70.976],[78.588,70.994],[78.491,71.025],[78.387,71.087],[78.213,71.266],[77.908,71.324],[77.707,71.301],[77.481,71.312],[77.114,71.409],[76.871,71.447],[76.433,71.552],[76.312,71.595],[76.216,71.683],[76.032,71.91],[76.422,72.006],[76.871,72.033],[77.061,72.004],[77.551,71.842],[77.778,71.836],[78.187,71.907],[78.232,71.952],[78.141,72.045],[78.016,72.092],[77.781,72.114],[77.493,72.072],[77.411,72.108],[77.472,72.192],[77.625,72.201],[77.733,72.229],[77.968,72.329],[78.225,72.377],[78.483,72.395],[79.422,72.381],[79.954,72.223],[80.474,72.153],[80.763,72.089],[80.815,72.054],[80.856,71.97],[81.511,71.746],[81.662,71.716],[82.08,71.707],[82.547,71.759],[82.758,71.764],[82.986,71.749],[83.107,71.721],[83.234,71.668],[82.977,71.451],[82.918,71.42],[82.493,71.293],[82.323,71.26],[82.239,70.998],[82.316,70.879],[82.336,70.807],[82.271,70.707],[82.163,70.598],[82.221,70.396],[82.236,70.43],[82.231,70.483],[82.258,70.544],[82.452,70.69],[82.592,70.89],[82.738,70.942],[82.869,70.955],[83.01,70.895],[83.051,70.815],[83.058,70.695],[83.03,70.581],[82.92,70.407],[82.742,70.286],[82.682,70.218],[82.857,70.105],[82.961,70.088],[83.081,70.093],[83.11,70.11],[83.132,70.157],[83.074,70.277],[83.497,70.345],[83.66,70.418],[83.7,70.466],[83.736,70.546],[83.579,70.766],[83.334,70.989],[83.151,71.104],[83.266,71.276],[83.55,71.544],[83.571,71.594],[83.534,71.684],[83.34,71.828],[83.2,71.875],[82.755,71.903],[82.645,71.925],[82.319,72.072],[82.184,72.238],[82.094,72.265],[81.793,72.327],[81.586,72.352],[81.283,72.359],[81.098,72.39],[80.827,72.488],[80.72,72.648],[80.656,72.712],[80.675,72.759],[80.842,72.949],[80.757,73.025],[80.51,73.086],[80.455,73.155],[80.425,73.231],[80.398,73.357],[80.458,73.414],[80.596,73.474],[80.562,73.515],[80.583,73.568],[81.817,73.659],[83.545,73.667],[83.667,73.686],[84.417,73.722],[84.738,73.763],[85.077,73.72],[85.201,73.722],[85.448,73.735],[85.611,73.822],[86.591,73.894],[86.893,73.887],[87.029,73.824],[86.366,73.62],[86.094,73.578],[85.827,73.493],[85.793,73.438],[85.818,73.327],[86.098,73.273],[86.308,73.196],[86.677,73.107],[86.715,73.126],[85.971,73.347],[85.91,73.39],[85.939,73.456],[86.092,73.519],[86.376,73.569],[87.12,73.615],[87.37,73.756],[87.571,73.811],[87.21,73.879],[86.697,74.195],[86.571,74.244],[86.178,74.279],[86.001,74.316],[86.183,74.423],[86.396,74.45],[86.538,74.444],[86.665,74.414],[86.898,74.325],[87.23,74.364],[86.894,74.45],[86.7,74.522],[86.426,74.585],[86.116,74.629],[85.791,74.645],[85.881,74.74],[86.059,74.728],[86.201,74.816],[86.651,74.682],[86.863,74.718],[87.419,74.941],[87.468,75.013],[87.141,75.072],[86.939,75.068],[86.922,75.113],[87.006,75.17],[87.171,75.192],[87.671,75.13],[88.504,75.29],[88.733,75.369],[89.31,75.47],[89.595,75.458],[90.185,75.591],[91.005,75.65],[91.479,75.65],[91.845,75.724],[92.408,75.75],[92.603,75.779],[93.55,75.854],[94.075,75.913],[94.156,75.959],[93.687,75.922],[93.574,75.956],[93.406,75.901],[93.178,75.959],[93.116,75.945],[93.069,75.913],[92.987,75.903],[92.89,75.91],[92.859,75.979],[92.972,76.075],[93.105,76.026],[93.259,76.099],[93.36,76.101],[93.648,76.054],[93.843,76.101],[94.102,76.124],[94.507,76.108],[94.576,76.152],[95.038,76.114],[95.359,76.14],[95.579,76.137],[95.92,76.113],[96.075,76.082],[95.986,76.01],[95.653,75.892],[95.744,75.872],[95.935,75.926],[96.509,76.006],[96.601,75.99],[96.497,75.891],[96.879,75.931],[97.205,76.019],[97.351,76.033],[97.499,75.98],[97.638,76.029],[97.67,76.078],[97.918,76.089],[98.02,76.134],[98.662,76.243],[99.187,76.178],[99.563,76.109],[99.77,76.029],[99.602,75.852],[99.442,75.803],[99.541,75.799],[99.609,75.811],[99.851,75.93],[99.825,76.136],[99.617,76.24],[99.461,76.275],[98.806,76.481],[98.869,76.51],[99.576,76.471],[99.936,76.49],[100.322,76.479],[100.844,76.525],[101.061,76.477],[101.311,76.479],[101.598,76.439],[101.684,76.485],[101.213,76.536],[101.003,76.531],[100.928,76.557],[101.099,76.704],[101.008,76.781],[100.92,76.823],[100.906,76.901],[100.99,76.99],[101.186,77.029],[101.293,77.102],[101.518,77.198],[102.61,77.509],[103.131,77.626],[103.331,77.641],[103.561,77.632],[104.015,77.73],[104.185,77.73],[104.814,77.652],[104.965,77.595],[105.309,77.549],[105.71,77.525],[105.895,77.489],[105.983,77.448],[106.06,77.391],[105.734,77.352],[105.385,77.238],[104.912,77.175],[104.324,77.133],[104.202,77.102],[105.646,77.101],[105.712,77.001],[105.822,76.998],[106.145,77.045],[106.339,77.048],[106.705,77.014],[106.784,77.032],[106.942,77.034],[107.279,76.991],[107.43,76.927],[106.941,76.73],[106.639,76.573],[106.385,76.589],[106.414,76.512],[106.683,76.515],[106.825,76.48],[107.158,76.524],[107.624,76.51],[107.722,76.522],[107.902,76.57],[107.95,76.661],[108.028,76.718],[108.182,76.738],[108.352,76.72],[108.638,76.72],[109.369,76.749],[109.981,76.712],[110.471,76.758],[111.115,76.723],[111.392,76.687],[111.601,76.622],[111.786,76.604],[111.939,76.553],[112.094,76.48],[111.943,76.38],[112.143,76.424],[112.297,76.435],[112.62,76.384],[112.684,76.219],[112.743,76.187],[112.798,76.13],[112.722,76.077],[112.656,76.054],[112.819,76.059],[113.047,76.114],[113.15,76.175],[112.988,76.24],[113.086,76.258],[113.273,76.252],[113.428,76.112],[113.564,75.892],[113.857,75.921],[113.871,75.856],[113.749,75.705],[113.62,75.593],[113.568,75.568],[113.486,75.564],[113.517,75.622],[113.469,75.657],[113.392,75.678],[113.126,75.699],[112.629,75.835],[112.466,75.844],[112.453,75.83],[112.73,75.738],[112.956,75.572],[113.162,75.621],[113.243,75.611],[113.356,75.534],[113.559,75.502],[113.726,75.451],[113.614,75.293],[112.925,75.015],[112.192,74.853],[111.868,74.74],[111.299,74.658],[110.893,74.548],[110.374,74.466],[110.226,74.379],[109.84,74.322],[109.911,74.261],[109.81,74.169],[109.511,74.089],[109.075,74.032],[108.2,73.694],[107.765,73.625],[107.271,73.621],[107.167,73.589],[106.794,73.377],[106.679,73.331],[106.189,73.308],[105.677,72.959],[105.393,72.841],[105.144,72.777],[105.403,72.79],[105.708,72.837],[106.067,72.95],[106.16,73.002],[106.209,73.061],[106.315,73.106],[106.478,73.139],[107.109,73.177],[107.369,73.163],[107.75,73.173],[108.001,73.236],[108.285,73.266],[108.351,73.31],[108.575,73.319],[109.09,73.378],[109.166,73.4],[109.331,73.487],[109.637,73.454],[109.855,73.472],[110.429,73.629],[110.773,73.689],[110.868,73.731],[110.722,73.78],[110.388,73.726],[110.091,73.709],[109.753,73.723],[109.707,73.744],[109.666,73.8],[109.869,73.931],[110.084,73.994],[110.261,74.017],[111.056,73.939],[111.131,74.053],[111.551,74.029],[111.228,73.969],[111.3,73.885],[111.4,73.828],[111.804,73.745],[112.147,73.709],[112.4,73.711],[112.795,73.746],[112.856,73.771],[112.94,73.836],[112.836,73.962],[113.033,73.914],[113.182,73.837],[113.416,73.648],[113.364,73.583],[113.157,73.46],[113.277,73.392],[113.491,73.346],[113.475,73.048],[113.369,72.942],[113.247,72.897],[113.128,72.831],[113.186,72.73],[113.312,72.657],[113.665,72.635],[113.712,72.654],[113.298,72.739],[113.216,72.806],[113.312,72.878],[113.417,72.932],[113.543,73.054],[113.581,73.142],[113.559,73.233],[113.765,73.318],[113.886,73.346],[113.711,73.379],[113.539,73.434],[113.51,73.505],[113.857,73.533],[114.061,73.585],[114.816,73.607],[115.338,73.703],[116.496,73.676],[117.309,73.599],[118.45,73.59],[118.871,73.538],[118.911,73.518],[118.936,73.481],[118.754,73.465],[118.457,73.464],[118.377,73.367],[118.43,73.247],[118.96,73.117],[119.425,73.064],[119.75,72.979],[120.598,72.981],[120.997,72.937],[121.354,72.971],[121.748,72.97],[121.886,72.961],[122.03,72.897],[122.538,72.878],[122.752,72.906],[122.731,72.931],[122.502,72.971],[122.527,73.017],[122.615,73.028],[122.999,72.965],[123.16,72.955],[123.301,73.002],[123.462,73.144],[123.622,73.193],[123.384,73.347],[123.323,73.431],[123.305,73.533],[123.416,73.637],[123.491,73.666],[123.797,73.627],[124.019,73.712],[124.388,73.755],[124.541,73.751],[124.796,73.712],[125.617,73.521],[125.599,73.447],[126.254,73.548],[126.345,73.506],[126.257,73.42],[126.292,73.394],[126.553,73.335],[126.838,73.434],[126.955,73.528],[127.031,73.547],[127.74,73.482],[127.955,73.446],[128.026,73.391],[128.142,73.352],[128.281,73.331],[128.258,73.267],[128.587,73.262],[128.889,73.19],[128.872,73.139],[128.913,73.111],[129.101,73.112],[129.054,73.045],[128.599,72.895],[129.017,72.872],[129.229,72.776],[129.25,72.705],[128.815,72.586],[128.633,72.55],[128.418,72.535],[128.549,72.496],[129.117,72.486],[129.281,72.438],[129.412,72.315],[129.411,72.166],[129.283,72.092],[128.935,72.079],[128.475,72.246],[128.197,72.31],[127.803,72.434],[127.726,72.413],[127.841,72.308],[128.027,72.25],[128.359,72.088],[128.911,71.755],[129.04,71.782],[129.117,71.825],[129.154,71.879],[129.122,71.953],[129.21,71.917],[129.461,71.739],[129.234,71.745],[128.949,71.708],[128.843,71.663],[128.923,71.602],[129.134,71.593],[129.225,71.509],[129.39,71.405],[129.762,71.12],[130.026,71.065],[130.281,70.947],[130.537,70.893],[130.668,70.888],[130.757,70.962],[130.832,70.936],[130.898,70.804],[131.022,70.746],[131.157,70.742],[131.268,70.766],[131.432,70.828],[131.562,70.901],[131.769,71.101],[131.906,71.203],[132.035,71.244],[131.991,71.293],[132.004,71.35],[132.228,71.643],[132.562,71.895],[132.654,71.926],[132.804,71.768],[133.131,71.607],[133.426,71.491],[133.689,71.434],[134.103,71.379],[134.703,71.387],[134.814,71.461],[135.022,71.515],[135.359,71.544],[135.559,71.61],[135.885,71.631],[136.09,71.62],[136.406,71.571],[137.116,71.416],[137.315,71.359],[137.417,71.299],[137.651,71.208],[137.94,71.133],[137.992,71.143],[137.974,71.169],[137.844,71.227],[138.013,71.261],[138.033,71.286],[138.091,71.307],[138.314,71.326],[137.918,71.384],[137.927,71.43],[137.996,71.464],[138.048,71.526],[138.118,71.566],[138.234,71.596],[138.318,71.603],[138.525,71.563],[138.67,71.635],[138.78,71.629],[139.005,71.556],[139.209,71.445],[139.32,71.445],[139.632,71.489],[139.984,71.492],[139.939,71.558],[139.695,71.7],[139.723,71.885],[139.552,71.927],[139.359,71.951],[139.64,71.998],[139.847,72.149],[140.188,72.191],[140.134,72.21],[139.617,72.226],[139.505,72.208],[139.43,72.163],[139.176,72.163],[139.141,72.33],[139.474,72.467],[139.601,72.496],[140.451,72.493],[140.705,72.519],[141.079,72.587],[140.983,72.63],[140.973,72.717],[140.652,72.843],[140.708,72.89],[140.808,72.891],[141.31,72.858],[141.518,72.789],[142.061,72.721],[143.516,72.698],[143.681,72.673],[144.304,72.643],[144.569,72.61],[145.199,72.57],[145.486,72.542],[145.714,72.497],[146.083,72.471],[146.253,72.442],[146.235,72.35],[145.467,72.362],[145.213,72.393],[144.897,72.396],[144.776,72.382],[144.588,72.306],[144.361,72.265],[144.169,72.259],[144.295,72.193],[144.471,72.175],[145.039,72.26],[146.594,72.302],[146.832,72.295],[146.807,72.237],[146.599,72.124],[146.402,72.035],[146.113,71.945],[146.006,71.945],[146.23,72.138],[146.051,72.142],[145.759,72.226],[145.71,72.206],[145.664,72.067],[145.757,72.021],[145.757,71.941],[145.407,71.89],[145.064,71.926],[145.047,71.901],[145.078,71.855],[145.074,71.831],[145.018,71.794],[144.99,71.753],[145.076,71.707],[145.189,71.696],[145.805,71.746],[146.073,71.808],[146.368,71.922],[146.895,72.198],[147.127,72.292],[147.262,72.328],[147.434,72.341],[148.402,72.312],[148.965,72.252],[149.502,72.164],[149.766,72.091],[149.963,71.992],[149.998,71.95],[150.017,71.896],[149.881,71.843],[149.28,71.826],[149.049,71.796],[148.965,71.763],[148.923,71.715],[148.968,71.69],[149.238,71.688],[149.498,71.664],[149.857,71.601],[150.061,71.511],[150.6,71.52],[150.668,71.455],[150.525,71.386],[150.098,71.227],[150.243,71.267],[150.968,71.38],[151.145,71.374],[151.582,71.287],[151.76,71.218],[152.093,71.023],[151.762,70.982],[152.509,70.834],[152.798,70.836],[153.461,70.879],[153.794,70.88],[154.414,70.974],[155.029,71.034],[155.596,71.039],[155.895,71.096],[157.447,71.075],[158.037,71.039],[158.702,70.935],[159.351,70.791],[159.728,70.65],[159.805,70.605],[159.912,70.506],[160.006,70.31],[159.983,70.221],[159.89,70.159],[159.831,70.081],[159.839,69.99],[159.729,69.87],[159.833,69.785],[160.119,69.73],[160.739,69.655],[160.911,69.606],[160.929,69.459],[160.982,69.334],[161.036,69.098],[161.141,69.039],[161.31,68.982],[161.341,68.905],[161.129,68.654],[160.856,68.538],[161.104,68.563],[161.23,68.654],[161.365,68.823],[161.495,68.85],[161.566,68.905],[161.566,69.064],[161.48,69.202],[161.48,69.3],[161.537,69.38],[161.945,69.545],[162.166,69.612],[162.376,69.649],[162.945,69.683],[163.201,69.715],[163.498,69.693],[163.705,69.702],[163.946,69.735],[164.16,69.719],[164.513,69.609],[165.761,69.584],[165.98,69.546],[166.82,69.5],[166.884,69.5],[167.073,69.554],[167.628,69.74],[167.857,69.728],[167.95,69.699],[168.048,69.626],[168.15,69.577],[168.23,69.447],[168.303,69.271],[168.423,69.24],[168.588,69.228],[168.946,69.163],[169.311,69.08],[169.415,68.92],[169.61,68.786],[170.538,68.825],[170.995,69.045],[170.997,69.135],[170.884,69.264],[170.714,69.388],[170.582,69.583],[170.161,69.627],[170.201,69.683],[170.36,69.751],[170.503,69.857],[170.525,69.938],[170.487,70.108],[171.247,70.076],[171.971,70],[172.56,69.968],[172.869,69.92],[173.056,69.865],[173.277,69.824],[173.353,69.924],[173.439,69.947],[173.733,69.891],[173.948,69.874],[174.319,69.882],[174.786,69.856],[175.296,69.86],[175.751,69.904],[175.921,69.895],[176.108,69.86],[176.41,69.769],[176.924,69.646],[177.395,69.612],[177.934,69.496],[178.443,69.453],[178.848,69.387],[178.907,69.362],[178.951,69.296],[179.273,69.26],[179.868,69.013],[180,68.983],[180,65.067],[179.827,65.034],[179.651,64.921],[179.448,64.822],[179.15,64.782],[178.698,64.631],[178.52,64.603],[178.285,64.672],[177.749,64.717],[177.582,64.778],[177.337,64.931],[177.252,64.954],[177.179,65.014],[176.881,65.082],[176.625,65.038],[176.413,65.071],[176.341,65.047],[176.646,65.007],[176.94,65.016],[177.037,65],[177.223,64.862],[177.148,64.805],[177.069,64.787],[176.831,64.849],[176.557,64.84],[176.429,64.855],[176.061,64.961],[175.781,64.844],[175.396,64.784],[175.098,64.777],[174.549,64.684],[174.699,64.681],[175.097,64.747],[175.331,64.747],[175.678,64.782],[175.859,64.825],[176.057,64.905],[176.169,64.885],[176.247,64.843],[176.351,64.705],[176.219,64.642],[176.141,64.586],[176.508,64.682],[176.731,64.625],[176.843,64.634],[177.05,64.719],[177.388,64.774],[177.467,64.737],[177.41,64.573],[177.433,64.444],[177.688,64.305],[177.953,64.222],[178.045,64.22],[178.131,64.235],[178.164,64.309],[178.229,64.364],[178.381,64.261],[178.477,64.128],[178.451,64.011],[178.536,63.976],[178.65,63.965],[178.692,63.842],[178.731,63.667],[178.44,63.606],[178.466,63.574],[178.654,63.557],[178.706,63.522],[178.669,63.44],[178.679,63.402],[178.744,63.395],[178.787,63.442],[178.775,63.51],[178.793,63.54],[178.919,63.4],[178.921,63.345],[179.028,63.282],[179.332,63.19],[179.389,63.147],[179.405,63.078],[179.329,63.058],[179.26,63.008],[179.302,62.94],[179.381,62.884],[179.511,62.863],[179.571,62.773],[179.571,62.688],[179.477,62.613],[179.289,62.51],[179.177,62.469],[179.134,62.396],[179.121,62.32],[179.045,62.324],[178.964,62.355],[178.019,62.547],[177.663,62.583],[177.293,62.599],[177.296,62.644],[177.36,62.737],[177.339,62.781],[177.298,62.784],[177.259,62.75],[177.173,62.75],[177.091,62.79],[177.024,62.777],[176.963,62.693],[176.965,62.659],[177.008,62.627],[177.19,62.592],[177.159,62.561],[176.703,62.506],[176.437,62.411],[176.328,62.346],[175.614,62.184],[175.442,62.128],[175.268,62.102],[175.192,62.034],[174.798,61.939],[174.715,61.948],[174.611,61.868],[174.514,61.824],[174.285,61.818],[174.139,61.795],[173.822,61.679],[173.623,61.716],[173.391,61.557],[173.132,61.407],[173.055,61.406],[172.857,61.469],[172.807,61.436],[172.838,61.376],[172.908,61.312],[172.868,61.293],[172.731,61.314],[172.69,61.295],[172.697,61.249],[172.585,61.19],[172.396,61.167],[172.362,61.117],[172.393,61.062],[171.918,60.864],[171.831,60.837],[171.729,60.843],[171.49,60.726],[170.949,60.523],[170.799,60.496],[170.608,60.435],[170.589,60.343],[170.512,60.26],[170.423,60.048],[170.351,59.966],[170.154,59.986],[169.983,60.067],[169.927,60.104],[169.898,60.148],[169.887,60.218],[169.618,60.438],[169.276,60.557],[169.227,60.596],[168.788,60.564],[168.67,60.563],[168.463,60.592],[168.138,60.574],[167.746,60.509],[167.626,60.469],[167.227,60.406],[166.964,60.307],[166.453,59.947],[166.332,59.872],[166.273,59.856],[166.187,59.849],[166.136,59.979],[166.168,60.089],[166.23,60.178],[166.308,60.414],[166.352,60.485],[166.18,60.48],[165.942,60.357],[165.583,60.236],[165.416,60.205],[165.285,60.135],[165.085,60.099],[165.074,59.946],[165.019,59.861],[164.954,59.844],[164.854,59.841],[164.779,59.874],[164.67,59.997],[164.525,60.061],[164.44,60.073],[164.377,60.058],[164.113,59.898],[164.135,59.984],[163.913,60.037],[163.78,60.041],[163.744,60.028],[163.69,59.978],[163.41,59.835],[163.365,59.781],[163.321,59.705],[163.269,59.52],[163.273,59.303],[163.085,59.131],[163.01,59.148],[162.94,59.114],[163.004,59.02],[162.97,58.986],[162.847,58.939],[162.643,58.8],[162.453,58.709],[162.142,58.447],[161.96,58.077],[162.04,57.918],[162.197,57.829],[162.411,57.778],[162.391,57.717],[162.467,57.766],[162.522,57.904],[162.654,57.948],[162.718,57.946],[163.145,57.837],[163.226,57.79],[163.214,57.687],[163.188,57.637],[163.109,57.565],[162.779,57.358],[162.762,57.244],[162.808,57.103],[162.815,57.023],[162.791,56.875],[162.803,56.811],[162.85,56.757],[162.922,56.723],[163.046,56.741],[163.165,56.725],[163.257,56.688],[163.243,56.565],[163.294,56.448],[163.336,56.233],[163.047,56.045],[162.972,56.034],[162.84,56.066],[162.628,56.232],[162.713,56.331],[162.893,56.399],[162.975,56.449],[163.038,56.522],[162.944,56.508],[162.878,56.476],[162.671,56.49],[162.489,56.399],[162.528,56.261],[162.146,56.128],[162.085,56.09],[161.924,55.84],[161.776,55.655],[161.724,55.496],[161.729,55.358],[161.785,55.205],[161.824,55.139],[161.996,54.998],[162.08,54.886],[162.106,54.752],[161.967,54.689],[161.726,54.533],[161.625,54.516],[161.294,54.521],[161.13,54.598],[160.936,54.578],[160.773,54.541],[160.517,54.431],[160.289,54.288],[160.074,54.189],[160.01,54.131],[159.922,54.008],[159.844,53.784],[159.871,53.673],[159.956,53.552],[159.899,53.448],[159.898,53.381],[160.002,53.275],[160.025,53.13],[159.947,53.125],[159.772,53.23],[159.586,53.238],[159.136,53.117],[158.952,53.048],[158.745,52.909],[158.684,52.935],[158.64,53.015],[158.565,53.05],[158.472,53.032],[158.432,52.957],[158.56,52.922],[158.609,52.874],[158.534,52.688],[158.481,52.627],[158.5,52.46],[158.493,52.383],[158.463,52.305],[158.332,52.091],[158.104,51.81],[157.823,51.605],[157.629,51.535],[157.531,51.48],[157.49,51.409],[157.202,51.213],[156.847,51.007],[156.748,50.969],[156.713,51.124],[156.671,51.227],[156.543,51.312],[156.521,51.38],[156.5,51.475],[156.49,51.913],[156.377,52.367],[156.365,52.509],[156.229,52.626],[156.154,52.747],[156.11,52.866],[156.099,53.006],[155.95,53.744],[155.905,53.928],[155.706,54.521],[155.62,54.865],[155.564,55.199],[155.555,55.348],[155.643,55.794],[155.717,56.072],[155.983,56.695],[156.067,56.782],[156.529,57.021],[156.728,57.152],[156.849,57.29],[156.977,57.466],[156.948,57.616],[156.9,57.677],[156.792,57.748],[156.83,57.78],[156.986,57.83],[157.217,57.777],[157.45,57.799],[157.666,58.02],[157.975,57.986],[158.21,58.025],[158.275,58.009],[158.321,58.083],[158.449,58.163],[158.687,58.281],[159.037,58.424],[159.211,58.519],[159.308,58.611],[159.453,58.696],[159.592,58.804],[159.847,59.127],[160.35,59.394],[160.547,59.547],[160.711,59.602],[160.855,59.627],[161.219,59.846],[161.449,60.027],[161.754,60.152],[161.846,60.232],[162.004,60.42],[162.068,60.466],[162.266,60.537],[162.713,60.659],[162.973,60.783],[163.352,60.8],[163.466,60.85],[163.71,60.917],[163.554,61.026],[163.62,61.111],[163.893,61.24],[164.005,61.344],[163.973,61.42],[163.804,61.461],[163.883,61.64],[164.02,61.711],[164.068,61.874],[164.074,62.045],[164.207,62.292],[164.288,62.347],[164.598,62.471],[164.671,62.474],[164.888,62.432],[165.124,62.412],[165.208,62.374],[165.226,62.406],[165.214,62.448],[165.28,62.463],[165.417,62.447],[165.397,62.494],[165.044,62.517],[164.792,62.571],[164.567,62.675],[164.418,62.705],[164.256,62.697],[163.332,62.551],[163.244,62.455],[163.302,62.373],[163.213,62.313],[163.163,62.26],[163.118,62.153],[163.131,62.05],[163.018,61.891],[163.009,61.792],[163.208,61.737],[163.258,61.699],[163.085,61.571],[162.994,61.544],[162.922,61.598],[162.856,61.705],[162.752,61.711],[162.718,61.695],[162.699,61.653],[162.608,61.65],[162.506,61.67],[162.393,61.662],[162.188,61.541],[161.037,60.963],[160.915,60.893],[160.767,60.753],[160.482,60.74],[160.174,60.638],[160.177,60.691],[160.226,60.832],[160.379,61.025],[160.184,61.048],[160.004,61.007],[159.883,60.943],[159.79,60.957],[159.949,61.129],[159.883,61.292],[160.163,61.538],[160.247,61.648],[160.317,61.793],[160.309,61.894],[160.183,61.903],[159.722,61.758],[159.552,61.719],[159.496,61.781],[159.423,61.808],[159.295,61.914],[159.189,61.929],[159.077,61.922],[158.824,61.85],[158.547,61.811],[158.334,61.826],[158.152,61.765],[158.07,61.754],[157.799,61.795],[157.469,61.799],[157.371,61.747],[157.084,61.676],[156.892,61.565],[156.68,61.481],[156.63,61.272],[156.344,61.155],[156.056,60.996],[155.853,60.777],[155.716,60.682],[155.428,60.55],[154.971,60.377],[154.578,60.095],[154.441,59.884],[154.293,59.833],[154.267,59.73],[154.269,59.658],[154.15,59.529],[154.213,59.483],[154.272,59.475],[154.358,59.481],[154.583,59.54],[154.971,59.45],[155.167,59.36],[155.153,59.27],[155.16,59.19],[154.824,59.188],[154.704,59.141],[154.458,59.217],[154.376,59.188],[154.247,59.109],[154.011,59.076],[153.892,59.114],[153.695,59.225],[153.361,59.215],[153.273,59.091],[153.078,59.082],[152.882,58.939],[152.818,58.926],[152.576,58.954],[152.401,59.026],[152.32,59.031],[152.165,58.997],[152.088,58.91],[151.705,58.867],[151.327,58.875],[151.121,59.083],[151.505,59.164],[151.733,59.147],[151.99,59.16],[152.261,59.224],[152.17,59.278],[152.104,59.291],[151.942,59.284],[151.798,59.323],[151.486,59.524],[151.348,59.561],[151.034,59.586],[150.983,59.571],[150.863,59.475],[150.823,59.461],[150.729,59.469],[150.615,59.507],[150.484,59.494],[150.54,59.525],[150.667,59.556],[150.457,59.591],[150.326,59.639],[150.203,59.651],[149.643,59.77],[149.425,59.761],[149.29,59.728],[149.065,59.631],[149.205,59.488],[148.925,59.475],[148.797,59.532],[148.709,59.449],[148.744,59.374],[148.89,59.4],[148.965,59.369],[148.914,59.283],[148.727,59.258],[148.491,59.262],[148.257,59.414],[147.875,59.388],[147.688,59.291],[147.514,59.269],[147.04,59.366],[146.804,59.373],[146.537,59.457],[146.444,59.43],[146.273,59.221],[146.05,59.171],[145.932,59.198],[145.829,59.33],[145.756,59.374],[145.555,59.414],[144.483,59.376],[144.123,59.408],[143.869,59.411],[143.524,59.344],[143.192,59.37],[142.58,59.24],[142.33,59.153],[142.025,59],[141.755,58.745],[141.603,58.649],[141.347,58.528],[140.988,58.417],[140.79,58.303],[140.685,58.212],[140.495,57.865],[140.447,57.814],[140.002,57.688],[139.862,57.549],[139.803,57.514],[139.619,57.456],[139.507,57.358],[139.182,57.262],[138.966,57.088],[138.662,56.966],[138.218,56.629],[138.18,56.589],[138.141,56.499],[138.074,56.433],[137.692,56.139],[137.573,56.112],[137.384,55.975],[136.794,55.694],[136.46,55.577],[136.351,55.51],[136.175,55.352],[135.751,55.161],[135.541,55.114],[135.263,54.943],[135.212,54.841],[135.258,54.731],[135.852,54.584],[136.238,54.614],[136.797,54.621],[136.824,54.561],[136.82,54.452],[136.77,54.353],[136.729,54.061],[136.683,53.931],[136.719,53.804],[136.803,53.782],[136.886,53.839],[137.019,53.848],[137.155,53.822],[137.258,54.025],[137.172,54.057],[137.096,54.129],[137.142,54.182],[137.378,54.282],[137.666,54.283],[137.513,54.156],[137.339,54.101],[137.623,53.97],[137.835,53.947],[137.786,53.903],[137.645,53.866],[137.517,53.707],[137.314,53.632],[137.221,53.579],[137.254,53.546],[137.738,53.56],[137.95,53.604],[138.253,53.726],[138.379,53.909],[138.494,53.96],[138.528,53.96],[138.568,53.947],[138.569,53.819],[138.292,53.592],[138.25,53.524],[138.451,53.537],[138.511,53.57],[138.661,53.745],[138.699,53.87],[138.722,54.044],[138.705,54.148],[138.716,54.223],[138.657,54.298],[138.696,54.32],[139.105,54.218],[139.32,54.193],[139.707,54.277],[139.796,54.256],[139.858,54.205],[140.179,54.052],[140.242,54.001],[140.347,53.813],[140.688,53.596],[141.006,53.495],[141.015,53.454],[141.218,53.334],[141.374,53.293],[141.402,53.184],[141.328,53.097],[141.181,53.015],[140.887,53.092],[140.84,53.088],[140.875,53.04],[141.087,52.898],[141.256,52.84],[141.266,52.653],[141.245,52.55],[141.132,52.436],[141.17,52.368],[141.485,52.179],[141.386,52.057],[141.367,51.921],[141.258,51.861],[141.129,51.728],[140.933,51.62],[140.839,51.414],[140.688,51.232],[140.671,51.051],[140.646,50.987],[140.521,50.8],[140.476,50.546],[140.535,50.131],[140.625,50.082],[140.613,50.054],[140.463,49.911],[140.465,49.826],[140.511,49.762],[140.517,49.596],[140.431,49.331],[140.364,49.221],[140.309,49.054],[140.334,48.995],[140.378,48.964],[140.224,48.773],[140.171,48.524],[140.113,48.423],[139.998,48.324],[139.761,48.181],[139.676,48.09],[139.521,47.975],[139.373,47.887],[139.167,47.635],[139.001,47.383],[138.587,47.057],[138.53,46.976],[138.5,46.89],[138.392,46.745],[138.337,46.543],[138.21,46.463],[138.106,46.251],[137.769,45.929],[137.685,45.818],[137.425,45.64],[137.147,45.394],[136.804,45.171],[136.737,45.08],[136.604,44.978],[136.46,44.822],[136.251,44.667],[136.209,44.562],[136.142,44.489],[135.987,44.44],[135.875,44.374],[135.533,43.971],[135.489,43.899],[135.483,43.835],[135.26,43.685],[135.131,43.526],[134.917,43.427],[134.692,43.291],[134.156,43.042],[134.01,42.947],[133.709,42.83],[133.587,42.828],[133.329,42.764],[133.16,42.697],[133.059,42.723],[132.997,42.808],[132.864,42.794],[132.709,42.876],[132.576,42.872],[132.481,42.91],[132.304,42.883],[132.334,43.239],[132.31,43.314],[132.233,43.245],[132.029,43.119],[131.947,43.095],[131.867,43.095],[131.898,43.171],[132.013,43.28],[131.939,43.302],[131.795,43.255],[131.722,43.203],[131.516,42.996],[131.393,42.822],[131.292,42.772],[131.245,42.697],[131.158,42.626],[131.025,42.645],[130.946,42.634],[130.756,42.673],[130.709,42.656],[130.834,42.523],[130.73,42.326],[130.687,42.303]]],[[[47.442,80.854],[47.9,80.813],[48.243,80.823],[48.446,80.806],[48.687,80.718],[48.684,80.633],[48.044,80.668],[47.777,80.756],[47.705,80.765],[47.6,80.742],[47.512,80.688],[47.414,80.675],[47.304,80.606],[47.145,80.609],[47.011,80.562],[46.678,80.561],[46.514,80.476],[46.141,80.447],[46.06,80.484],[46.024,80.541],[45.969,80.569],[45.641,80.537],[45.149,80.599],[44.905,80.611],[45.125,80.652],[46.799,80.755],[47.021,80.814],[47.442,80.854]]],[[[50.278,80.927],[50.431,80.911],[50.801,80.914],[51.455,80.745],[51.591,80.741],[51.704,80.688],[51.146,80.604],[50.961,80.54],[50.28,80.527],[49.846,80.498],[49.75,80.472],[49.794,80.425],[49.586,80.377],[48.896,80.369],[48.811,80.354],[48.677,80.3],[48.96,80.266],[49.011,80.207],[48.978,80.163],[48.797,80.161],[48.582,80.195],[48.467,80.11],[48.386,80.096],[48.167,80.133],[47.94,80.089],[47.737,80.082],[47.632,80.112],[47.723,80.151],[47.978,80.213],[47.893,80.239],[47.642,80.245],[47.444,80.23],[47.343,80.189],[46.991,80.183],[46.846,80.237],[46.738,80.258],[46.644,80.3],[47.656,80.501],[47.896,80.529],[48.403,80.569],[48.625,80.508],[49.088,80.516],[49.185,80.559],[49.193,80.656],[49.147,80.712],[49.244,80.821],[49.508,80.865],[50.278,80.927]]],[[[67.765,76.238],[67.127,76.108],[66.282,75.984],[64.263,75.72],[63.659,75.669],[63.317,75.603],[63.046,75.576],[62.066,75.428],[61.616,75.32],[61.356,75.315],[61.249,75.281],[61.147,75.223],[60.936,75.164],[60.719,75.069],[60.476,75.055],[60.277,75.008],[60.241,74.971],[60.455,74.946],[60.501,74.905],[60.08,74.756],[59.747,74.746],[59.735,74.695],[59.771,74.664],[59.753,74.637],[59.674,74.61],[59.596,74.614],[59.24,74.693],[59.182,74.666],[59.146,74.552],[59.101,74.508],[59.04,74.486],[58.928,74.463],[58.535,74.499],[58.502,74.464],[58.562,74.422],[58.665,74.289],[58.618,74.227],[58.441,74.129],[57.767,74.014],[57.778,73.974],[57.853,73.898],[57.872,73.85],[57.845,73.805],[57.756,73.769],[57.604,73.775],[57.449,73.826],[57.313,73.838],[57.291,73.815],[57.464,73.746],[57.543,73.658],[57.46,73.61],[57.134,73.504],[56.964,73.367],[56.634,73.304],[56.43,73.297],[56.035,73.346],[55.549,73.357],[55.28,73.392],[55.007,73.454],[54.769,73.449],[54.566,73.419],[54.3,73.351],[54.132,73.481],[54.205,73.542],[53.839,73.697],[53.763,73.766],[54.386,73.936],[54.643,73.96],[54.831,74.096],[55.023,74.187],[55.341,74.42],[56.137,74.496],[55.947,74.542],[55.752,74.541],[55.662,74.556],[55.582,74.628],[55.914,74.796],[56.218,74.898],[56.499,74.957],[56.34,75.013],[55.998,75.003],[55.863,75.059],[55.821,75.091],[55.81,75.125],[56.036,75.194],[56.289,75.164],[56.485,75.096],[56.57,75.098],[56.876,75.244],[56.829,75.278],[56.809,75.328],[56.844,75.351],[57.088,75.384],[57.607,75.341],[57.708,75.454],[57.783,75.507],[58.094,75.593],[58.058,75.663],[58.418,75.72],[58.653,75.777],[58.881,75.855],[60.036,75.984],[60.118,76.067],[60.279,76.096],[60.731,76.104],[60.801,76.069],[60.942,76.071],[61.054,76.12],[61.034,76.233],[61.202,76.282],[61.569,76.298],[62.471,76.23],[62.782,76.245],[62.971,76.237],[63.526,76.31],[64.463,76.378],[64.95,76.484],[65.197,76.5],[65.528,76.568],[65.755,76.579],[65.863,76.613],[66.063,76.746],[66.345,76.821],[66.829,76.924],[67.264,76.964],[67.535,77.008],[68.017,76.991],[68.486,76.934],[68.699,76.871],[68.873,76.79],[68.912,76.761],[68.942,76.708],[68.858,76.61],[68.9,76.573],[68.165,76.285],[67.765,76.238]]],[[[55.32,73.308],[56.138,73.256],[56.43,73.201],[56.397,73.139],[56.189,73.033],[56.167,72.983],[56.193,72.905],[56.171,72.848],[56.122,72.807],[56.084,72.789],[55.82,72.79],[55.723,72.766],[55.701,72.672],[55.616,72.599],[55.441,72.575],[55.403,72.549],[55.417,72.501],[55.356,72.465],[55.36,72.409],[55.39,72.378],[55.399,72.314],[55.518,72.221],[55.495,72.182],[55.403,72.107],[55.375,72.015],[55.298,71.935],[55.471,71.869],[55.614,71.69],[55.819,71.508],[56.043,71.346],[56.454,71.107],[56.895,70.927],[57.066,70.876],[57.484,70.792],[57.625,70.729],[57.447,70.661],[57.264,70.636],[57.247,70.605],[57.146,70.589],[56.649,70.647],[56.51,70.729],[56.386,70.734],[56.26,70.715],[56.335,70.677],[56.417,70.665],[56.561,70.594],[56.5,70.566],[56.435,70.563],[56.142,70.658],[56.087,70.618],[55.942,70.649],[55.907,70.626],[55.797,70.616],[55.707,70.642],[55.706,70.675],[55.687,70.692],[55.052,70.667],[54.867,70.678],[54.645,70.742],[54.608,70.713],[54.601,70.68],[54.333,70.745],[53.722,70.814],[53.384,70.874],[53.468,70.901],[53.614,70.915],[53.588,71.052],[53.671,71.087],[53.857,71.07],[53.834,71.127],[53.922,71.138],[54.094,71.105],[54.156,71.125],[53.886,71.196],[53.591,71.297],[53.622,71.333],[53.41,71.34],[53.319,71.399],[53.333,71.477],[53.412,71.53],[53.364,71.542],[52.909,71.495],[52.419,71.537],[52.18,71.49],[51.938,71.475],[51.813,71.491],[51.59,71.571],[51.511,71.648],[51.439,71.777],[51.429,71.826],[51.444,71.934],[51.583,72.071],[51.805,72.142],[51.885,72.153],[52.069,72.131],[52.252,72.13],[52.407,72.197],[52.462,72.252],[52.622,72.301],[52.706,72.391],[52.714,72.437],[52.749,72.483],[52.864,72.55],[52.823,72.591],[52.839,72.619],[52.917,72.669],[52.683,72.682],[52.529,72.737],[52.551,72.769],[52.579,72.791],[52.913,72.9],[53.37,72.917],[53.247,72.973],[53.189,73.104],[53.198,73.148],[53.251,73.183],[53.358,73.225],[53.512,73.238],[53.753,73.293],[54.202,73.281],[54.804,73.388],[55.121,73.357],[55.32,73.308]]],[[[96.527,81.076],[96.563,81.03],[96.693,80.994],[96.755,80.958],[97.414,80.842],[97.703,80.827],[97.832,80.798],[97.87,80.763],[97.856,80.698],[97.221,80.652],[97.113,80.614],[97.025,80.536],[97.115,80.497],[97.287,80.343],[97.417,80.323],[97.175,80.241],[94.565,80.126],[94.328,80.076],[93.872,80.01],[93.655,80.01],[93.002,80.102],[92.202,80.179],[92.092,80.223],[91.637,80.27],[91.524,80.359],[91.897,80.478],[92.578,80.533],[92.827,80.619],[92.981,80.703],[93.263,80.791],[92.773,80.769],[92.593,80.781],[92.61,80.81],[92.71,80.872],[92.939,80.926],[93.065,80.988],[93.359,81.032],[93.637,81.038],[94.838,81.139],[95.061,81.188],[95.16,81.271],[95.801,81.28],[95.902,81.261],[95.984,81.211],[96.187,81.184],[96.527,81.076]]],[[[97.675,80.158],[97.904,80.095],[98.018,80.023],[97.907,80.004],[97.808,79.956],[97.76,79.896],[97.627,79.85],[97.591,79.775],[97.652,79.761],[97.871,79.853],[98.065,79.901],[98.273,79.874],[98.353,79.884],[98.499,79.953],[98.472,80.009],[98.532,80.044],[98.596,80.052],[99.295,80.016],[99.536,79.941],[99.818,79.898],[99.947,79.849],[100.061,79.777],[99.916,79.738],[99.782,79.628],[99.749,79.515],[99.706,79.463],[99.722,79.385],[99.681,79.323],[99.537,79.277],[99.388,79.275],[99.167,79.306],[99.042,79.293],[99.317,79.227],[99.517,79.13],[99.815,79.096],[99.929,78.961],[99.44,78.834],[98.82,78.818],[98.411,78.788],[98.054,78.821],[97.905,78.81],[97.555,78.827],[97.248,78.868],[96.933,78.934],[96.808,78.985],[96.347,79.016],[95.796,79.001],[95.703,79.012],[95.531,79.098],[95.437,79.099],[95.133,79.05],[94.791,79.087],[94.652,79.127],[94.632,79.141],[94.62,79.192],[94.482,79.219],[94.314,79.308],[94.219,79.402],[93.759,79.451],[93.272,79.458],[93.071,79.495],[93.405,79.632],[93.847,79.702],[94.257,79.83],[94.347,79.942],[94.719,80.011],[94.987,80.097],[95.281,80.031],[95.498,80.106],[96.163,80.097],[97.121,80.153],[97.587,80.168],[97.675,80.158]]],[[[102.885,79.254],[102.787,79.176],[102.746,79.106],[102.412,78.835],[102.587,78.871],[102.845,79.014],[102.95,79.056],[103.199,79.071],[103.433,79.126],[103.801,79.149],[103.926,79.123],[104.091,79.013],[104.449,78.964],[104.477,78.923],[104.452,78.88],[104.633,78.835],[104.881,78.855],[105.146,78.819],[105.256,78.733],[105.31,78.666],[105.343,78.594],[105.313,78.5],[104.833,78.353],[104.742,78.34],[104.519,78.349],[104.297,78.335],[103.719,78.258],[103.003,78.256],[102.797,78.188],[102.673,78.202],[102.617,78.225],[101.204,78.192],[101.04,78.143],[100.541,78.048],[100.082,77.975],[99.845,77.957],[99.5,77.976],[99.287,78.038],[99.439,78.084],[99.546,78.179],[99.678,78.233],[100.019,78.339],[100.124,78.47],[100.257,78.574],[100.284,78.679],[100.416,78.753],[100.516,78.788],[100.62,78.797],[100.956,78.788],[100.898,78.812],[100.856,78.898],[100.901,78.98],[101.031,79.023],[101.068,79.096],[101.052,79.123],[101.149,79.157],[101.196,79.204],[101.31,79.233],[101.543,79.254],[101.555,79.313],[101.591,79.35],[101.824,79.37],[102.005,79.264],[102.251,79.256],[102.177,79.313],[102.181,79.373],[102.225,79.413],[102.282,79.43],[102.405,79.433],[102.79,79.392],[103.042,79.332],[103.098,79.299],[102.885,79.254]]],[[[140.049,75.829],[140.152,75.81],[140.274,75.822],[140.389,75.796],[140.496,75.69],[140.547,75.663],[140.657,75.634],[140.816,75.631],[140.889,75.652],[140.944,75.7],[140.926,75.867],[140.95,75.927],[140.985,75.965],[141.485,76.137],[141.742,76.108],[142.46,75.904],[142.67,75.863],[142.927,75.827],[143.185,75.814],[143.686,75.864],[145.255,75.586],[145.36,75.53],[145.023,75.49],[144.803,75.416],[144.727,75.366],[144.814,75.325],[144.883,75.269],[144.408,75.102],[144.216,75.059],[144.02,75.045],[143.626,75.084],[143.396,75.083],[143.17,75.117],[142.82,75.268],[142.729,75.338],[142.7,75.449],[142.734,75.545],[142.868,75.572],[142.986,75.633],[143.002,75.66],[142.942,75.713],[142.552,75.721],[142.308,75.692],[142.086,75.661],[142.151,75.458],[142.199,75.393],[142.617,75.133],[142.697,75.103],[142.93,75.062],[143.128,74.97],[142.778,74.868],[142.473,74.82],[142.287,74.85],[142.1,74.951],[141.987,74.991],[141.748,74.983],[141.31,74.923],[140.268,74.847],[140.011,74.895],[139.758,74.964],[139.681,74.964],[139.606,74.946],[139.548,74.904],[139.512,74.838],[139.43,74.749],[139.326,74.687],[139.215,74.66],[139.099,74.657],[138.866,74.701],[138.092,74.797],[137.915,74.871],[137.683,75.009],[137.447,75.054],[137.218,75.124],[137.006,75.235],[136.962,75.27],[136.948,75.326],[136.982,75.365],[137.29,75.349],[137.215,75.554],[137.269,75.749],[137.358,75.782],[137.707,75.76],[137.594,75.823],[137.501,75.91],[137.561,75.955],[137.625,75.988],[137.774,76.016],[137.977,76.028],[138.208,76.115],[138.431,76.13],[138.814,76.2],[138.92,76.197],[139.109,76.108],[139.743,75.953],[140.049,75.829]]],[[[146.795,75.371],[147.06,75.364],[147.497,75.441],[148.432,75.414],[148.509,75.387],[148.519,75.336],[148.475,75.272],[148.59,75.236],[148.892,75.228],[149.083,75.262],[150.104,75.219],[150.531,75.1],[150.69,75.155],[150.822,75.157],[150.646,74.945],[150.58,74.919],[150.331,74.867],[149.838,74.795],[149.597,74.773],[149.05,74.772],[148.297,74.8],[148.092,74.826],[147.627,74.959],[147.144,74.998],[146.703,75.114],[146.149,75.198],[146.186,75.296],[146.258,75.394],[146.438,75.558],[146.538,75.582],[146.751,75.51],[146.748,75.429],[146.795,75.371]]],[[[178.862,70.826],[178.793,70.822],[178.648,71.001],[178.628,71.047],[178.684,71.106],[178.829,71.178],[178.891,71.231],[179.235,71.325],[179.548,71.448],[179.716,71.466],[179.886,71.523],[180,71.538],[180,70.993],[179.881,70.976],[179.648,70.899],[179.153,70.88],[178.862,70.826]]],[[[142.761,54.394],[142.976,54.141],[142.986,54.086],[142.927,53.956],[142.911,53.878],[142.936,53.811],[142.918,53.794],[143.224,53.296],[143.288,53.134],[143.325,52.963],[143.324,52.614],[143.264,52.479],[143.201,52.443],[143.172,52.349],[143.156,52.084],[143.191,51.944],[143.295,51.744],[143.3,51.632],[143.321,51.583],[143.418,51.521],[143.455,51.471],[143.473,51.299],[143.534,51.246],[143.736,50.507],[143.816,50.283],[144.048,49.896],[144.2,49.55],[144.272,49.311],[144.341,49.181],[144.432,49.051],[144.686,48.871],[144.707,48.82],[144.714,48.64],[144.673,48.679],[144.621,48.815],[144.536,48.894],[144.284,49.07],[144.125,49.209],[144.049,49.249],[143.819,49.309],[143.732,49.312],[143.382,49.291],[143.236,49.263],[143.105,49.199],[143.027,49.105],[142.972,48.918],[142.574,48.072],[142.546,47.885],[142.557,47.738],[142.67,47.537],[142.745,47.452],[142.864,47.392],[142.94,47.323],[143.006,47.223],[143.089,47.001],[143.218,46.795],[143.384,46.806],[143.447,46.792],[143.486,46.752],[143.54,46.575],[143.581,46.361],[143.509,46.23],[143.463,46.069],[143.432,46.029],[143.419,46.222],[143.37,46.358],[143.352,46.476],[143.282,46.559],[142.829,46.605],[142.692,46.711],[142.636,46.716],[142.578,46.701],[142.479,46.644],[142.406,46.555],[142.304,46.358],[142.209,46.089],[142.077,45.917],[141.962,46.013],[141.83,46.451],[141.867,46.694],[142.011,47.03],[142.039,47.14],[141.984,47.348],[141.964,47.587],[142.076,47.808],[142.149,47.902],[142.182,48.013],[142.135,48.29],[142.029,48.477],[141.897,48.655],[141.866,48.75],[142.02,49.078],[142.067,49.312],[142.142,49.569],[142.153,50.217],[142.143,50.312],[142.071,50.515],[142.066,50.63],[142.1,50.776],[142.208,50.998],[142.207,51.223],[142.091,51.429],[142.006,51.521],[141.722,51.736],[141.772,51.752],[141.808,51.789],[141.721,51.847],[141.668,51.933],[141.661,52.273],[141.682,52.359],[141.803,52.556],[141.856,52.794],[141.874,53.039],[141.839,53.138],[141.824,53.34],[141.852,53.389],[141.964,53.456],[142.142,53.496],[142.319,53.405],[142.424,53.411],[142.526,53.447],[142.583,53.537],[142.509,53.588],[142.553,53.653],[142.68,53.674],[142.689,53.73],[142.643,53.737],[142.706,53.896],[142.67,53.968],[142.335,54.281],[142.552,54.279],[142.616,54.304],[142.666,54.358],[142.693,54.416],[142.761,54.394]]],[[[-178.876,71.577],[-178.354,71.529],[-178.057,71.438],[-177.975,71.391],[-177.532,71.263],[-177.498,71.219],[-177.524,71.167],[-177.822,71.068],[-178.528,71.015],[-179.157,70.94],[-179.507,70.923],[-179.734,70.972],[-180,70.993],[-180,71.538],[-179.691,71.578],[-179.546,71.582],[-179.402,71.567],[-179.112,71.596],[-178.876,71.577]]],[[[35.816,65.182],[35.848,65.143],[35.858,65.078],[35.827,65.036],[35.842,65.001],[35.779,64.977],[35.68,65.058],[35.621,65.059],[35.559,65.094],[35.529,65.151],[35.586,65.167],[35.609,65.157],[35.729,65.198],[35.816,65.182]]],[[[42.714,66.702],[42.676,66.688],[42.477,66.735],[42.46,66.77],[42.469,66.786],[42.547,66.796],[42.631,66.782],[42.714,66.702]]],[[[52.903,71.365],[53.074,71.238],[53.141,71.242],[53.193,71.215],[53.205,71.16],[53.071,71.065],[53.048,71.031],[53.121,70.982],[53.023,70.969],[53.004,71.012],[52.95,71.054],[52.835,71.086],[52.789,71.115],[52.738,71.181],[52.547,71.25],[52.425,71.239],[52.289,71.27],[52.25,71.285],[52.24,71.325],[52.297,71.357],[52.513,71.385],[52.617,71.383],[52.73,71.355],[52.72,71.39],[52.732,71.404],[52.903,71.365]]],[[[168.039,54.565],[168.081,54.513],[167.488,54.795],[167.442,54.856],[167.512,54.857],[167.592,54.798],[167.711,54.77],[167.883,54.69],[168.039,54.565]]],[[[160.719,70.823],[160.651,70.806],[160.505,70.82],[160.437,70.851],[160.44,70.923],[160.449,70.934],[160.566,70.924],[160.719,70.823]]],[[[161.467,68.901],[161.422,68.9],[161.461,68.996],[161.364,69.044],[161.183,69.082],[161.137,69.11],[161.125,69.197],[161.165,69.334],[161.083,69.406],[161.111,69.47],[161.323,69.541],[161.505,69.639],[161.618,69.592],[161.609,69.501],[161.54,69.437],[161.374,69.414],[161.351,69.369],[161.394,69.106],[161.495,69.016],[161.517,68.97],[161.507,68.928],[161.467,68.901]]],[[[152.886,76.122],[152.786,76.086],[152.559,76.144],[152.643,76.175],[152.799,76.195],[152.864,76.163],[152.886,76.122]]],[[[149.15,76.66],[148.399,76.648],[148.448,76.677],[148.72,76.747],[149.406,76.782],[149.268,76.747],[149.205,76.677],[149.15,76.66]]],[[[137.96,71.508],[137.712,71.423],[137.613,71.434],[137.458,71.483],[137.266,71.456],[137.079,71.502],[137.064,71.53],[137.129,71.556],[137.282,71.58],[137.817,71.588],[137.858,71.583],[137.934,71.543],[137.96,71.508]]],[[[107.696,78.131],[107.606,78.083],[107.482,78.058],[107.344,78.099],[107.002,78.096],[106.416,78.14],[106.583,78.168],[107.508,78.189],[107.573,78.186],[107.696,78.131]]],[[[112.478,76.621],[112.633,76.553],[112.661,76.51],[112.587,76.483],[112.575,76.452],[112.532,76.45],[112.395,76.484],[112.297,76.538],[112.154,76.549],[111.969,76.626],[112.281,76.618],[112.394,76.644],[112.478,76.621]]],[[[96.532,76.278],[96.614,76.264],[96.59,76.221],[96.487,76.234],[96.351,76.212],[96.353,76.177],[96.301,76.122],[96.109,76.155],[95.845,76.16],[95.679,76.194],[95.311,76.215],[95.322,76.262],[95.38,76.289],[95.594,76.25],[95.786,76.294],[96.151,76.272],[96.271,76.305],[96.532,76.278]]],[[[96.285,77.027],[96.21,76.992],[96.091,77.003],[95.855,76.975],[95.681,77.021],[95.27,77.019],[95.421,77.056],[95.854,77.098],[96.528,77.206],[96.562,77.154],[96.561,77.13],[96.285,77.027]]],[[[89.514,77.189],[89.3,77.184],[89.142,77.227],[89.2,77.272],[89.282,77.301],[89.616,77.311],[89.68,77.28],[89.666,77.254],[89.514,77.189]]],[[[74.661,72.873],[74.638,72.864],[74.435,72.908],[74.181,72.975],[74.1,73.022],[74.142,73.074],[74.199,73.109],[74.409,73.13],[74.725,73.108],[74.962,73.063],[74.743,73.033],[74.647,72.969],[74.66,72.929],[74.697,72.908],[74.661,72.873]]],[[[75.504,73.457],[75.344,73.432],[75.375,73.477],[75.57,73.541],[75.93,73.574],[76.052,73.549],[75.827,73.459],[75.504,73.457]]],[[[83.549,74.072],[83.496,74.048],[83.411,74.04],[83.159,74.075],[82.818,74.092],[82.903,74.129],[83.15,74.152],[83.513,74.122],[83.618,74.089],[83.549,74.072]]],[[[67.345,69.53],[67.264,69.443],[67.098,69.447],[67.026,69.483],[67.216,69.575],[67.329,69.572],[67.345,69.53]]],[[[66.561,70.542],[66.569,70.501],[66.516,70.515],[66.449,70.561],[66.408,70.616],[66.395,70.727],[66.44,70.773],[66.463,70.769],[66.458,70.699],[66.561,70.542]]],[[[70.021,66.502],[69.845,66.49],[69.651,66.565],[69.469,66.716],[69.503,66.751],[69.8,66.736],[70.077,66.696],[70.057,66.599],[70.11,66.569],[70.059,66.518],[70.021,66.502]]],[[[50.052,80.074],[49.971,80.061],[49.588,80.136],[49.556,80.159],[49.884,80.23],[50.251,80.219],[50.319,80.172],[50.072,80.109],[50.052,80.074]]],[[[51.409,79.944],[51.435,79.932],[51.431,79.921],[51.076,79.932],[50.454,79.924],[50.091,79.981],[50.473,80.035],[50.676,80.049],[50.936,80.094],[51.254,80.049],[51.243,79.991],[51.409,79.944]]],[[[50.754,81.047],[50.518,81.046],[50.412,81.084],[50.368,81.123],[50.465,81.126],[50.522,81.158],[50.592,81.169],[50.716,81.171],[50.879,81.151],[50.946,81.108],[50.789,81.072],[50.754,81.047]]],[[[55.48,80.274],[55.195,80.227],[55.048,80.228],[54.98,80.256],[55.24,80.325],[55.435,80.302],[55.48,80.274]]],[[[54.415,80.473],[54.276,80.421],[53.812,80.476],[53.9,80.515],[53.902,80.542],[53.859,80.563],[53.877,80.605],[54.407,80.54],[54.437,80.499],[54.415,80.473]]],[[[59.689,79.956],[59.331,79.923],[58.919,79.985],[58.946,80.042],[59.545,80.119],[59.802,80.083],[59.911,79.994],[59.689,79.956]]],[[[58.622,81.042],[58.762,80.991],[58.815,80.934],[58.903,80.898],[58.931,80.832],[58.86,80.779],[58.642,80.768],[58.286,80.765],[57.938,80.793],[57.75,80.889],[57.405,80.915],[57.211,81.017],[57.41,81.047],[57.656,81.032],[58.05,81.118],[58.622,81.042]]],[[[47.983,45.488],[47.968,45.47],[47.92,45.562],[47.918,45.618],[47.947,45.647],[47.987,45.554],[47.983,45.488]]],[[[50.265,69.186],[50.283,69.089],[50.221,69.049],[50.164,69.038],[50.141,69.098],[50.094,69.126],[49.921,69.053],[49.84,68.974],[49.626,68.86],[48.91,68.743],[48.667,68.733],[48.439,68.805],[48.316,68.942],[48.279,69.04],[48.32,69.269],[48.414,69.346],[48.631,69.436],[48.953,69.509],[49.225,69.511],[50.167,69.257],[50.265,69.186]]],[[[63.374,80.7],[63.002,80.713],[62.52,80.822],[62.593,80.853],[63.116,80.967],[64.096,80.998],[64.166,81.036],[64.21,81.106],[64.31,81.175],[64.575,81.198],[64.802,81.197],[65.172,81.144],[65.382,81.057],[65.36,81.008],[65.372,80.968],[65.437,80.931],[64.997,80.819],[64.548,80.755],[63.374,80.7]]],[[[57.956,80.123],[57.8,80.104],[57.392,80.139],[57.332,80.158],[57.281,80.194],[57.214,80.328],[57.212,80.368],[57.186,80.396],[57.011,80.468],[57.075,80.494],[58.48,80.465],[58.972,80.416],[59.255,80.343],[58.398,80.319],[58.284,80.298],[58.286,80.248],[58.255,80.202],[58.163,80.197],[57.956,80.123]]],[[[62.168,80.835],[62.228,80.794],[62.192,80.73],[62.115,80.684],[62.076,80.617],[61.681,80.586],[61.597,80.535],[61.285,80.505],[61.051,80.419],[60.722,80.435],[60.278,80.494],[59.9,80.446],[59.65,80.431],[59.346,80.505],[59.304,80.522],[59.288,80.573],[59.306,80.618],[59.387,80.713],[59.549,80.784],[59.592,80.817],[59.716,80.836],[60.095,80.849],[60.235,80.838],[60.278,80.801],[60.482,80.804],[61.597,80.893],[62.103,80.867],[62.168,80.835]]],[[[61.141,80.95],[60.827,80.93],[60.321,80.956],[60.058,80.985],[60.148,81.017],[60.587,81.088],[61.457,81.104],[61.567,81.05],[61.472,81.011],[61.141,80.95]]],[[[53.521,80.185],[52.636,80.179],[52.55,80.202],[52.344,80.213],[52.213,80.264],[52.681,80.319],[52.716,80.348],[52.854,80.402],[53.186,80.413],[53.329,80.402],[53.346,80.366],[53.486,80.323],[53.852,80.268],[53.778,80.228],[53.653,80.223],[53.521,80.185]]],[[[57.079,80.351],[57.123,80.317],[57.119,80.194],[57.073,80.139],[57.08,80.095],[56.987,80.071],[56.201,80.076],[55.812,80.087],[55.724,80.105],[55.942,80.163],[56.012,80.204],[55.99,80.32],[56.024,80.341],[56.655,80.33],[56.707,80.363],[56.945,80.366],[57.079,80.351]]],[[[57.81,81.546],[57.863,81.506],[58.017,81.484],[58.436,81.464],[58.564,81.418],[58.372,81.387],[57.859,81.368],[57.912,81.303],[58.015,81.255],[57.913,81.198],[57.451,81.136],[56.822,81.238],[56.513,81.175],[56.364,81.179],[56.192,81.224],[55.717,81.188],[55.573,81.228],[55.466,81.311],[55.782,81.329],[56.157,81.303],[56.405,81.387],[56.719,81.423],[57.092,81.541],[57.365,81.535],[57.717,81.565],[57.81,81.546]]],[[[54.719,81.116],[55.471,81.02],[56.17,81.029],[56.472,80.998],[56.91,80.913],[57.694,80.792],[57.58,80.755],[56.815,80.664],[56.316,80.633],[55.883,80.628],[55.713,80.637],[55.541,80.703],[55.117,80.752],[54.668,80.739],[54.623,80.765],[54.533,80.783],[54.067,80.814],[54.045,80.872],[54.241,80.902],[54.367,80.904],[54.417,80.987],[54.634,81.113],[54.719,81.116]]],[[[63.651,81.609],[63.529,81.597],[62.885,81.609],[62.573,81.633],[62.515,81.659],[62.106,81.679],[62.284,81.707],[62.795,81.719],[63.71,81.687],[63.782,81.65],[63.651,81.609]]],[[[58.295,81.715],[57.965,81.696],[57.909,81.722],[57.985,81.797],[58.135,81.828],[59.262,81.854],[59.408,81.825],[59.357,81.781],[59.356,81.759],[58.295,81.715]]],[[[92.683,79.685],[92.154,79.685],[91.684,79.791],[91.376,79.835],[91.126,79.905],[91.07,79.981],[91.229,80.031],[91.426,80.049],[92.173,80.045],[92.593,79.997],[93.482,79.941],[93.803,79.905],[93.604,79.817],[92.926,79.704],[92.683,79.685]]],[[[91.567,81.141],[91.223,81.064],[89.976,81.113],[89.901,81.171],[90.07,81.214],[91.109,81.199],[91.478,81.184],[91.567,81.141]]],[[[141.01,73.999],[140.507,73.919],[140.409,73.922],[140.183,74.005],[140.102,74.184],[140.194,74.237],[140.3,74.257],[140.849,74.274],[140.944,74.265],[141.039,74.243],[141.079,74.209],[141.097,74.168],[141.01,73.999]]],[[[142.185,73.896],[142.639,73.803],[143.344,73.569],[143.464,73.459],[143.491,73.246],[143.451,73.231],[143.193,73.221],[142.842,73.245],[142.342,73.253],[142.126,73.282],[141.597,73.311],[141.183,73.389],[140.663,73.452],[140.392,73.435],[140.027,73.361],[139.925,73.355],[139.786,73.355],[139.686,73.426],[140.381,73.483],[140.594,73.565],[140.884,73.778],[141.085,73.866],[141.932,73.915],[142.185,73.896]]],[[[135.949,75.41],[135.746,75.382],[135.452,75.39],[135.473,75.463],[135.523,75.496],[135.593,75.576],[135.561,75.636],[135.578,75.71],[135.614,75.766],[135.699,75.845],[135.788,75.798],[135.849,75.729],[135.905,75.694],[136.169,75.606],[135.983,75.522],[135.965,75.486],[136.021,75.438],[135.949,75.41]]],[[[136.197,73.914],[136.122,73.885],[136.051,73.929],[135.715,74.06],[135.633,74.121],[135.402,74.202],[135.387,74.253],[135.628,74.22],[136.037,74.09],[136.259,73.985],[136.197,73.914]]],[[[137.941,55.093],[138.031,55.053],[138.172,55.06],[138.206,55.034],[138.096,54.991],[138.017,54.901],[137.991,54.821],[137.959,54.789],[137.721,54.663],[137.661,54.653],[137.526,54.826],[137.463,54.873],[137.276,54.792],[137.233,54.791],[137.275,54.891],[137.384,55.001],[137.436,55.016],[137.577,55.197],[137.941,55.093]]],[[[169.201,69.58],[168.916,69.571],[168.348,69.664],[168.144,69.713],[167.789,69.837],[167.814,69.873],[167.865,69.901],[168.06,69.975],[168.196,70.008],[168.358,70.016],[169.375,69.883],[169.421,69.856],[169.434,69.832],[169.418,69.779],[169.332,69.77],[169.299,69.735],[169.246,69.601],[169.201,69.58]]],[[[163.635,58.603],[163.471,58.509],[163.432,58.546],[163.427,58.579],[163.577,58.641],[163.727,58.799],[163.784,58.93],[163.761,59.015],[164.202,59.096],[164.517,59.227],[164.573,59.221],[164.629,59.112],[164.662,58.971],[164.616,58.886],[164.279,58.838],[163.96,58.744],[163.635,58.603]]],[[[166.65,54.839],[166.645,54.694],[166.521,54.768],[166.464,54.827],[166.382,54.838],[166.325,54.865],[166.23,54.937],[166.12,55.03],[166.082,55.077],[166.066,55.136],[165.992,55.19],[165.751,55.295],[165.83,55.307],[165.931,55.351],[166.276,55.312],[166.23,55.242],[166.248,55.165],[166.404,55.006],[166.479,54.95],[166.577,54.908],[166.65,54.839]]],[[[154.81,49.312],[154.715,49.268],[154.611,49.294],[154.613,49.381],[154.825,49.647],[154.9,49.63],[154.883,49.566],[154.802,49.468],[154.83,49.348],[154.81,49.312]]],[[[156.405,50.658],[156.365,50.634],[156.326,50.639],[156.196,50.702],[156.168,50.732],[156.213,50.785],[156.376,50.862],[156.456,50.86],[156.488,50.843],[156.483,50.751],[156.405,50.658]]],[[[155.921,50.302],[155.792,50.202],[155.608,50.177],[155.516,50.146],[155.397,50.041],[155.289,50.061],[155.243,50.095],[155.243,50.213],[155.195,50.265],[155.218,50.298],[155.327,50.293],[155.434,50.369],[155.68,50.401],[155.773,50.482],[155.885,50.684],[156.002,50.757],[156.097,50.772],[156.123,50.671],[156.101,50.559],[156.044,50.452],[155.921,50.302]]],[[[154.081,48.79],[154.043,48.739],[153.992,48.773],[154.092,48.832],[154.126,48.904],[154.228,48.892],[154.205,48.857],[154.081,48.79]]],[[[155.645,50.822],[155.554,50.811],[155.483,50.87],[155.467,50.914],[155.569,50.934],[155.64,50.91],[155.654,50.845],[155.645,50.822]]],[[[153.101,47.763],[153.054,47.706],[152.984,47.728],[153.049,47.797],[153.079,47.809],[153.101,47.763]]],[[[152.002,46.897],[151.816,46.787],[151.754,46.788],[151.715,46.853],[151.864,46.869],[152.166,47.11],[152.235,47.143],[152.289,47.142],[152.002,46.897]]],[[[149.688,45.642],[149.539,45.591],[149.447,45.593],[149.666,45.84],[149.796,45.876],[149.962,46.022],[150.349,46.213],[150.553,46.209],[150.235,46.012],[150.195,45.933],[150.057,45.849],[149.954,45.822],[149.883,45.783],[149.688,45.642]]],[[[148.6,45.318],[148.415,45.247],[148.262,45.217],[148.005,45.07],[147.914,44.99],[147.784,44.959],[147.658,44.977],[147.622,44.945],[147.61,44.887],[147.563,44.836],[147.31,44.678],[147.207,44.554],[147.098,44.531],[146.897,44.404],[146.933,44.513],[146.974,44.566],[147.141,44.663],[147.155,44.766],[147.247,44.856],[147.43,44.945],[147.558,45.062],[147.658,45.093],[147.769,45.191],[147.886,45.226],[147.873,45.3],[147.924,45.383],[147.965,45.378],[148.056,45.262],[148.324,45.282],[148.612,45.485],[148.707,45.521],[148.773,45.526],[148.812,45.51],[148.825,45.456],[148.803,45.414],[148.837,45.363],[148.791,45.324],[148.6,45.318]]],[[[146.714,43.744],[146.683,43.716],[146.609,43.74],[146.622,43.813],[146.825,43.86],[146.884,43.829],[146.899,43.804],[146.714,43.744]]],[[[146.208,44.498],[146.356,44.425],[146.568,44.44],[146.516,44.375],[146.437,44.376],[146.296,44.281],[146.173,44.269],[146.112,44.246],[145.914,44.104],[145.887,44.048],[145.767,43.941],[145.587,43.845],[145.556,43.665],[145.439,43.737],[145.426,43.81],[145.462,43.871],[145.666,43.999],[145.748,44.072],[145.773,44.129],[145.852,44.193],[145.89,44.249],[145.94,44.273],[146.112,44.5],[146.208,44.498]]],[[[113.387,74.4],[113.259,74.273],[113.19,74.239],[112.978,74.197],[112.782,74.095],[112.105,74.163],[111.643,74.273],[111.503,74.353],[111.638,74.374],[111.88,74.364],[111.949,74.389],[112.008,74.527],[112.084,74.549],[112.952,74.48],[113.286,74.441],[113.387,74.4]]],[[[76.249,79.651],[76.373,79.615],[76.467,79.643],[77.36,79.557],[77.549,79.524],[77.589,79.502],[76.65,79.493],[76.637,79.544],[76.458,79.545],[76.154,79.579],[76.052,79.645],[76.148,79.664],[76.249,79.651]]],[[[80.027,80.848],[79.099,80.812],[78.978,80.848],[79.11,80.924],[79.217,80.96],[79.807,80.975],[80.28,80.95],[80.428,80.928],[80.345,80.868],[80.027,80.848]]],[[[70.674,73.095],[70.38,73.048],[70.119,73.056],[70.041,73.037],[69.92,73.085],[69.93,73.127],[69.986,73.169],[70.019,73.224],[69.996,73.359],[70.15,73.445],[70.35,73.478],[70.94,73.514],[71.023,73.504],[71.232,73.448],[71.351,73.372],[71.59,73.283],[71.63,73.225],[71.626,73.174],[71.356,73.162],[70.674,73.095]]],[[[77.633,72.291],[77.146,72.282],[76.906,72.298],[76.871,72.317],[76.903,72.366],[77.15,72.439],[77.26,72.486],[77.378,72.565],[77.579,72.631],[77.749,72.631],[78.279,72.553],[78.365,72.482],[78.154,72.417],[78.007,72.392],[77.781,72.309],[77.633,72.291]]],[[[79.501,72.722],[79.431,72.711],[78.881,72.752],[78.69,72.803],[78.633,72.851],[78.657,72.892],[79.164,73.094],[79.357,73.039],[79.413,72.983],[79.541,72.919],[79.538,72.769],[79.501,72.722]]],[[[82.172,75.419],[82.209,75.387],[82.222,75.351],[82.05,75.341],[81.979,75.247],[81.905,75.263],[81.861,75.317],[81.698,75.281],[81.655,75.289],[81.579,75.331],[81.532,75.34],[81.501,75.368],[81.712,75.451],[81.842,75.407],[81.927,75.41],[81.913,75.498],[82.022,75.513],[82.166,75.516],[82.172,75.419]]],[[[60.45,69.935],[60.481,69.885],[60.477,69.794],[60.44,69.726],[60.216,69.688],[60.026,69.717],[59.92,69.697],[59.725,69.706],[59.578,69.739],[59.581,69.791],[59.503,69.866],[59.144,69.922],[59.004,69.883],[58.953,69.893],[58.68,70.051],[58.473,70.267],[58.52,70.318],[58.678,70.36],[58.794,70.433],[59.048,70.46],[59.426,70.311],[59.636,70.197],[59.956,70.108],[60.45,69.935]]],[[[20.958,55.279],[20.859,55.184],[20.595,54.982],[20.888,54.909],[20.996,54.903],[21.189,54.935],[21.236,55.264],[21.389,55.276],[21.447,55.234],[21.555,55.195],[21.874,55.101],[22.072,55.064],[22.567,55.059],[22.627,54.971],[22.737,54.929],[22.825,54.871],[22.831,54.838],[22.71,54.633],[22.684,54.563],[22.68,54.493],[22.766,54.357],[22.168,54.36],[20.208,54.421],[19.604,54.459],[19.758,54.545],[19.859,54.634],[19.944,54.75],[19.975,54.921],[20.108,54.956],[20.397,54.951],[20.52,54.995],[20.679,55.103],[20.9,55.287],[20.958,55.279]]],[[[33.594,46.096],[33.654,46.146],[33.66,46.22],[33.807,46.208],[34.027,46.107],[34.128,46.09],[34.224,46.101],[34.354,46.062],[34.45,45.966],[34.687,45.977],[34.794,45.892],[34.8,45.791],[34.946,45.729],[35.002,45.733],[35.26,45.447],[35.374,45.354],[35.458,45.316],[35.558,45.311],[35.751,45.389],[35.833,45.402],[36.013,45.372],[36.077,45.424],[36.171,45.453],[36.29,45.457],[36.575,45.394],[36.451,45.232],[36.393,45.065],[36.23,45.026],[36.055,45.031],[35.87,45.005],[35.678,45.102],[35.57,45.119],[35.473,45.098],[35.358,44.978],[35.155,44.896],[35.088,44.803],[34.888,44.824],[34.717,44.807],[34.47,44.722],[34.282,44.538],[34.074,44.424],[33.91,44.388],[33.756,44.399],[33.656,44.433],[33.451,44.554],[33.463,44.597],[33.53,44.681],[33.612,44.908],[33.601,44.981],[33.555,45.098],[33.392,45.188],[33.262,45.171],[33.187,45.195],[32.919,45.348],[32.773,45.359],[32.611,45.328],[32.552,45.35],[32.508,45.404],[32.828,45.593],[33.142,45.749],[33.28,45.765],[33.466,45.838],[33.665,45.947],[33.637,46.033],[33.594,46.096]]]]}},{"type":"Feature","properties":{"iso":"NI","name":"Nicaragua","us":false},"geometry":{"type":"Polygon","coordinates":[[[-83.158,14.993],[-83.216,14.932],[-83.28,14.813],[-83.302,14.802],[-83.306,14.891],[-83.344,14.902],[-83.389,14.871],[-83.414,14.825],[-83.375,14.766],[-83.299,14.749],[-83.188,14.34],[-83.212,14.267],[-83.281,14.154],[-83.347,14.057],[-83.412,13.996],[-83.494,13.739],[-83.567,13.32],[-83.514,12.944],[-83.541,12.596],[-83.511,12.412],[-83.596,12.396],[-83.627,12.459],[-83.578,12.667],[-83.593,12.713],[-83.625,12.613],[-83.718,12.553],[-83.754,12.502],[-83.651,12.287],[-83.669,12.228],[-83.68,12.024],[-83.716,12.057],[-83.767,12.059],[-83.769,11.932],[-83.813,11.896],[-83.829,11.861],[-83.753,11.821],[-83.705,11.825],[-83.664,11.724],[-83.652,11.642],[-83.745,11.567],[-83.829,11.428],[-83.868,11.3],[-83.832,11.131],[-83.768,11.01],[-83.714,10.934],[-83.642,10.917],[-83.659,10.837],[-83.713,10.786],[-83.811,10.743],[-83.919,10.735],[-84.168,10.78],[-84.197,10.802],[-84.205,10.841],[-84.256,10.901],[-84.348,10.98],[-84.489,10.992],[-84.634,11.046],[-84.701,11.052],[-84.909,10.945],[-85.584,11.189],[-85.621,11.184],[-85.703,11.082],[-85.744,11.062],[-85.745,11.089],[-85.829,11.199],[-85.961,11.331],[-86.469,11.738],[-86.656,11.982],[-86.756,12.157],[-86.851,12.248],[-87.125,12.434],[-87.46,12.758],[-87.668,12.904],[-87.67,12.966],[-87.585,13.043],[-87.543,13.04],[-87.424,12.921],[-87.39,12.921],[-87.339,12.95],[-87.337,12.979],[-87.059,12.991],[-87.009,13.008],[-86.959,13.054],[-86.933,13.118],[-86.918,13.224],[-86.874,13.267],[-86.729,13.284],[-86.711,13.313],[-86.771,13.699],[-86.759,13.746],[-86.734,13.763],[-86.61,13.775],[-86.377,13.756],[-86.332,13.77],[-86.151,13.995],[-86.089,14.037],[-86.04,14.05],[-85.984,13.966],[-85.787,13.844],[-85.734,13.859],[-85.731,13.932],[-85.682,13.983],[-85.58,14.028],[-85.477,14.109],[-85.374,14.224],[-85.284,14.292],[-85.208,14.312],[-85.179,14.343],[-85.198,14.386],[-85.192,14.447],[-85.161,14.525],[-85.117,14.571],[-85.059,14.583],[-85.037,14.608],[-85.049,14.645],[-85.037,14.686],[-84.985,14.752],[-84.86,14.81],[-84.789,14.79],[-84.73,14.713],[-84.646,14.661],[-84.538,14.633],[-84.454,14.644],[-84.394,14.692],[-84.34,14.706],[-84.292,14.687],[-84.267,14.698],[-84.264,14.739],[-84.239,14.748],[-84.151,14.72],[-84.114,14.731],[-84.093,14.771],[-84.066,14.786],[-83.972,14.771],[-83.867,14.794],[-83.674,14.884],[-83.635,14.876],[-83.59,14.908],[-83.537,14.977],[-83.415,15.008],[-83.158,14.993]]]}},{"type":"Feature","properties":{"iso":"MX","name":"Mexico","us":false},"geometry":{"type":"MultiPolygon","coordinates":[[[[-117.128,32.533],[-114.725,32.715],[-114.788,32.565],[-114.836,32.508],[-111.042,31.324],[-108.214,31.329],[-108.212,31.779],[-106.453,31.77],[-106.347,31.679],[-106.256,31.545],[-106.148,31.451],[-106.024,31.398],[-105.813,31.241],[-105.514,30.981],[-105.276,30.807],[-104.979,30.646],[-104.918,30.583],[-104.681,30.134],[-104.681,29.991],[-104.622,29.854],[-104.504,29.678],[-104.401,29.574],[-104.312,29.542],[-104.111,29.386],[-103.99,29.323],[-103.853,29.291],[-103.258,29.001],[-103.168,28.998],[-103.09,29.042],[-103.023,29.132],[-102.957,29.19],[-102.892,29.216],[-102.866,29.258],[-102.878,29.315],[-102.834,29.444],[-102.734,29.644],[-102.615,29.752],[-102.476,29.769],[-102.386,29.807],[-102.343,29.865],[-102.269,29.871],[-102.163,29.825],[-101.991,29.796],[-101.612,29.787],[-101.569,29.809],[-101.546,29.808],[-101.545,29.784],[-101.509,29.773],[-101.44,29.777],[-101.38,29.743],[-101.304,29.634],[-101.039,29.46],[-101.016,29.401],[-100.755,29.183],[-100.659,29.069],[-100.636,28.973],[-100.55,28.821],[-100.332,28.503],[-100.348,28.486],[-100.336,28.428],[-100.296,28.328],[-100.221,28.243],[-100.112,28.173],[-100.001,28.048],[-99.89,27.867],[-99.754,27.73],[-99.595,27.636],[-99.505,27.548],[-99.484,27.467],[-99.486,27.398],[-99.51,27.34],[-99.5,27.285],[-99.455,27.234],[-99.44,27.17],[-99.457,27.057],[-99.302,26.885],[-99.23,26.762],[-99.172,26.566],[-99.108,26.447],[-99.015,26.399],[-98.873,26.381],[-98.765,26.34],[-98.691,26.276],[-98.598,26.238],[-98.486,26.225],[-98.378,26.182],[-98.275,26.111],[-98.083,26.064],[-97.801,26.042],[-97.587,25.984],[-97.44,25.891],[-97.376,25.872],[-97.358,25.871],[-97.339,25.911],[-97.282,25.942],[-97.146,25.961],[-97.164,25.755],[-97.225,25.585],[-97.424,25.233],[-97.507,25.015],[-97.668,24.39],[-97.729,23.788],[-97.743,23.761],[-97.727,23.732],[-97.766,23.306],[-97.745,22.942],[-97.758,22.886],[-97.817,22.776],[-97.858,22.625],[-97.842,22.51],[-97.782,22.279],[-97.763,22.106],[-97.585,21.809],[-97.315,21.564],[-97.337,21.438],[-97.388,21.374],[-97.409,21.273],[-97.434,21.356],[-97.424,21.465],[-97.385,21.524],[-97.383,21.567],[-97.457,21.612],[-97.59,21.762],[-97.754,22.027],[-97.638,21.604],[-97.598,21.536],[-97.515,21.478],[-97.501,21.398],[-97.195,20.8],[-97.186,20.717],[-97.121,20.615],[-96.709,20.188],[-96.456,19.87],[-96.368,19.567],[-96.315,19.473],[-96.29,19.344],[-96.124,19.199],[-96.073,19.106],[-95.985,19.054],[-95.913,18.897],[-95.778,18.806],[-95.81,18.804],[-95.928,18.85],[-95.92,18.82],[-95.821,18.755],[-95.627,18.691],[-95.578,18.69],[-95.72,18.768],[-95.697,18.775],[-95.561,18.719],[-95.182,18.701],[-95.015,18.571],[-94.798,18.515],[-94.546,18.175],[-94.46,18.167],[-94.189,18.195],[-93.552,18.43],[-93.228,18.444],[-93.127,18.423],[-92.885,18.469],[-92.769,18.524],[-92.71,18.612],[-92.441,18.675],[-92.213,18.685],[-91.974,18.716],[-91.88,18.638],[-91.88,18.6],[-91.943,18.563],[-91.914,18.529],[-91.803,18.471],[-91.6,18.447],[-91.534,18.457],[-91.44,18.542],[-91.275,18.624],[-91.279,18.721],[-91.308,18.773],[-91.356,18.777],[-91.368,18.806],[-91.334,18.877],[-91.343,18.901],[-91.446,18.833],[-91.469,18.833],[-91.437,18.89],[-91.136,19.038],[-91.059,19.098],[-90.955,19.152],[-90.739,19.352],[-90.693,19.73],[-90.65,19.796],[-90.507,19.912],[-90.492,19.947],[-90.484,20.556],[-90.458,20.714],[-90.353,21.009],[-90.183,21.121],[-89.82,21.275],[-88.879,21.414],[-88.747,21.448],[-88.585,21.539],[-88.467,21.569],[-88.251,21.567],[-88.185,21.579],[-88.171,21.604],[-88.132,21.616],[-88.007,21.604],[-87.689,21.536],[-87.48,21.472],[-87.251,21.447],[-87.188,21.477],[-87.164,21.514],[-87.188,21.546],[-87.296,21.525],[-87.387,21.551],[-87.369,21.574],[-87.216,21.582],[-87.128,21.621],[-87.035,21.592],[-86.912,21.463],[-86.824,21.422],[-86.817,21.234],[-86.772,21.151],[-86.865,20.885],[-86.926,20.786],[-87.06,20.631],[-87.221,20.507],[-87.421,20.231],[-87.467,20.102],[-87.466,19.999],[-87.432,19.898],[-87.442,19.862],[-87.466,19.824],[-87.507,19.827],[-87.586,19.779],[-87.688,19.637],[-87.69,19.594],[-87.645,19.554],[-87.587,19.573],[-87.425,19.583],[-87.435,19.502],[-87.483,19.444],[-87.567,19.416],[-87.659,19.352],[-87.656,19.258],[-87.622,19.25],[-87.551,19.321],[-87.509,19.317],[-87.501,19.288],[-87.594,19.046],[-87.653,18.799],[-87.734,18.655],[-87.762,18.446],[-87.804,18.357],[-87.853,18.269],[-87.882,18.274],[-87.96,18.441],[-88.039,18.484],[-88.056,18.524],[-88.011,18.727],[-88.032,18.839],[-88.074,18.834],[-88.197,18.72],[-88.195,18.643],[-88.296,18.472],[-88.461,18.477],[-88.523,18.446],[-88.586,18.291],[-88.806,17.966],[-88.898,17.915],[-89.05,18],[-89.134,17.971],[-89.162,17.902],[-89.161,17.815],[-90.989,17.816],[-90.993,17.252],[-91.41,17.256],[-91.319,17.2],[-91.224,17.112],[-91.112,16.976],[-90.976,16.868],[-90.816,16.787],[-90.711,16.708],[-90.634,16.565],[-90.634,16.511],[-90.576,16.468],[-90.471,16.44],[-90.417,16.391],[-90.46,16.162],[-90.447,16.073],[-91.737,16.07],[-92.204,15.275],[-92.204,15.238],[-92.075,15.074],[-92.099,15.027],[-92.144,15.002],[-92.159,14.964],[-92.156,14.901],[-92.186,14.818],[-92.16,14.691],[-92.209,14.571],[-92.235,14.545],[-92.809,15.139],[-93.024,15.31],[-93.167,15.448],[-93.734,15.888],[-93.916,16.054],[-94.079,16.145],[-94.311,16.239],[-94.374,16.285],[-94.409,16.287],[-94.426,16.226],[-94.303,16.169],[-94.193,16.146],[-94.028,16.062],[-94.001,16.019],[-94.471,16.187],[-94.662,16.202],[-94.682,16.228],[-94.587,16.316],[-94.617,16.348],[-94.651,16.352],[-94.753,16.291],[-94.791,16.287],[-94.793,16.365],[-94.859,16.42],[-94.9,16.417],[-95.024,16.306],[-95.021,16.278],[-94.786,16.229],[-94.799,16.21],[-94.949,16.21],[-95.134,16.177],[-95.464,15.975],[-95.772,15.888],[-96.214,15.693],[-96.409,15.683],[-96.511,15.652],[-96.808,15.726],[-97.185,15.909],[-97.755,15.967],[-98.139,16.206],[-98.52,16.305],[-98.762,16.535],[-98.908,16.545],[-99.002,16.581],[-99.348,16.665],[-99.691,16.72],[-100.025,16.921],[-100.243,16.984],[-100.432,17.064],[-100.848,17.2],[-101.002,17.276],[-101.148,17.393],[-101.385,17.514],[-101.487,17.615],[-101.6,17.652],[-101.762,17.842],[-101.847,17.922],[-101.919,17.96],[-101.996,17.973],[-102.217,17.957],[-102.547,18.041],[-102.7,18.063],[-103.019,18.187],[-103.442,18.325],[-103.699,18.633],[-103.912,18.828],[-104.046,18.912],[-104.277,19.011],[-104.405,19.091],[-104.603,19.153],[-104.938,19.309],[-105.045,19.443],[-105.108,19.562],[-105.286,19.706],[-105.482,19.976],[-105.532,20.075],[-105.57,20.228],[-105.669,20.386],[-105.642,20.436],[-105.543,20.498],[-105.377,20.512],[-105.26,20.579],[-105.245,20.634],[-105.252,20.669],[-105.327,20.753],[-105.492,20.777],[-105.511,20.809],[-105.456,20.844],[-105.237,21.119],[-105.225,21.25],[-105.233,21.38],[-105.209,21.491],[-105.431,21.618],[-105.527,21.818],[-105.649,21.988],[-105.646,22.327],[-105.792,22.627],[-105.943,22.777],[-106.022,22.829],[-106.235,23.061],[-106.402,23.196],[-106.567,23.449],[-106.729,23.611],[-106.935,23.881],[-107.085,24.016],[-107.765,24.472],[-107.727,24.472],[-107.527,24.36],[-107.494,24.369],[-107.489,24.424],[-107.512,24.489],[-107.549,24.505],[-107.602,24.49],[-107.71,24.525],[-107.817,24.539],[-107.951,24.615],[-108.009,24.694],[-108.015,24.783],[-108.208,24.975],[-108.281,25.082],[-108.243,25.074],[-108.192,25.031],[-108.14,25.018],[-108.08,25.018],[-108.036,25.035],[-108.051,25.067],[-108.374,25.194],[-108.466,25.265],[-108.696,25.383],[-108.751,25.424],[-108.787,25.538],[-108.844,25.543],[-108.893,25.512],[-109.029,25.48],[-109.063,25.517],[-109.068,25.552],[-108.973,25.588],[-108.885,25.696],[-108.887,25.733],[-109.008,25.642],[-109.196,25.593],[-109.304,25.633],[-109.385,25.727],[-109.426,26.033],[-109.271,26.243],[-109.2,26.305],[-109.159,26.258],[-109.117,26.253],[-109.146,26.306],[-109.216,26.355],[-109.276,26.534],[-109.483,26.71],[-109.755,26.703],[-109.828,26.77],[-109.891,26.883],[-109.944,27.079],[-110.277,27.162],[-110.478,27.323],[-110.561,27.45],[-110.615,27.654],[-110.578,27.796],[-110.53,27.864],[-110.759,27.915],[-110.849,27.918],[-110.921,27.889],[-110.986,27.926],[-111.121,27.967],[-111.282,28.115],[-111.472,28.384],[-111.68,28.471],[-111.832,28.648],[-111.941,28.823],[-112.045,28.896],[-112.162,29.019],[-112.223,29.269],[-112.301,29.323],[-112.378,29.348],[-112.389,29.46],[-112.415,29.536],[-112.573,29.72],[-112.653,29.87],[-112.738,29.985],[-112.759,30.126],[-112.825,30.3],[-112.952,30.51],[-113.058,30.651],[-113.11,30.793],[-113.087,30.938],[-113.119,31.048],[-113.108,31.077],[-113.073,31.061],[-113.043,31.087],[-113.047,31.179],[-113.084,31.207],[-113.231,31.256],[-113.481,31.294],[-113.623,31.346],[-113.633,31.468],[-113.759,31.558],[-113.948,31.629],[-114.003,31.525],[-114.149,31.507],[-114.264,31.554],[-114.549,31.734],[-114.609,31.762],[-114.698,31.777],[-114.934,31.901],[-114.84,31.799],[-114.79,31.647],[-114.848,31.538],[-114.882,31.156],[-114.761,30.959],[-114.703,30.765],[-114.685,30.621],[-114.633,30.507],[-114.65,30.238],[-114.63,30.156],[-114.55,30.022],[-114.403,29.896],[-114.373,29.83],[-114.179,29.734],[-114.062,29.61],[-113.829,29.439],[-113.755,29.367],[-113.545,29.102],[-113.538,29.023],[-113.5,28.927],[-113.382,28.947],[-113.329,28.873],[-113.335,28.839],[-113.321,28.813],[-113.259,28.819],[-113.206,28.799],[-113.094,28.512],[-113.034,28.473],[-112.871,28.424],[-112.868,28.292],[-112.796,28.207],[-112.808,28.092],[-112.749,27.995],[-112.758,27.901],[-112.734,27.826],[-112.553,27.657],[-112.329,27.523],[-112.283,27.347],[-112.191,27.187],[-112.098,27.146],[-112.004,27.079],[-112.009,26.967],[-111.883,26.84],[-111.863,26.679],[-111.754,26.573],[-111.723,26.564],[-111.699,26.581],[-111.817,26.756],[-111.822,26.865],[-111.795,26.88],[-111.57,26.708],[-111.546,26.579],[-111.47,26.507],[-111.465,26.408],[-111.419,26.35],[-111.405,26.265],[-111.332,26.125],[-111.33,25.931],[-111.292,25.79],[-111.15,25.573],[-111.034,25.527],[-111.014,25.42],[-110.894,25.144],[-110.756,24.995],[-110.687,24.868],[-110.677,24.789],[-110.729,24.672],[-110.735,24.59],[-110.659,24.341],[-110.547,24.214],[-110.421,24.183],[-110.4,24.165],[-110.41,24.131],[-110.367,24.1],[-110.32,24.139],[-110.297,24.195],[-110.325,24.306],[-110.304,24.339],[-110.263,24.345],[-110.023,24.175],[-109.983,24.109],[-109.811,23.939],[-109.776,23.865],[-109.711,23.804],[-109.677,23.662],[-109.51,23.598],[-109.421,23.48],[-109.415,23.406],[-109.458,23.215],[-109.496,23.16],[-109.63,23.079],[-109.728,22.982],[-109.823,22.922],[-109.923,22.886],[-110.006,22.894],[-110.086,23.005],[-110.181,23.342],[-110.244,23.412],[-110.289,23.518],[-110.363,23.605],[-110.63,23.737],[-110.765,23.877],[-110.896,23.97],[-111.036,24.105],[-111.419,24.329],[-111.578,24.443],[-111.683,24.556],[-111.802,24.543],[-111.848,24.67],[-112.073,24.84],[-112.119,24.934],[-112.129,25.043],[-112.056,25.488],[-112.07,25.573],[-112.093,25.584],[-112.115,25.63],[-112.12,25.766],[-112.174,25.913],[-112.377,26.214],[-112.658,26.317],[-113.021,26.583],[-113.119,26.717],[-113.143,26.792],[-113.156,26.946],[-113.206,26.857],[-113.272,26.791],[-113.426,26.796],[-113.599,26.721],[-113.701,26.791],[-113.841,26.967],[-113.996,26.988],[-114.11,27.106],[-114.202,27.144],[-114.333,27.158],[-114.445,27.218],[-114.48,27.284],[-114.498,27.376],[-114.54,27.431],[-114.716,27.54],[-114.859,27.659],[-114.994,27.736],[-115.033,27.799],[-115.036,27.842],[-114.824,27.83],[-114.57,27.784],[-114.448,27.797],[-114.301,27.873],[-114.289,27.839],[-114.302,27.776],[-114.233,27.718],[-114.137,27.671],[-114.069,27.676],[-114.135,27.727],[-114.175,27.831],[-114.157,27.868],[-114.158,27.92],[-114.253,27.908],[-114.266,27.934],[-114.185,28.013],[-114.093,28.221],[-114.048,28.426],[-114.146,28.605],[-114.309,28.73],[-114.937,29.352],[-114.994,29.384],[-115.166,29.427],[-115.674,29.756],[-115.749,29.936],[-115.808,29.96],[-115.79,30.084],[-115.816,30.304],[-115.858,30.36],[-115.996,30.414],[-116.062,30.804],[-116.296,30.971],[-116.31,31.127],[-116.333,31.203],[-116.458,31.361],[-116.662,31.565],[-116.668,31.699],[-116.722,31.735],[-116.652,31.74],[-116.624,31.758],[-116.621,31.851],[-116.848,31.997],[-116.914,32.199],[-117.063,32.344],[-117.128,32.533]]],[[[-86.94,20.303],[-86.991,20.272],[-87.019,20.382],[-86.978,20.49],[-86.928,20.552],[-86.763,20.579],[-86.755,20.552],[-86.94,20.303]]],[[[-106.502,21.611],[-106.531,21.529],[-106.607,21.561],[-106.634,21.613],[-106.639,21.698],[-106.597,21.712],[-106.536,21.676],[-106.502,21.611]]],[[[-110.914,18.741],[-110.975,18.72],[-111.064,18.782],[-111.04,18.83],[-110.989,18.863],[-110.914,18.741]]],[[[-110.567,25.003],[-110.539,24.892],[-110.59,24.908],[-110.657,24.969],[-110.703,25.047],[-110.699,25.081],[-110.595,25.042],[-110.567,25.003]]],[[[-113.156,29.052],[-113.163,29.035],[-113.265,29.097],[-113.496,29.308],[-113.581,29.413],[-113.594,29.463],[-113.587,29.573],[-113.508,29.56],[-113.416,29.486],[-113.376,29.417],[-113.374,29.339],[-113.202,29.302],[-113.156,29.052]]],[[[-115.171,28.069],[-115.184,28.037],[-115.353,28.104],[-115.26,28.221],[-115.274,28.343],[-115.234,28.368],[-115.197,28.328],[-115.149,28.172],[-115.171,28.069]]],[[[-112.203,29.005],[-112.278,28.769],[-112.355,28.773],[-112.514,28.848],[-112.531,28.894],[-112.47,29.168],[-112.424,29.204],[-112.285,29.24],[-112.203,29.005]]],[[[-118.243,28.942],[-118.285,28.904],[-118.4,29.112],[-118.401,29.163],[-118.368,29.188],[-118.312,29.183],[-118.312,29.131],[-118.266,29.086],[-118.247,29.043],[-118.243,28.942]]],[[[-86.714,21.239],[-86.696,21.191],[-86.714,21.197],[-86.753,21.279],[-86.739,21.28],[-86.714,21.239]]],[[[-91.684,18.677],[-91.796,18.654],[-91.816,18.676],[-91.589,18.778],[-91.537,18.76],[-91.654,18.711],[-91.684,18.677]]],[[[-109.805,24.151],[-109.827,24.148],[-109.878,24.201],[-109.9,24.331],[-109.89,24.345],[-109.794,24.183],[-109.805,24.151]]],[[[-114.694,31.706],[-114.727,31.701],[-114.789,31.747],[-114.785,31.79],[-114.709,31.757],[-114.688,31.724],[-114.694,31.706]]],[[[-111.1,26.021],[-111.094,25.974],[-111.135,25.999],[-111.204,25.85],[-111.225,25.836],[-111.183,26.041],[-111.139,26.07],[-111.091,26.076],[-111.1,26.021]]],[[[-111.699,24.394],[-111.712,24.346],[-112.013,24.533],[-111.941,24.551],[-111.857,24.538],[-111.699,24.394]]],[[[-112.057,24.546],[-112.077,24.535],[-112.163,24.65],[-112.175,24.73],[-112.21,24.763],[-112.297,24.79],[-112.222,24.951],[-112.159,25.286],[-112.132,25.224],[-112.198,24.885],[-112.195,24.841],[-112.13,24.73],[-112.126,24.654],[-112.067,24.584],[-112.057,24.546]]]]}},{"type":"Feature","properties":{"iso":"HN","name":"Honduras","us":false},"geometry":{"type":"MultiPolygon","coordinates":[[[[-83.158,14.993],[-83.415,15.008],[-83.537,14.977],[-83.59,14.908],[-83.635,14.876],[-83.674,14.884],[-83.867,14.794],[-83.972,14.771],[-84.066,14.786],[-84.093,14.771],[-84.114,14.731],[-84.151,14.72],[-84.239,14.748],[-84.264,14.739],[-84.267,14.698],[-84.292,14.687],[-84.34,14.706],[-84.394,14.692],[-84.454,14.644],[-84.538,14.633],[-84.646,14.661],[-84.73,14.713],[-84.789,14.79],[-84.86,14.81],[-84.985,14.752],[-85.037,14.686],[-85.049,14.645],[-85.037,14.608],[-85.059,14.583],[-85.117,14.571],[-85.161,14.525],[-85.192,14.447],[-85.198,14.386],[-85.179,14.343],[-85.208,14.312],[-85.284,14.292],[-85.374,14.224],[-85.477,14.109],[-85.58,14.028],[-85.682,13.983],[-85.731,13.932],[-85.734,13.859],[-85.787,13.844],[-85.984,13.966],[-86.04,14.05],[-86.089,14.037],[-86.151,13.995],[-86.332,13.77],[-86.377,13.756],[-86.61,13.775],[-86.734,13.763],[-86.759,13.746],[-86.764,13.635],[-86.711,13.313],[-86.729,13.284],[-86.874,13.267],[-86.918,13.224],[-86.933,13.118],[-86.959,13.054],[-87.009,13.008],[-87.059,12.991],[-87.337,12.979],[-87.333,13.085],[-87.413,13.127],[-87.498,13.275],[-87.489,13.353],[-87.602,13.386],[-87.708,13.36],[-87.814,13.399],[-87.737,13.451],[-87.732,13.483],[-87.782,13.521],[-87.715,13.813],[-87.731,13.841],[-87.802,13.89],[-87.991,13.88],[-88.039,13.905],[-88.08,13.961],[-88.151,13.987],[-88.276,13.943],[-88.449,13.851],[-88.483,13.854],[-88.513,13.979],[-88.708,14.032],[-88.747,14.072],[-88.846,14.125],[-88.868,14.164],[-89,14.253],[-89.057,14.329],[-89.121,14.37],[-89.17,14.36],[-89.363,14.416],[-89.287,14.53],[-89.172,14.607],[-89.162,14.669],[-89.222,14.866],[-89.17,15.04],[-89.143,15.072],[-88.961,15.152],[-88.228,15.729],[-88.131,15.701],[-87.875,15.879],[-87.702,15.911],[-87.618,15.91],[-87.487,15.79],[-87.377,15.826],[-87.286,15.834],[-86.907,15.762],[-86.757,15.794],[-86.481,15.801],[-86.357,15.783],[-86.181,15.885],[-86.069,15.906],[-85.936,15.953],[-85.954,16.002],[-85.986,16.024],[-85.784,16.003],[-85.484,15.9],[-85.164,15.918],[-85.048,15.974],[-84.974,15.99],[-84.646,15.884],[-84.56,15.802],[-84.492,15.794],[-84.426,15.829],[-84.49,15.847],[-84.52,15.873],[-84.261,15.823],[-83.775,15.437],[-83.765,15.405],[-83.973,15.52],[-84.083,15.511],[-84.111,15.492],[-84.095,15.401],[-84.048,15.398],[-84.013,15.414],[-83.927,15.394],[-83.802,15.289],[-83.76,15.22],[-83.716,15.219],[-83.672,15.261],[-83.59,15.266],[-83.536,15.219],[-83.498,15.222],[-83.551,15.294],[-83.676,15.365],[-83.646,15.368],[-83.369,15.24],[-83.291,15.079],[-83.158,14.993]]],[[[-86.42,16.378],[-86.58,16.3],[-86.63,16.302],[-86.557,16.362],[-86.438,16.414],[-86.338,16.439],[-86.256,16.428],[-86.42,16.378]]],[[[-85.871,16.462],[-85.947,16.404],[-85.961,16.43],[-85.924,16.483],[-85.878,16.514],[-85.834,16.511],[-85.871,16.462]]]]}},{"type":"Feature","properties":{"iso":"GT","name":"Guatemala","us":false},"geometry":{"type":"Polygon","coordinates":[[[-92.235,14.545],[-92.209,14.571],[-92.16,14.691],[-92.186,14.818],[-92.156,14.901],[-92.159,14.964],[-92.144,15.002],[-92.099,15.027],[-92.075,15.074],[-92.204,15.238],[-92.204,15.275],[-91.737,16.07],[-90.447,16.073],[-90.46,16.162],[-90.417,16.391],[-90.471,16.44],[-90.576,16.468],[-90.634,16.511],[-90.634,16.565],[-90.711,16.708],[-90.816,16.787],[-90.976,16.868],[-91.112,16.976],[-91.224,17.112],[-91.319,17.2],[-91.41,17.256],[-90.993,17.252],[-90.989,17.816],[-89.161,17.815],[-89.237,15.894],[-88.894,15.891],[-88.798,15.863],[-88.603,15.764],[-88.536,15.85],[-88.598,15.927],[-88.594,15.95],[-88.228,15.729],[-88.961,15.152],[-89.143,15.072],[-89.17,15.04],[-89.222,14.866],[-89.162,14.669],[-89.172,14.607],[-89.287,14.53],[-89.363,14.416],[-89.419,14.431],[-89.541,14.41],[-89.574,14.39],[-89.577,14.347],[-89.547,14.241],[-89.671,14.183],[-89.749,14.077],[-89.794,14.05],[-89.873,14.046],[-90.048,13.904],[-90.105,13.835],[-90.095,13.737],[-90.479,13.901],[-90.607,13.929],[-91.146,13.926],[-91.377,13.99],[-91.641,14.115],[-91.819,14.228],[-92.235,14.545]]]}},{"type":"Feature","properties":{"iso":"SV","name":"El Salvador","us":false},"geometry":{"type":"Polygon","coordinates":[[[-89.363,14.416],[-89.17,14.36],[-89.121,14.37],[-89.057,14.329],[-89,14.253],[-88.868,14.164],[-88.846,14.125],[-88.747,14.072],[-88.708,14.032],[-88.513,13.979],[-88.483,13.854],[-88.449,13.851],[-88.276,13.943],[-88.151,13.987],[-88.08,13.961],[-88.039,13.905],[-87.991,13.88],[-87.802,13.89],[-87.731,13.841],[-87.715,13.813],[-87.782,13.521],[-87.732,13.483],[-87.737,13.451],[-87.838,13.386],[-87.821,13.285],[-87.931,13.181],[-88.181,13.164],[-88.417,13.214],[-88.592,13.281],[-88.686,13.281],[-88.484,13.197],[-88.512,13.184],[-88.867,13.283],[-89.278,13.478],[-89.804,13.56],[-89.97,13.683],[-90.095,13.737],[-90.105,13.835],[-90.048,13.904],[-89.873,14.046],[-89.794,14.05],[-89.749,14.077],[-89.671,14.183],[-89.547,14.241],[-89.577,14.347],[-89.574,14.39],[-89.541,14.41],[-89.419,14.431],[-89.363,14.416]]]}},{"type":"Feature","properties":{"iso":"GL","name":"Greenland","us":false},"geometry":{"type":"MultiPolygon","coordinates":[[[[-29.953,83.565],[-28.992,83.505],[-28.484,83.435],[-27.034,83.377],[-25.947,83.29],[-25.795,83.261],[-25.912,83.238],[-26.183,83.221],[-30.092,83.157],[-31.534,83.089],[-31.993,83.085],[-32.033,82.983],[-31.516,82.992],[-30.386,83.094],[-29.964,83.11],[-29.175,83.102],[-28.151,83.064],[-27.739,83.077],[-27.002,83.067],[-26.141,83.096],[-25.123,83.16],[-24.845,83.019],[-24.47,82.877],[-24.174,82.893],[-23.92,82.885],[-23.834,82.839],[-23.695,82.819],[-23.407,82.83],[-22.525,82.789],[-21.692,82.683],[-21.521,82.595],[-21.616,82.548],[-21.994,82.463],[-22.473,82.385],[-23.118,82.325],[-23.862,82.287],[-29.579,82.161],[-29.773,82.131],[-29.887,82.055],[-29.811,81.955],[-29.544,81.94],[-28.919,81.996],[-27.84,82.049],[-27.046,82.046],[-25.149,82.001],[-24.589,81.883],[-24.293,81.701],[-23.637,81.742],[-23.496,81.773],[-23.393,81.827],[-23.18,81.989],[-22.94,82.031],[-22.563,82.053],[-21.338,82.069],[-21.167,81.984],[-21.13,81.934],[-21.118,81.87],[-21.147,81.695],[-21.231,81.601],[-21.504,81.438],[-21.724,81.348],[-22.573,81.098],[-23.072,80.927],[-23.196,80.847],[-23.204,80.789],[-23.118,80.778],[-22.973,80.833],[-22.826,80.913],[-22.089,81.02],[-21.45,81.178],[-20.89,81.276],[-20.016,81.564],[-19.63,81.64],[-19.225,81.64],[-19.153,81.512],[-18.457,81.498],[-17.456,81.398],[-17.226,81.43],[-16.937,81.544],[-16.637,81.626],[-16.359,81.729],[-16.121,81.777],[-15.451,81.837],[-15.227,81.822],[-14.242,81.814],[-13.704,81.789],[-12.434,81.683],[-12.193,81.649],[-11.426,81.481],[-11.431,81.457],[-11.529,81.424],[-12.231,81.309],[-12.461,81.233],[-13.126,81.088],[-13.451,81.038],[-14.452,80.993],[-14.49,80.973],[-14.308,80.913],[-14.229,80.87],[-14.24,80.832],[-14.504,80.763],[-15.194,80.721],[-15.543,80.65],[-16.319,80.65],[-16.761,80.573],[-16.588,80.511],[-15.937,80.428],[-15.933,80.395],[-16.489,80.252],[-17.011,80.19],[-17.191,80.204],[-18.071,80.172],[-18.693,80.207],[-19.206,80.262],[-19.429,80.258],[-19.867,80.145],[-20.04,80.079],[-20.15,80.011],[-20.197,79.938],[-20.181,79.858],[-20.138,79.803],[-20.069,79.774],[-19.839,79.746],[-19.518,79.755],[-19.392,79.75],[-19.353,79.734],[-19.284,79.683],[-19.296,79.635],[-19.399,79.488],[-19.431,79.398],[-19.414,79.349],[-19.152,79.325],[-19.011,79.251],[-18.971,79.211],[-18.992,79.178],[-19.262,79.123],[-19.723,79.065],[-19.77,79.047],[-19.832,78.959],[-19.887,78.911],[-20.05,78.842],[-20.396,78.829],[-20.616,78.804],[-21.134,78.659],[-21.141,78.643],[-20.947,78.596],[-20.956,78.555],[-21.195,78.38],[-21.26,78.293],[-21.312,78.174],[-21.397,78.074],[-21.516,77.992],[-21.748,77.791],[-21.73,77.709],[-21.579,77.651],[-21.38,77.698],[-21.132,77.847],[-20.863,77.912],[-20.319,77.862],[-19.49,77.719],[-19.297,77.621],[-19.296,77.585],[-19.524,77.572],[-19.953,77.666],[-20.162,77.69],[-20.681,77.619],[-20.464,77.447],[-20.232,77.368],[-19.809,77.332],[-19.3,77.222],[-19.131,77.233],[-18.903,77.28],[-18.586,77.283],[-18.443,77.259],[-18.339,77.215],[-18.292,77.133],[-18.303,77.012],[-18.337,76.921],[-18.51,76.778],[-18.606,76.763],[-18.74,76.768],[-18.981,76.814],[-19.509,76.861],[-19.865,76.914],[-20.064,76.928],[-20.487,76.921],[-20.942,76.887],[-20.96,76.843],[-21.615,76.688],[-21.749,76.69],[-22.185,76.794],[-22.334,76.794],[-22.555,76.729],[-22.609,76.704],[-22.607,76.681],[-22.379,76.612],[-21.877,76.573],[-21.758,76.401],[-21.569,76.294],[-21.488,76.272],[-21.185,76.268],[-20.887,76.304],[-20.564,76.24],[-20.104,76.219],[-19.863,76.121],[-19.958,75.997],[-19.807,75.897],[-19.509,75.758],[-19.48,75.645],[-19.4,75.494],[-19.366,75.386],[-19.375,75.298],[-19.426,75.23],[-19.526,75.18],[-19.676,75.149],[-19.798,75.157],[-19.893,75.205],[-20.199,75.308],[-20.485,75.314],[-20.906,75.157],[-21.247,75.133],[-21.409,75.065],[-21.649,75.023],[-21.861,75.04],[-22.233,75.12],[-21.904,75.004],[-21.695,74.964],[-21.457,74.998],[-21.141,75.069],[-20.986,75.074],[-20.928,75.053],[-20.861,74.993],[-20.786,74.892],[-20.795,74.806],[-20.89,74.735],[-21.038,74.67],[-21.038,74.654],[-20.862,74.636],[-20.611,74.728],[-20.417,74.975],[-20.214,75.019],[-19.985,74.975],[-19.8,74.852],[-19.538,74.625],[-19.427,74.601],[-19.287,74.546],[-19.225,74.479],[-19.272,74.343],[-19.369,74.284],[-19.646,74.258],[-20.256,74.283],[-20.231,74.205],[-20.653,74.137],[-21.129,74.111],[-21.581,74.163],[-21.955,74.244],[-21.832,74.357],[-21.762,74.483],[-21.943,74.566],[-21.983,74.567],[-21.92,74.439],[-21.973,74.39],[-22.322,74.303],[-22.334,74.286],[-22.264,74.272],[-22.217,74.246],[-22.196,74.206],[-22.22,74.166],[-22.329,74.091],[-22.335,74.063],[-22.135,73.99],[-21.988,73.971],[-21.298,73.962],[-21.022,73.941],[-20.367,73.848],[-20.338,73.82],[-20.449,73.653],[-20.51,73.493],[-20.637,73.464],[-21.326,73.457],[-21.548,73.432],[-22.185,73.27],[-22.347,73.269],[-22.987,73.346],[-23.233,73.398],[-23.761,73.543],[-24.158,73.764],[-24.451,73.629],[-24.677,73.602],[-24.905,73.653],[-25.351,73.814],[-25.521,73.852],[-25.528,73.841],[-25.427,73.794],[-24.909,73.58],[-24.778,73.54],[-24.791,73.511],[-25.026,73.486],[-25.311,73.431],[-25.45,73.391],[-25.665,73.293],[-26.062,73.253],[-26.169,73.259],[-26.407,73.313],[-26.977,73.38],[-27.27,73.436],[-27.169,73.374],[-26.604,73.279],[-26.542,73.249],[-26.729,73.171],[-27.265,73.176],[-27.562,73.138],[-27.483,73.089],[-27.413,73.068],[-27.348,73.068],[-27.19,73.132],[-26.753,73.121],[-26.433,73.171],[-26.029,73.199],[-25.399,73.276],[-25.268,73.362],[-25.057,73.396],[-24.587,73.423],[-24.133,73.409],[-23.899,73.398],[-23.71,73.317],[-23.244,73.193],[-22.996,73.172],[-22.852,73.084],[-22.45,72.986],[-22.194,72.965],[-22.036,72.918],[-22.007,72.635],[-22.075,72.399],[-22.28,72.345],[-22.239,72.22],[-22.293,72.12],[-22.498,72.158],[-22.707,72.224],[-23.208,72.327],[-23.674,72.393],[-23.856,72.452],[-24.069,72.499],[-24.359,72.687],[-24.63,73.038],[-24.789,73.044],[-24.992,73.013],[-25.171,72.98],[-25.256,72.924],[-25.861,72.847],[-26.08,72.794],[-26.206,72.796],[-26.658,72.716],[-26.392,72.673],[-26.209,72.694],[-25.688,72.797],[-25.357,72.81],[-24.985,72.889],[-24.813,72.902],[-24.771,72.869],[-24.65,72.583],[-24.701,72.506],[-25.204,72.393],[-25.118,72.347],[-24.844,72.39],[-24.667,72.437],[-24.572,72.42],[-24.417,72.348],[-23.587,72.14],[-23.291,72.081],[-22.869,71.971],[-22.497,71.914],[-22.37,71.77],[-21.96,71.745],[-22.013,71.689],[-22.503,71.5],[-22.48,71.383],[-22.418,71.249],[-22.299,71.432],[-21.961,71.508],[-21.752,71.478],[-21.698,71.337],[-21.671,71.206],[-21.69,71.092],[-21.667,70.916],[-21.675,70.856],[-21.625,70.805],[-21.574,70.59],[-21.523,70.526],[-21.626,70.469],[-21.944,70.443],[-22.069,70.472],[-22.384,70.462],[-22.401,70.612],[-22.422,70.649],[-22.437,70.86],[-22.526,70.808],[-22.61,70.493],[-22.691,70.437],[-23.328,70.451],[-23.792,70.555],[-23.971,70.649],[-24.13,70.791],[-24.229,70.923],[-24.266,71.046],[-24.377,71.146],[-24.562,71.224],[-25.255,71.396],[-25.446,71.471],[-25.656,71.53],[-25.885,71.572],[-26.211,71.59],[-26.689,71.583],[-27.011,71.631],[-27.087,71.627],[-27.162,71.602],[-27.107,71.533],[-26.737,71.501],[-26.074,71.498],[-25.843,71.48],[-25.758,71.44],[-25.699,71.368],[-25.668,71.265],[-25.742,71.184],[-26.014,71.093],[-26.158,71.05],[-26.718,70.95],[-27.336,70.953],[-27.889,71.002],[-28.303,71.007],[-28.398,70.993],[-28.292,70.949],[-27.992,70.895],[-27.979,70.84],[-28.07,70.699],[-28.146,70.656],[-28.53,70.548],[-29.072,70.445],[-28.541,70.477],[-28.015,70.402],[-27.596,70.407],[-26.747,70.476],[-26.622,70.463],[-26.508,70.397],[-26.577,70.357],[-27.073,70.281],[-27.328,70.217],[-27.561,70.124],[-27.629,70.028],[-27.384,69.992],[-27.274,70.038],[-27.144,70.141],[-27.028,70.201],[-26.752,70.242],[-26.416,70.221],[-26.156,70.246],[-25.53,70.353],[-24.749,70.295],[-24.041,70.181],[-23.667,70.139],[-23.173,70.115],[-22.284,70.126],[-22.207,70.108],[-22.287,70.033],[-22.435,69.986],[-23.088,69.883],[-23.015,69.805],[-23.05,69.793],[-23.237,69.791],[-23.553,69.741],[-23.866,69.737],[-23.764,69.681],[-23.709,69.627],[-23.739,69.589],[-23.944,69.558],[-24.297,69.586],[-24.252,69.562],[-24.227,69.527],[-24.221,69.479],[-24.296,69.439],[-24.867,69.293],[-25.189,69.261],[-25.08,69.192],[-25.092,69.165],[-25.272,69.092],[-25.544,69.046],[-25.581,69.021],[-25.626,68.928],[-25.698,68.89],[-26.139,68.781],[-26.341,68.702],[-26.483,68.676],[-26.815,68.654],[-27.081,68.602],[-27.851,68.494],[-28.126,68.479],[-29.25,68.299],[-29.426,68.289],[-29.869,68.312],[-30.051,68.272],[-30.196,68.199],[-30.318,68.193],[-30.72,68.251],[-30.712,68.225],[-30.606,68.162],[-30.611,68.118],[-30.979,68.061],[-31.168,68.08],[-31.419,68.128],[-31.742,68.23],[-32.137,68.385],[-32.327,68.437],[-32.314,68.388],[-32.27,68.339],[-32.195,68.292],[-32.18,68.257],[-32.224,68.236],[-32.367,68.213],[-32.156,68.063],[-32.165,67.991],[-32.37,67.883],[-32.449,67.871],[-32.918,67.701],[-33.108,67.658],[-33.349,67.443],[-33.504,67.377],[-33.518,67.354],[-33.498,67.318],[-33.528,67.258],[-34.102,66.726],[-34.198,66.655],[-34.269,66.625],[-34.423,66.63],[-34.476,66.592],[-34.576,66.471],[-34.633,66.435],[-35.189,66.25],[-35.291,66.269],[-35.412,66.262],[-35.662,66.344],[-35.867,66.441],[-35.862,66.406],[-35.756,66.324],[-35.63,66.14],[-35.818,66.059],[-36.044,65.987],[-36.379,65.831],[-36.399,65.93],[-36.389,65.96],[-36.527,66.008],[-36.537,65.941],[-36.665,65.79],[-36.715,65.795],[-36.822,65.771],[-36.932,65.783],[-37.063,65.871],[-37.233,65.788],[-37.316,65.79],[-37.33,65.72],[-37.41,65.656],[-37.516,65.629],[-37.664,65.631],[-37.754,65.593],[-37.955,65.634],[-38.001,65.71],[-37.797,65.857],[-37.827,65.91],[-37.788,65.978],[-37.484,66.195],[-37.279,66.304],[-37.291,66.324],[-37.814,66.385],[-38.052,66.398],[-38.157,66.386],[-37.989,66.323],[-37.752,66.262],[-37.969,66.141],[-38.073,65.973],[-38.14,65.904],[-38.52,66.01],[-38.443,65.922],[-38.216,65.838],[-38.202,65.811],[-38.203,65.712],[-38.637,65.624],[-40.174,65.556],[-40.192,65.523],[-39.578,65.341],[-39.653,65.288],[-39.763,65.255],[-39.937,65.142],[-40.028,65.103],[-40.253,65.049],[-40.668,65.109],[-40.881,65.082],[-41.084,65.101],[-41.089,65.035],[-41.028,64.988],[-40.966,64.869],[-40.829,64.878],[-40.655,64.915],[-40.521,64.825],[-40.433,64.673],[-40.278,64.596],[-40.21,64.536],[-40.182,64.48],[-40.278,64.424],[-40.478,64.344],[-40.699,64.33],[-40.686,64.267],[-40.782,64.222],[-40.985,64.235],[-41.178,64.281],[-41.581,64.298],[-41.031,64.121],[-40.966,64.154],[-40.826,64.163],[-40.618,64.132],[-40.652,63.928],[-40.55,63.725],[-40.772,63.626],[-40.775,63.534],[-40.907,63.508],[-41.049,63.514],[-41.056,63.412],[-41.152,63.349],[-41.108,63.274],[-41.275,63.131],[-41.388,63.062],[-41.844,63.07],[-42.02,63.16],[-42.175,63.209],[-42.143,63.151],[-42.094,63.117],[-41.932,63.052],[-41.634,62.972],[-41.644,62.916],[-41.723,62.891],[-41.909,62.737],[-41.975,62.734],[-42.058,62.694],[-42.424,62.723],[-42.942,62.72],[-42.855,62.677],[-42.674,62.638],[-42.467,62.598],[-42.153,62.568],[-42.164,62.512],[-42.243,62.466],[-42.198,62.397],[-42.321,62.153],[-42.236,62.059],[-42.143,62.014],[-42.154,61.953],[-42.11,61.857],[-42.25,61.771],[-42.53,61.755],[-42.585,61.717],[-42.324,61.682],[-42.347,61.617],[-42.419,61.537],[-42.646,61.064],[-42.717,60.767],[-43.044,60.524],[-43.189,60.507],[-43.348,60.52],[-43.598,60.576],[-43.923,60.595],[-43.94,60.567],[-43.831,60.522],[-43.296,60.445],[-43.213,60.391],[-43.156,60.333],[-43.165,60.263],[-43.123,60.061],[-43.32,59.928],[-43.617,59.937],[-43.955,60.025],[-43.937,59.994],[-43.658,59.859],[-43.79,59.846],[-43.907,59.815],[-44.117,59.832],[-44.105,59.878],[-44.065,59.925],[-44.269,59.893],[-44.384,59.899],[-44.413,59.923],[-44.453,60.015],[-44.231,60.18],[-44.176,60.244],[-44.224,60.274],[-44.348,60.205],[-44.533,60.029],[-44.613,60.017],[-44.812,60.05],[-45.379,60.203],[-45.362,60.296],[-45.368,60.373],[-45.202,60.383],[-44.975,60.457],[-44.854,60.532],[-44.742,60.655],[-44.757,60.665],[-45.083,60.507],[-45.283,60.455],[-45.381,60.445],[-45.59,60.519],[-45.934,60.579],[-46.047,60.616],[-46.142,60.777],[-46.019,60.972],[-45.934,61.028],[-45.88,61.094],[-45.849,61.181],[-45.87,61.218],[-45.942,61.206],[-45.976,61.176],[-45.97,61.129],[-46.012,61.097],[-46.582,60.962],[-46.874,60.816],[-47.125,60.811],[-47.224,60.783],[-47.37,60.8],[-47.465,60.843],[-47.796,60.829],[-47.73,60.729],[-47.828,60.725],[-48.014,60.722],[-48.181,60.769],[-48.242,60.807],[-48.205,60.856],[-47.77,60.998],[-47.859,61.016],[-48.146,60.999],[-48.194,61.013],[-48.386,61.005],[-48.378,61.138],[-48.428,61.187],[-48.495,61.225],[-48.597,61.247],[-48.922,61.277],[-48.987,61.429],[-49.049,61.524],[-49.205,61.549],[-49.289,61.59],[-49.222,61.632],[-49.193,61.686],[-49.265,61.71],[-49.311,61.748],[-49.304,61.772],[-49.363,61.839],[-49.38,61.89],[-49.313,61.939],[-49.13,61.993],[-49.04,62.039],[-48.829,62.08],[-49.12,62.113],[-49.202,62.099],[-49.349,62.01],[-49.624,61.999],[-49.664,62.017],[-49.683,62.093],[-49.668,62.151],[-49.553,62.233],[-49.943,62.324],[-50.319,62.473],[-50.259,62.578],[-50.256,62.68],[-50.299,62.722],[-50.076,62.904],[-49.793,63.045],[-50.092,62.977],[-50.338,62.829],[-50.39,62.822],[-50.502,62.945],[-50.804,63.091],[-51.013,63.258],[-51.188,63.436],[-51.469,63.642],[-51.538,63.758],[-51.451,63.905],[-51.548,64.006],[-50.898,64.106],[-50.699,64.149],[-50.342,64.17],[-50.261,64.214],[-50.487,64.209],[-50.492,64.229],[-50.437,64.313],[-50.721,64.223],[-51.072,64.159],[-51.542,64.097],[-51.585,64.103],[-51.682,64.165],[-51.708,64.205],[-51.534,64.314],[-51.404,64.463],[-51.232,64.561],[-51.11,64.573],[-50.835,64.559],[-50.858,64.617],[-50.849,64.645],[-50.684,64.678],[-50.492,64.693],[-50.355,64.683],[-50.269,64.615],[-50.158,64.49],[-50.009,64.447],[-50.016,64.507],[-50.093,64.585],[-50.122,64.704],[-50.299,64.779],[-50.517,64.767],[-50.648,64.853],[-50.678,64.885],[-50.681,64.928],[-50.812,65.052],[-50.924,65.197],[-50.961,65.201],[-50.914,65.097],[-50.852,65.024],[-50.722,64.798],[-50.78,64.746],[-50.891,64.695],[-50.989,64.665],[-51.221,64.628],[-51.139,64.786],[-51.255,64.758],[-51.364,64.702],[-51.401,64.623],[-51.677,64.377],[-51.758,64.28],[-51.835,64.232],[-51.923,64.219],[-51.999,64.257],[-52.093,64.416],[-52.089,64.682],[-52.259,65.155],[-52.448,65.205],[-52.538,65.329],[-52.18,65.442],[-51.971,65.531],[-51.619,65.713],[-51.09,65.751],[-51.092,65.776],[-51.394,65.779],[-51.723,65.723],[-52.035,65.569],[-52.348,65.461],[-52.551,65.461],[-52.761,65.591],[-52.995,65.566],[-53.153,65.575],[-53.199,65.594],[-53.234,65.771],[-53.106,65.977],[-53.244,65.979],[-53.392,66.048],[-53.357,66.073],[-53.018,66.171],[-52.511,66.362],[-52.056,66.507],[-51.891,66.623],[-51.517,66.732],[-51.259,66.841],[-51.225,66.882],[-51.281,66.891],[-51.823,66.698],[-53.036,66.201],[-53.539,66.139],[-53.615,66.154],[-53.648,66.274],[-53.623,66.344],[-53.635,66.414],[-53.571,66.513],[-53.476,66.584],[-53.419,66.649],[-53.115,66.754],[-53.038,66.827],[-52.491,66.85],[-52.387,66.881],[-52.56,66.909],[-53.444,66.925],[-53.687,66.986],[-53.884,67.136],[-53.805,67.327],[-53.799,67.418],[-53.224,67.585],[-52.97,67.687],[-52.666,67.75],[-52.512,67.761],[-52.384,67.752],[-51.909,67.664],[-51.665,67.646],[-51.451,67.668],[-51.181,67.637],[-50.705,67.509],[-50.613,67.528],[-50.64,67.559],[-51.171,67.694],[-51.168,67.734],[-51.032,67.744],[-50.887,67.784],[-50.969,67.807],[-51.321,67.787],[-51.423,67.754],[-51.765,67.738],[-52.104,67.779],[-52.345,67.837],[-52.98,67.758],[-53.419,67.575],[-53.604,67.536],[-53.735,67.549],[-53.616,67.715],[-53.616,67.767],[-53.578,67.837],[-53.353,67.971],[-53.211,68.117],[-53.152,68.208],[-53.041,68.218],[-52.89,68.205],[-52.436,68.146],[-52.058,68.075],[-51.597,68.055],[-51.518,68.077],[-51.456,68.116],[-51.415,68.198],[-51.207,68.326],[-51.169,68.385],[-51.21,68.42],[-51.456,68.394],[-51.478,68.384],[-51.475,68.365],[-51.632,68.273],[-52.199,68.221],[-52.379,68.219],[-52.698,68.262],[-52.747,68.278],[-52.78,68.31],[-53.383,68.297],[-53.337,68.352],[-53.213,68.413],[-53.039,68.611],[-52.894,68.662],[-52.605,68.709],[-52.303,68.701],[-51.781,68.548],[-51.623,68.535],[-51.133,68.598],[-50.946,68.683],[-50.801,68.791],[-50.808,68.817],[-51.03,68.756],[-51.249,68.74],[-51.156,68.938],[-51.12,69.091],[-51.085,69.128],[-50.792,69.117],[-50.393,69.137],[-50.297,69.171],[-50.299,69.185],[-50.459,69.206],[-50.537,69.248],[-50.851,69.206],[-51.077,69.209],[-51.058,69.275],[-50.892,69.412],[-50.811,69.599],[-50.804,69.663],[-50.72,69.725],[-50.349,69.796],[-50.343,69.825],[-50.5,69.936],[-50.46,69.966],[-50.292,70.014],[-50.323,70.027],[-50.436,70.039],[-50.802,70.003],[-51.106,70.057],[-51.19,70.052],[-51.419,69.989],[-51.499,69.987],[-52.255,70.059],[-52.765,70.234],[-53.023,70.302],[-53.358,70.353],[-54.014,70.422],[-54.343,70.571],[-54.501,70.657],[-54.531,70.699],[-54.344,70.789],[-54.166,70.82],[-53.859,70.81],[-53.513,70.767],[-53.091,70.769],[-52.802,70.751],[-52.405,70.687],[-51.524,70.439],[-50.947,70.364],[-50.682,70.397],[-50.663,70.418],[-50.728,70.438],[-50.933,70.454],[-51.323,70.589],[-51.34,70.688],[-51.32,70.743],[-51.283,70.768],[-51.257,70.853],[-51.396,70.903],[-51.753,70.992],[-51.774,71.01],[-51.528,71.014],[-51.13,70.972],[-51.03,70.986],[-51.019,71.001],[-51.377,71.119],[-52.061,71.122],[-52.535,71.2],[-52.775,71.174],[-53.008,71.18],[-53.117,71.313],[-53.088,71.353],[-53.002,71.37],[-52.892,71.458],[-52.749,71.502],[-51.967,71.599],[-51.77,71.672],[-51.779,71.683],[-52.196,71.63],[-52.656,71.672],[-53.168,71.536],[-53.284,71.54],[-53.44,71.579],[-53.476,71.64],[-53.25,71.71],[-53.139,71.775],[-53.145,71.807],[-53.334,71.79],[-53.358,71.82],[-53.374,71.936],[-53.42,72],[-53.693,72.16],[-53.81,72.293],[-53.776,72.326],[-53.652,72.363],[-53.901,72.342],[-53.928,72.319],[-53.847,72.24],[-53.793,72.134],[-53.514,71.976],[-53.462,71.894],[-53.478,71.85],[-53.715,71.758],[-53.78,71.679],[-53.894,71.642],[-54.02,71.658],[-53.912,71.526],[-53.963,71.459],[-54.099,71.419],[-54.173,71.417],[-54.318,71.384],[-54.689,71.367],[-55.336,71.427],[-55.594,71.554],[-55.668,71.627],[-55.669,71.692],[-55.63,71.739],[-55.549,71.768],[-55.452,71.958],[-55.316,72.111],[-54.971,72.268],[-54.84,72.356],[-54.841,72.379],[-54.896,72.394],[-55.32,72.2],[-55.581,72.179],[-55.659,72.223],[-55.636,72.3],[-55.589,72.319],[-55.378,72.311],[-55.296,72.354],[-55.428,72.42],[-55.602,72.453],[-55.457,72.503],[-55.122,72.5],[-54.925,72.572],[-54.79,72.642],[-54.74,72.7],[-54.729,72.75],[-54.758,72.791],[-54.761,72.832],[-54.738,72.873],[-54.773,72.918],[-54.866,72.967],[-55.073,73.015],[-55.134,72.961],[-55.198,72.938],[-55.289,72.933],[-55.669,73.008],[-55.691,73.054],[-55.693,73.113],[-55.452,73.162],[-55.359,73.203],[-55.297,73.262],[-55.288,73.327],[-55.332,73.397],[-55.446,73.46],[-55.739,73.384],[-55.787,73.46],[-55.876,73.505],[-56.104,73.558],[-56.109,73.591],[-55.968,73.76],[-55.838,73.76],[-55.872,73.833],[-55.929,73.895],[-55.997,73.931],[-56.014,73.964],[-56.225,74.129],[-56.298,74.163],[-56.493,74.182],[-56.954,74.131],[-57.231,74.125],[-56.937,74.195],[-56.706,74.219],[-56.639,74.278],[-56.664,74.33],[-56.654,74.378],[-56.718,74.429],[-56.656,74.458],[-56.35,74.49],[-56.255,74.527],[-56.522,74.614],[-56.871,74.695],[-56.986,74.787],[-57.191,74.894],[-57.365,74.945],[-57.813,75.04],[-57.967,75.105],[-58.109,75.205],[-58.253,75.279],[-58.566,75.353],[-58.603,75.385],[-58.281,75.472],[-58.25,75.507],[-58.381,75.612],[-58.516,75.689],[-59.082,75.765],[-59.445,75.859],[-61.188,76.158],[-61.375,76.18],[-61.621,76.186],[-62.097,76.242],[-62.496,76.26],[-62.743,76.252],[-62.823,76.262],[-63.006,76.319],[-63.291,76.352],[-63.439,76.339],[-63.843,76.217],[-63.96,76.209],[-64.223,76.303],[-64.307,76.317],[-64.912,76.173],[-65.313,76.146],[-65.37,76.131],[-65.574,76.144],[-65.785,76.215],[-65.954,76.242],[-66.134,76.22],[-66.466,76.139],[-66.66,76.166],[-66.874,76.218],[-67.079,76.195],[-67.055,76.152],[-66.675,75.977],[-66.826,75.969],[-68.317,76.091],[-69.373,76.332],[-69.461,76.372],[-69.484,76.399],[-69.4,76.436],[-68.865,76.561],[-68.245,76.617],[-68.114,76.651],[-68.223,76.678],[-68.767,76.668],[-69.252,76.686],[-69.674,76.736],[-69.819,76.783],[-69.888,76.827],[-69.872,76.877],[-69.694,76.989],[-70.441,76.807],[-70.613,76.822],[-70.793,76.869],[-70.771,76.917],[-70.735,76.929],[-71.015,76.985],[-71.141,77.029],[-71.155,77.074],[-71.055,77.121],[-70.863,77.175],[-70.604,77.194],[-69.657,77.229],[-68.978,77.195],[-68.747,77.307],[-68.592,77.343],[-68.136,77.38],[-67.434,77.385],[-66.938,77.364],[-66.389,77.28],[-66.371,77.298],[-66.448,77.35],[-66.453,77.393],[-66.266,77.515],[-66.306,77.565],[-66.445,77.616],[-66.691,77.681],[-66.824,77.687],[-67.147,77.635],[-67.515,77.543],[-67.688,77.524],[-68.137,77.53],[-68.622,77.602],[-68.728,77.581],[-68.975,77.493],[-69.2,77.463],[-69.351,77.467],[-69.977,77.548],[-70.118,77.583],[-70.126,77.638],[-70.318,77.69],[-70.535,77.7],[-70.562,77.717],[-70.287,77.798],[-70.081,77.831],[-70.114,77.841],[-70.412,77.843],[-70.614,77.8],[-70.729,77.793],[-70.994,77.792],[-71.272,77.813],[-71.65,77.9],[-72.159,77.957],[-72.792,78.155],[-72.818,78.194],[-72.581,78.279],[-72.571,78.299],[-72.715,78.362],[-72.68,78.4],[-72.473,78.482],[-71.651,78.623],[-71.395,78.643],[-70.906,78.638],[-70.414,78.725],[-69.974,78.778],[-68.993,78.857],[-68.93,78.867],[-68.924,78.882],[-69.031,78.943],[-68.377,79.038],[-67.708,79.08],[-67.355,79.123],[-66.584,79.138],[-66.075,79.118],[-65.826,79.174],[-65.42,79.34],[-65.288,79.437],[-65.117,79.589],[-64.989,79.737],[-64.839,79.969],[-64.792,80.001],[-64.466,80.072],[-64.179,80.099],[-64.327,80.134],[-64.44,80.142],[-64.982,80.082],[-65.395,80.078],[-65.81,80.024],[-66.448,80.08],[-66.844,80.076],[-66.959,80.092],[-67.141,80.166],[-67.201,80.222],[-67.193,80.28],[-66.996,80.413],[-66.61,80.53],[-66.136,80.625],[-65.645,80.685],[-65.062,80.836],[-64.694,80.966],[-64.516,81],[-63.892,81.056],[-63.722,81.057],[-63.442,81.014],[-63.059,80.886],[-63.029,80.89],[-63.095,80.938],[-63.235,81.083],[-63.212,81.143],[-62.993,81.207],[-62.903,81.218],[-62.299,81.194],[-61.636,81.116],[-61.436,81.134],[-61.162,81.281],[-61.1,81.396],[-61.131,81.532],[-61.176,81.632],[-61.236,81.695],[-61.203,81.747],[-60.843,81.855],[-60.432,81.92],[-59.902,81.933],[-59.282,81.884],[-58.957,81.825],[-58.43,81.69],[-58.08,81.622],[-57.79,81.592],[-57.505,81.54],[-56.862,81.383],[-56.615,81.363],[-56.658,81.394],[-56.86,81.46],[-57.853,81.662],[-58.817,81.92],[-59.268,81.982],[-59.262,82.007],[-58.717,82.093],[-57.717,82.168],[-56.589,82.227],[-56.212,82.221],[-55.549,82.246],[-55.486,82.283],[-55.344,82.3],[-54.726,82.351],[-54.549,82.351],[-53.987,82.279],[-53.671,82.164],[-53.582,82.062],[-53.596,81.738],[-53.591,81.677],[-53.556,81.653],[-53.145,81.8],[-53.041,81.871],[-52.926,82.038],[-53.102,82.119],[-53.111,82.251],[-53.023,82.322],[-52.776,82.322],[-51.754,82.078],[-51.352,82.026],[-50.894,81.895],[-50.36,81.909],[-49.867,81.893],[-49.649,81.898],[-49.541,81.918],[-49.694,81.972],[-50.395,82.121],[-50.713,82.237],[-50.936,82.383],[-50.99,82.46],[-50.82,82.474],[-50.037,82.472],[-48.861,82.405],[-47.357,82.174],[-46.617,82.097],[-45.291,81.829],[-44.729,81.78],[-44.532,81.849],[-44.527,81.897],[-44.591,81.957],[-44.628,82.026],[-44.637,82.104],[-44.547,82.26],[-44.333,82.311],[-44.239,82.368],[-44.327,82.472],[-44.577,82.543],[-45.552,82.725],[-45.557,82.747],[-45.067,82.785],[-42.651,82.741],[-42.233,82.725],[-41.876,82.68],[-41.357,82.705],[-41.37,82.75],[-41.434,82.779],[-44.239,82.857],[-44.762,82.884],[-46.137,82.859],[-46.478,82.952],[-46.169,83.064],[-45.909,83.061],[-45.415,83.018],[-45.122,83.079],[-44.657,83.129],[-44.197,83.147],[-43.009,83.265],[-42.26,83.232],[-42.055,83.205],[-41.82,83.148],[-41.3,83.101],[-40.689,83.275],[-40.357,83.332],[-39.886,83.299],[-39.316,83.204],[-38.931,83.175],[-38.278,82.999],[-38.156,82.999],[-38.037,83.046],[-38.015,83.095],[-37.935,83.161],[-37.993,83.185],[-38.54,83.258],[-38.748,83.333],[-38.75,83.371],[-38.541,83.415],[-38.188,83.402],[-38.071,83.412],[-37.828,83.486],[-37.723,83.498],[-36.804,83.466],[-36.69,83.48],[-36.644,83.529],[-36.606,83.537],[-35.452,83.539],[-34.668,83.571],[-34.132,83.529],[-33.837,83.53],[-33.398,83.577],[-32.984,83.6],[-30.703,83.593],[-29.953,83.565]]],[[[-52.731,69.945],[-52.398,69.863],[-52.045,69.807],[-52.011,69.782],[-51.977,69.722],[-52.007,69.686],[-51.908,69.637],[-51.9,69.605],[-52.113,69.489],[-52.77,69.364],[-53.578,69.257],[-53.754,69.26],[-54.051,69.337],[-54.183,69.404],[-54.158,69.428],[-53.89,69.437],[-53.658,69.465],[-53.783,69.506],[-53.825,69.54],[-53.921,69.534],[-54.133,69.565],[-54.497,69.577],[-54.734,69.611],[-54.804,69.631],[-54.919,69.714],[-54.841,69.902],[-54.788,69.95],[-54.665,69.966],[-54.363,69.924],[-54.323,69.942],[-54.652,70.011],[-54.774,70.053],[-54.809,70.085],[-54.831,70.133],[-54.816,70.189],[-54.706,70.256],[-54.372,70.317],[-54.007,70.296],[-53.297,70.205],[-53.103,70.141],[-52.731,69.945]]],[[[-51.014,69.552],[-51.17,69.517],[-51.234,69.552],[-51.339,69.732],[-51.319,69.804],[-51.35,69.855],[-51.209,69.914],[-51.095,69.924],[-50.94,69.909],[-50.679,69.849],[-50.754,69.798],[-50.912,69.757],[-50.967,69.664],[-50.97,69.583],[-51.014,69.552]]],[[[-53.535,71.041],[-53.629,71.034],[-53.898,71.085],[-53.958,71.128],[-53.947,71.156],[-53.701,71.283],[-53.584,71.297],[-53.441,71.186],[-53.432,71.153],[-53.455,71.083],[-53.535,71.041]]],[[[-55.017,72.791],[-55.524,72.568],[-55.567,72.564],[-55.687,72.61],[-55.781,72.617],[-55.827,72.652],[-55.869,72.662],[-56.141,72.668],[-56.215,72.719],[-55.994,72.782],[-55.666,72.794],[-55.516,72.781],[-55.235,72.825],[-55.206,72.842],[-55.033,72.821],[-55.017,72.791]]],[[[-71.667,77.325],[-72.024,77.316],[-72.374,77.355],[-72.495,77.386],[-72.49,77.432],[-72.436,77.448],[-72.089,77.467],[-71.433,77.394],[-71.467,77.354],[-71.667,77.325]]],[[[-44.865,82.084],[-45.067,82.066],[-45.491,82.172],[-46.161,82.278],[-46.752,82.348],[-47.308,82.533],[-47.351,82.599],[-47.272,82.657],[-46.787,82.666],[-46.399,82.692],[-45.411,82.578],[-44.917,82.481],[-44.75,82.401],[-44.776,82.242],[-44.865,82.084]]],[[[-25.432,70.921],[-25.394,70.835],[-25.421,70.795],[-25.468,70.78],[-25.38,70.741],[-25.346,70.693],[-25.402,70.653],[-25.911,70.573],[-26.218,70.454],[-26.274,70.454],[-26.339,70.511],[-26.605,70.553],[-27.105,70.531],[-27.898,70.454],[-28.003,70.467],[-28.035,70.487],[-28.037,70.514],[-27.94,70.615],[-27.805,70.642],[-27.714,70.713],[-27.744,70.79],[-27.709,70.897],[-27.617,70.914],[-27.387,70.876],[-27.239,70.868],[-26.622,70.876],[-26.337,70.919],[-25.819,71.044],[-25.727,71.042],[-25.612,70.976],[-25.458,70.943],[-25.432,70.921]]],[[[-18.665,81.846],[-18.768,81.814],[-19.031,81.827],[-19.594,81.991],[-19.611,82.078],[-19.495,82.117],[-19.315,82.123],[-19.067,82.049],[-18.813,81.949],[-18.665,81.846]]],[[[-17.612,79.826],[-18.036,79.711],[-18.662,79.72],[-19.032,79.773],[-19.138,79.852],[-18.997,79.94],[-18.547,80.011],[-17.983,80.055],[-17.471,80.029],[-17.401,79.94],[-17.612,79.826]]],[[[-18.997,77.974],[-19.129,77.939],[-19.218,78.044],[-19.297,78.185],[-19.315,78.344],[-19.112,78.424],[-19.006,78.441],[-18.935,78.424],[-18.953,78.353],[-18.953,78.212],[-18.882,78.115],[-18.997,77.974]]],[[[-18.583,76.042],[-18.697,76.016],[-19.085,76.43],[-19.085,76.58],[-19.059,76.695],[-18.882,76.704],[-18.733,76.642],[-18.662,76.404],[-18.583,76.042]]],[[[-18.001,75.407],[-17.921,75.302],[-17.886,75.204],[-17.762,75.143],[-17.498,75.152],[-17.392,75.037],[-17.586,74.993],[-18.353,75.01],[-18.671,75.002],[-18.891,75.072],[-18.856,75.319],[-18.636,75.39],[-18.45,75.328],[-18.001,75.407]]],[[[-17.954,77.642],[-18.148,77.642],[-18.22,77.668],[-18.174,77.714],[-17.904,77.863],[-17.814,77.875],[-17.681,77.859],[-17.641,77.782],[-17.729,77.706],[-17.954,77.642]]],[[[-37.031,65.532],[-37.187,65.531],[-37.238,65.61],[-37.223,65.695],[-37.048,65.722],[-36.953,65.663],[-36.987,65.576],[-37.031,65.532]]],[[[-46.267,60.781],[-46.382,60.66],[-46.496,60.687],[-46.553,60.741],[-46.666,60.766],[-46.788,60.758],[-46.79,60.78],[-46.394,60.909],[-46.205,60.944],[-46.267,60.781]]],[[[-51.675,70.855],[-52.119,70.871],[-52.144,70.882],[-52.148,70.904],[-52.107,70.968],[-51.97,70.976],[-51.631,70.892],[-51.607,70.869],[-51.675,70.855]]]]}},{"type":"Feature","properties":{"iso":"CU","name":"Cuba","us":false},"geometry":{"type":"MultiPolygon","coordinates":[[[[-81.837,23.163],[-81.575,23.117],[-81.364,23.13],[-81.262,23.157],[-81.272,23.129],[-81.179,23.06],[-81.145,23.055],[-81.008,23.09],[-80.65,23.103],[-80.55,23.017],[-80.365,22.943],[-80.075,22.942],[-79.96,22.877],[-79.924,22.869],[-79.82,22.887],[-79.851,22.827],[-79.677,22.743],[-79.549,22.578],[-79.276,22.408],[-79.183,22.388],[-78.902,22.396],[-78.719,22.358],[-78.686,22.367],[-78.143,22.109],[-77.865,21.901],[-77.637,21.797],[-77.545,21.775],[-77.497,21.788],[-77.583,21.889],[-77.497,21.872],[-77.3,21.712],[-77.144,21.644],[-77.181,21.598],[-77.366,21.613],[-77.27,21.538],[-77.253,21.483],[-77.208,21.479],[-77.099,21.589],[-76.836,21.4],[-76.867,21.33],[-76.765,21.362],[-76.726,21.359],[-76.689,21.34],[-76.647,21.285],[-76.455,21.274],[-76.259,21.227],[-76.074,21.133],[-75.723,21.111],[-75.634,21.061],[-75.596,20.995],[-75.663,20.898],[-75.597,20.838],[-75.74,20.812],[-75.76,20.776],[-75.753,20.736],[-75.725,20.715],[-75.643,20.733],[-75.338,20.702],[-75.213,20.714],[-74.883,20.651],[-74.732,20.573],[-74.513,20.385],[-74.384,20.33],[-74.273,20.317],[-74.234,20.326],[-74.167,20.292],[-74.137,20.232],[-74.154,20.169],[-74.253,20.08],[-74.635,20.058],[-74.85,20.002],[-75.003,19.929],[-75.116,19.901],[-75.122,19.954],[-75.152,20.008],[-75.177,19.959],[-75.219,19.924],[-75.29,19.893],[-75.552,19.891],[-75.765,19.96],[-76.158,19.99],[-76.78,19.94],[-76.999,19.893],[-77.212,19.894],[-77.463,19.861],[-77.715,19.855],[-77.554,20.082],[-77.213,20.3],[-77.149,20.347],[-77.104,20.408],[-77.093,20.453],[-77.108,20.492],[-77.189,20.56],[-77.23,20.644],[-77.467,20.69],[-77.997,20.715],[-78.116,20.762],[-78.314,20.927],[-78.406,20.974],[-78.491,21.054],[-78.537,21.297],[-78.577,21.414],[-78.636,21.516],[-78.728,21.593],[-78.823,21.619],[-79.189,21.553],[-79.357,21.585],[-79.91,21.743],[-80.231,21.872],[-80.311,21.933],[-80.485,22.123],[-80.499,22.064],[-80.962,22.053],[-81.036,22.074],[-81.117,22.134],[-81.141,22.207],[-81.185,22.268],[-81.222,22.143],[-81.284,22.109],[-81.355,22.104],[-81.441,22.184],[-81.816,22.2],[-81.849,22.214],[-81.973,22.291],[-82.078,22.388],[-81.757,22.467],[-81.71,22.497],[-81.683,22.535],[-81.703,22.592],[-81.746,22.633],[-81.839,22.672],[-82.738,22.689],[-82.861,22.595],[-83.009,22.514],[-83.144,22.386],[-83.292,22.303],[-83.38,22.223],[-83.486,22.187],[-83.544,22.209],[-83.602,22.209],[-83.687,22.18],[-83.901,22.17],[-83.933,22.15],[-83.998,21.98],[-84.031,21.943],[-84.241,21.898],[-84.503,21.776],[-84.491,21.854],[-84.501,21.93],[-84.627,21.92],[-84.838,21.828],[-84.887,21.857],[-84.877,21.894],[-84.533,22.031],[-84.373,22.036],[-84.326,22.074],[-84.383,22.256],[-84.361,22.379],[-84.281,22.474],[-84.122,22.619],[-84.045,22.666],[-83.258,22.968],[-82.666,23.044],[-82.351,23.154],[-82.101,23.19],[-81.837,23.163]]],[[[-77.669,21.952],[-77.71,21.921],[-77.755,21.966],[-77.823,21.988],[-77.9,22.037],[-77.919,22.088],[-77.774,22.083],[-77.634,22.054],[-77.669,21.952]]],[[[-78.027,22.285],[-78.048,22.269],[-78.102,22.306],[-78.18,22.322],[-78.226,22.38],[-78.27,22.402],[-78.274,22.424],[-78.151,22.431],[-78.094,22.387],[-78.062,22.306],[-78.027,22.285]]],[[[-78.63,22.552],[-78.493,22.531],[-78.4,22.547],[-78.351,22.539],[-78.284,22.455],[-78.39,22.445],[-78.425,22.46],[-78.548,22.464],[-78.674,22.509],[-78.696,22.534],[-78.63,22.552]]],[[[-77.879,22.128],[-77.912,22.125],[-78.012,22.166],[-78.042,22.201],[-78.007,22.248],[-77.999,22.299],[-77.986,22.302],[-77.97,22.241],[-77.894,22.215],[-77.842,22.149],[-77.879,22.128]]],[[[-82.562,21.572],[-82.655,21.519],[-82.853,21.444],[-82.96,21.441],[-83.067,21.469],[-83.142,21.532],[-83.184,21.593],[-83.18,21.623],[-83.055,21.549],[-82.974,21.592],[-83.083,21.791],[-83.078,21.833],[-82.991,21.943],[-82.756,21.91],[-82.715,21.89],[-82.682,21.821],[-82.629,21.767],[-82.568,21.622],[-82.562,21.572]]],[[[-79.35,22.664],[-79.348,22.638],[-79.523,22.711],[-79.628,22.805],[-79.579,22.807],[-79.35,22.664]]]]}},{"type":"Feature","properties":{"iso":"CA","name":"Canada","us":false},"geometry":{"type":"MultiPolygon","coordinates":[[[[-132.656,54.127],[-132.564,54.069],[-132.344,54.106],[-132.303,54.099],[-132.262,54.076],[-132.166,53.955],[-132.155,53.875],[-132.175,53.847],[-132.215,53.815],[-132.565,53.688],[-132.567,53.664],[-132.535,53.652],[-132.187,53.685],[-132.152,53.807],[-132.114,53.86],[-132.134,54.034],[-131.941,54.042],[-131.82,54.077],[-131.696,54.143],[-131.668,54.141],[-131.703,53.986],[-131.821,53.842],[-131.889,53.714],[-131.922,53.588],[-131.928,53.379],[-131.957,53.309],[-132.011,53.265],[-132.347,53.189],[-132.52,53.194],[-132.748,53.31],[-132.693,53.368],[-132.425,53.337],[-132.67,53.459],[-132.845,53.508],[-132.898,53.563],[-132.913,53.629],[-133.052,53.778],[-133.098,53.92],[-133.098,54.006],[-133.064,54.144],[-133.048,54.159],[-132.656,54.127]]],[[[-131.754,53.196],[-131.652,53.103],[-131.622,53.02],[-131.635,52.922],[-131.795,52.885],[-131.88,52.915],[-131.972,52.88],[-131.904,52.867],[-131.727,52.756],[-131.611,52.745],[-131.455,52.702],[-131.573,52.623],[-131.591,52.578],[-131.444,52.453],[-131.43,52.422],[-131.26,52.416],[-131.26,52.39],[-131.327,52.318],[-131.32,52.303],[-131.143,52.291],[-131.116,52.219],[-131.222,52.154],[-131.422,52.238],[-131.511,52.322],[-131.562,52.4],[-131.81,52.542],[-132.092,52.753],[-132.165,52.783],[-132.239,52.867],[-132.258,52.934],[-132.145,52.957],[-132.144,52.999],[-132.469,53.072],[-132.505,53.087],[-132.547,53.138],[-132.345,53.136],[-132.154,53.16],[-132.036,53.179],[-131.893,53.231],[-131.754,53.196]]],[[[-127.197,50.64],[-126.701,50.516],[-126.204,50.454],[-125.839,50.381],[-125.615,50.359],[-125.482,50.317],[-125.233,50.012],[-124.935,49.732],[-124.905,49.685],[-124.932,49.67],[-124.931,49.643],[-124.831,49.53],[-124.643,49.429],[-124.186,49.301],[-123.996,49.224],[-123.82,49.083],[-123.752,48.951],[-123.627,48.824],[-123.497,48.582],[-123.473,48.602],[-123.458,48.674],[-123.415,48.698],[-123.284,48.455],[-123.311,48.411],[-123.335,48.406],[-123.446,48.427],[-123.573,48.323],[-124.115,48.436],[-124.689,48.597],[-125.017,48.711],[-125.121,48.761],[-125.136,48.822],[-124.85,49.028],[-124.8,49.142],[-124.813,49.213],[-124.868,49.079],[-124.927,49.014],[-125.168,48.991],[-125.363,48.998],[-125.46,48.941],[-125.489,48.934],[-125.543,48.953],[-125.66,49.029],[-125.829,49.092],[-125.702,49.139],[-125.644,49.186],[-125.728,49.2],[-125.835,49.277],[-125.952,49.248],[-125.984,49.288],[-125.935,49.401],[-126.02,49.368],[-126.1,49.421],[-126.169,49.415],[-126.244,49.443],[-126.27,49.432],[-126.28,49.392],[-126.304,49.382],[-126.419,49.449],[-126.445,49.451],[-126.5,49.4],[-126.549,49.419],[-126.564,49.543],[-126.542,49.59],[-126.443,49.619],[-126.158,49.65],[-126.134,49.672],[-126.348,49.661],[-126.403,49.678],[-126.463,49.72],[-126.525,49.72],[-126.593,49.764],[-126.683,49.876],[-126.903,49.944],[-126.977,49.883],[-127.114,49.88],[-127.196,49.949],[-127.208,49.992],[-127.18,50.073],[-127.216,50.121],[-127.25,50.138],[-127.268,50.129],[-127.29,50.071],[-127.349,50.052],[-127.467,50.163],[-127.675,50.163],[-127.77,50.121],[-127.864,50.128],[-127.873,50.15],[-127.828,50.211],[-127.839,50.293],[-127.851,50.314],[-127.947,50.326],[-127.963,50.346],[-127.906,50.445],[-127.832,50.471],[-127.641,50.479],[-127.578,50.465],[-127.487,50.405],[-127.529,50.537],[-127.466,50.583],[-127.751,50.607],[-127.731,50.536],[-127.865,50.499],[-128.058,50.498],[-128.136,50.521],[-128.267,50.609],[-128.35,50.697],[-128.346,50.744],[-128.301,50.794],[-128.242,50.828],[-128.101,50.858],[-127.918,50.861],[-127.713,50.821],[-127.197,50.64]]],[[[-130.025,55.888],[-130.023,56.015],[-130.098,56.109],[-130.215,56.083],[-130.413,56.123],[-130.477,56.231],[-130.649,56.264],[-130.742,56.341],[-131.083,56.405],[-131.575,56.599],[-131.824,56.59],[-131.833,56.685],[-131.886,56.742],[-131.866,56.793],[-132.104,56.857],[-132.032,57.027],[-132.338,57.079],[-132.232,57.199],[-133.12,58.078],[-133.423,58.337],[-133.401,58.411],[-133.821,58.705],[-134.219,58.85],[-134.297,58.898],[-134.441,59.085],[-134.622,59.155],[-134.677,59.199],[-134.802,59.25],[-134.944,59.288],[-135.071,59.441],[-135.037,59.551],[-135.051,59.579],[-135.476,59.793],[-135.935,59.663],[-136.322,59.605],[-136.247,59.533],[-136.278,59.48],[-136.348,59.456],[-136.466,59.459],[-136.467,59.28],[-136.579,59.152],[-136.813,59.15],[-137.278,58.988],[-137.439,58.903],[-137.521,58.915],[-137.484,58.991],[-137.593,59.226],[-138.632,59.778],[-138.705,59.901],[-139.043,59.993],[-139.185,60.084],[-139.079,60.279],[-139.079,60.344],[-139.676,60.328],[-139.973,60.183],[-140.453,60.3],[-140.525,60.218],[-141.002,60.3],[-141.002,69.651],[-140.405,69.602],[-139.977,69.622],[-139.182,69.516],[-138.69,69.317],[-138.291,69.219],[-138.128,69.152],[-137.869,69.093],[-137.26,68.964],[-137.07,68.951],[-136.717,68.889],[-136.499,68.897],[-136.122,68.882],[-135.867,68.833],[-135.362,68.696],[-135.259,68.684],[-135.231,68.694],[-135.435,68.842],[-135.638,68.892],[-135.895,68.927],[-135.939,68.974],[-135.925,68.993],[-135.59,69.008],[-135.576,69.027],[-135.743,69.049],[-135.91,69.111],[-135.691,69.311],[-135.615,69.291],[-135.5,69.337],[-135.293,69.308],[-135.255,69.324],[-135.23,69.425],[-135.141,69.468],[-134.853,69.486],[-134.494,69.468],[-134.457,69.478],[-134.495,69.572],[-134.451,69.665],[-134.409,69.682],[-134.242,69.669],[-134.077,69.558],[-133.9,69.528],[-133.88,69.508],[-133.947,69.429],[-134.165,69.281],[-134.174,69.253],[-133.694,69.368],[-133.163,69.434],[-133.028,69.508],[-132.915,69.63],[-132.84,69.651],[-132.527,69.643],[-132.404,69.659],[-132.413,69.674],[-132.479,69.693],[-132.568,69.698],[-132.538,69.727],[-132.488,69.738],[-132.334,69.752],[-132.232,69.708],[-132.163,69.705],[-131.934,69.753],[-131.582,69.882],[-131.441,69.918],[-131.319,69.924],[-131.216,69.901],[-131.136,69.907],[-130.926,70.052],[-130.665,70.127],[-130.498,70.143],[-130.175,70.086],[-129.945,70.091],[-129.73,70.192],[-129.676,70.193],[-129.538,70.105],[-129.538,70.074],[-129.648,69.998],[-130.459,69.78],[-130.832,69.651],[-131.938,69.535],[-131.989,69.518],[-132.129,69.402],[-132.331,69.308],[-132.481,69.273],[-132.687,69.26],[-132.817,69.206],[-133.089,69.029],[-133.379,68.887],[-133.418,68.844],[-133.348,68.77],[-133.197,68.74],[-133.138,68.747],[-133.337,68.835],[-133.304,68.847],[-132.706,68.815],[-132.578,68.848],[-132.533,68.876],[-132.542,68.89],[-132.704,68.896],[-132.739,68.922],[-132.77,69.012],[-132.719,69.079],[-132.545,69.141],[-132.358,69.167],[-131.92,69.291],[-131.787,69.371],[-131.781,69.389],[-131.82,69.402],[-131.788,69.432],[-131.563,69.461],[-131.343,69.435],[-131.303,69.415],[-131.325,69.361],[-131.294,69.364],[-131.162,69.455],[-131.063,69.451],[-131.013,69.429],[-130.986,69.363],[-130.971,69.209],[-130.875,69.32],[-130.661,69.481],[-130.516,69.57],[-130.354,69.656],[-130.118,69.72],[-129.572,69.827],[-129.109,69.882],[-128.899,69.966],[-128.884,69.963],[-128.939,69.875],[-129.138,69.833],[-129.158,69.8],[-129.136,69.75],[-129.102,69.717],[-129.054,69.701],[-128.853,69.751],[-128.387,69.96],[-128.279,70.108],[-128.096,70.161],[-127.765,70.222],[-127.684,70.26],[-127.974,70.293],[-128.044,70.329],[-127.989,70.363],[-128.17,70.418],[-128.168,70.48],[-128.127,70.524],[-128.04,70.566],[-127.991,70.574],[-127.753,70.517],[-127.226,70.296],[-126.927,70.062],[-126.759,69.853],[-126.685,69.777],[-126.612,69.73],[-126.25,69.545],[-126.064,69.467],[-125.728,69.38],[-125.525,69.352],[-125.387,69.349],[-125.172,69.428],[-125.167,69.48],[-125.262,69.566],[-125.357,69.626],[-125.346,69.662],[-125.219,69.732],[-125.228,69.757],[-125.201,69.829],[-125.08,69.818],[-124.968,69.894],[-124.768,69.99],[-124.99,70.027],[-124.745,70.08],[-124.706,70.117],[-124.555,70.151],[-124.444,70.111],[-124.472,69.919],[-124.407,69.767],[-124.349,69.735],[-124.125,69.69],[-124.138,69.653],[-124.398,69.494],[-124.481,69.425],[-124.472,69.4],[-124.426,69.379],[-124.338,69.365],[-124.112,69.359],[-124.05,69.373],[-123.528,69.389],[-123.46,69.42],[-123.361,69.497],[-123.249,69.52],[-123.214,69.542],[-123.144,69.632],[-123.11,69.738],[-123.077,69.782],[-123.026,69.81],[-122.07,69.816],[-121.742,69.798],[-121.336,69.742],[-120.962,69.66],[-120.293,69.421],[-120.14,69.381],[-119.853,69.342],[-118.869,69.257],[-118.745,69.234],[-118.486,69.145],[-118.095,69.043],[-117.227,68.913],[-117.026,68.916],[-116.425,68.881],[-116.059,68.837],[-116.065,68.855],[-116.252,68.958],[-116.243,68.974],[-115.936,68.958],[-115.883,68.987],[-115.806,68.987],[-115.442,68.941],[-114.994,68.85],[-114.62,68.746],[-114.414,68.66],[-114.218,68.552],[-114.111,68.477],[-114.092,68.435],[-113.964,68.399],[-114.021,68.306],[-114.096,68.267],[-114.275,68.248],[-114.765,68.27],[-114.852,68.195],[-115.127,68.132],[-115.187,68.084],[-115.167,68.019],[-115.427,67.924],[-115.434,67.902],[-115.133,67.819],[-115.011,67.806],[-114.857,67.814],[-114.267,67.731],[-113.893,67.707],[-112.503,67.682],[-112.237,67.731],[-111.576,67.757],[-111.192,67.823],[-111.155,67.798],[-111.087,67.788],[-110.99,67.791],[-110.372,67.954],[-110.216,67.954],[-110.074,67.993],[-109.937,67.888],[-109.831,67.866],[-109.686,67.752],[-109.63,67.733],[-109.224,67.73],[-109.081,67.711],[-109.038,67.691],[-108.994,67.637],[-108.95,67.494],[-108.891,67.438],[-108.852,67.422],[-108.815,67.438],[-108.715,67.583],[-108.68,67.606],[-108.613,67.598],[-108.492,67.483],[-108.347,67.403],[-107.989,67.256],[-107.909,67.163],[-107.929,67.127],[-107.991,67.095],[-108.221,67.051],[-108.344,67.058],[-108.496,67.092],[-108.218,66.941],[-108.101,66.86],[-107.761,66.684],[-107.48,66.492],[-107.374,66.435],[-107.259,66.399],[-107.71,66.74],[-107.74,66.814],[-107.746,66.961],[-107.725,66.984],[-107.626,67.003],[-107.499,66.936],[-107.451,66.927],[-107.402,66.948],[-107.2,66.883],[-107.156,66.882],[-107.348,67.055],[-107.283,67.103],[-107.482,67.199],[-107.567,67.273],[-107.644,67.385],[-107.65,67.511],[-107.954,67.7],[-107.972,67.732],[-107.958,67.819],[-107.763,67.907],[-107.729,67.959],[-107.798,68.037],[-107.509,68.059],[-107.446,68.05],[-107.125,68.108],[-106.923,68.114],[-106.791,68.145],[-106.711,68.207],[-106.668,68.216],[-106.424,68.201],[-106.429,68.288],[-106.404,68.319],[-106.271,68.383],[-106.132,68.39],[-105.933,68.443],[-105.781,68.527],[-105.75,68.592],[-105.774,68.611],[-105.932,68.637],[-106.458,68.516],[-106.543,68.461],[-106.567,68.389],[-106.608,68.357],[-106.854,68.387],[-107.043,68.347],[-107.146,68.304],[-107.298,68.296],[-107.619,68.331],[-107.742,68.286],[-107.734,68.252],[-107.678,68.203],[-107.734,68.174],[-108.323,68.154],[-108.718,68.297],[-108.641,68.379],[-108.346,68.598],[-107.436,68.689],[-106.831,68.809],[-106.164,68.92],[-105.798,68.865],[-105.686,68.828],[-105.606,68.782],[-105.54,68.719],[-105.457,68.578],[-105.429,68.458],[-105.377,68.414],[-105.101,68.298],[-105.044,68.288],[-104.96,68.311],[-104.937,68.303],[-104.912,68.25],[-104.77,68.252],[-104.653,68.23],[-104.636,68.214],[-104.661,68.149],[-104.487,68.063],[-104.194,68.031],[-103.902,68.041],[-103.657,68.069],[-103.474,68.115],[-103.022,67.94],[-102.842,67.853],[-102.692,67.812],[-102.389,67.762],[-102.32,67.736],[-102.21,67.733],[-102.057,67.753],[-101.884,67.745],[-101.555,67.693],[-100.856,67.799],[-100.616,67.808],[-100.456,67.839],[-100.213,67.839],[-99.773,67.815],[-99.032,67.719],[-98.812,67.744],[-98.697,67.78],[-98.412,67.807],[-98.417,67.826],[-98.468,67.856],[-98.704,67.966],[-98.722,68],[-98.72,68.042],[-98.69,68.066],[-98.632,68.073],[-98.415,67.988],[-98.063,67.77],[-97.931,67.711],[-97.607,67.631],[-97.455,67.617],[-97.194,67.697],[-97.155,67.726],[-97.14,67.796],[-97.207,67.855],[-97.547,67.961],[-97.739,67.978],[-97.913,67.954],[-98.11,67.903],[-98.193,67.923],[-98.438,68.065],[-98.5,68.118],[-98.5,68.132],[-98.386,68.115],[-98.381,68.132],[-98.449,68.201],[-98.633,68.331],[-98.65,68.364],[-98.469,68.382],[-98.219,68.317],[-97.794,68.388],[-97.911,68.45],[-97.939,68.51],[-97.925,68.524],[-97.829,68.533],[-97.64,68.482],[-97.548,68.475],[-97.41,68.497],[-97.266,68.453],[-97.136,68.378],[-96.977,68.255],[-96.628,68.25],[-96.431,68.311],[-96.48,68.243],[-96.725,68.061],[-96.722,68.039],[-96.531,68.063],[-96.494,68.085],[-96.439,68.151],[-95.97,68.249],[-96.036,68.158],[-96.171,67.832],[-96.199,67.718],[-96.371,67.554],[-96.369,67.51],[-96.185,67.376],[-96.169,67.289],[-96.141,67.272],[-96.013,67.271],[-95.72,67.317],[-95.695,67.299],[-95.778,67.185],[-95.557,67.215],[-95.416,67.156],[-95.405,67.116],[-95.419,67.013],[-95.502,66.98],[-95.769,66.967],[-96.02,67.019],[-96.095,66.994],[-96.216,66.998],[-96.35,67.07],[-96.423,67.052],[-96.36,66.989],[-95.885,66.741],[-95.813,66.69],[-95.797,66.617],[-95.743,66.69],[-95.772,66.726],[-96.016,66.87],[-96.045,66.923],[-96.037,66.938],[-95.972,66.952],[-95.625,66.916],[-95.49,66.924],[-95.4,66.949],[-95.354,66.981],[-95.321,67.152],[-95.259,67.263],[-95.296,67.361],[-95.463,67.61],[-95.634,67.704],[-95.65,67.737],[-95.461,68.021],[-95.384,68.056],[-95.235,68.06],[-95.126,68.083],[-94.861,68.042],[-94.744,68.071],[-94.384,68.227],[-94.098,68.399],[-93.928,68.474],[-93.652,68.543],[-93.449,68.619],[-93.644,68.633],[-93.676,68.686],[-93.66,68.784],[-93.681,68.887],[-93.766,68.97],[-93.852,69],[-93.896,68.982],[-93.938,68.889],[-93.992,68.821],[-94.065,68.785],[-94.478,68.743],[-94.587,68.776],[-94.6,68.803],[-94.563,68.912],[-94.084,69.123],[-94.081,69.136],[-94.222,69.136],[-94.255,69.151],[-94.285,69.242],[-94.255,69.314],[-94.156,69.342],[-93.619,69.417],[-93.613,69.403],[-93.801,69.281],[-93.82,69.253],[-93.749,69.226],[-93.567,69.297],[-93.431,69.375],[-93.537,69.382],[-93.543,69.406],[-93.522,69.451],[-93.532,69.481],[-93.65,69.519],[-94.015,69.447],[-94.271,69.455],[-94.419,69.517],[-94.634,69.65],[-94.713,69.649],[-94.789,69.585],[-94.823,69.578],[-95.292,69.667],[-95.588,69.756],[-95.965,69.803],[-96.119,69.872],[-96.269,69.992],[-96.492,70.125],[-96.551,70.21],[-96.546,70.327],[-96.298,70.511],[-96.123,70.561],[-95.879,70.549],[-95.98,70.593],[-95.988,70.617],[-95.886,70.694],[-96.186,70.638],[-96.258,70.642],[-96.359,70.679],[-96.549,70.809],[-96.551,70.89],[-96.47,71.07],[-96.525,71.127],[-96.421,71.176],[-96.447,71.24],[-96.271,71.339],[-96.062,71.414],[-95.924,71.393],[-95.725,71.328],[-95.633,71.319],[-95.564,71.337],[-95.406,71.492],[-95.445,71.505],[-95.773,71.514],[-95.83,71.526],[-95.872,71.573],[-95.616,71.685],[-95.512,71.777],[-95.201,71.904],[-94.887,71.963],[-94.611,71.987],[-94.557,71.979],[-94.491,71.916],[-94.479,71.849],[-94.308,71.765],[-93.81,71.766],[-93.746,71.743],[-93.782,71.674],[-93.763,71.638],[-93.256,71.461],[-93.031,71.336],[-92.949,71.262],[-92.89,71.122],[-92.883,71.069],[-92.904,70.916],[-92.922,70.887],[-92.981,70.852],[-92.783,70.798],[-92.642,70.719],[-92.356,70.634],[-92.214,70.493],[-92.049,70.39],[-92.037,70.367],[-92.073,70.319],[-92.047,70.303],[-91.984,70.286],[-91.82,70.342],[-91.761,70.326],[-91.654,70.233],[-91.564,70.178],[-91.572,70.162],[-91.616,70.148],[-91.859,70.133],[-92.121,70.17],[-92.29,70.24],[-92.321,70.235],[-92.512,70.104],[-92.446,70.083],[-92.127,70.085],[-91.977,70.039],[-92.285,69.892],[-92.888,69.668],[-92.803,69.651],[-92.493,69.683],[-92.312,69.673],[-92.231,69.653],[-92.258,69.634],[-92.209,69.603],[-91.912,69.531],[-91.724,69.546],[-91.532,69.615],[-91.384,69.649],[-91.202,69.645],[-91.151,69.637],[-91.44,69.526],[-91.288,69.543],[-90.95,69.515],[-90.667,69.516],[-90.555,69.504],[-90.416,69.457],[-90.684,69.428],[-90.795,69.347],[-90.822,69.29],[-90.892,69.267],[-91.005,69.277],[-91.049,69.293],[-91.025,69.315],[-91.058,69.318],[-91.218,69.302],[-91.237,69.286],[-90.745,69.106],[-90.587,68.947],[-90.479,68.881],[-90.468,68.864],[-90.539,68.82],[-90.543,68.786],[-90.51,68.689],[-90.574,68.475],[-90.528,68.432],[-90.423,68.395],[-90.317,68.33],[-90.248,68.267],[-90.205,68.257],[-90.174,68.27],[-90.116,68.339],[-90.005,68.398],[-89.898,68.491],[-89.879,68.522],[-89.897,68.594],[-89.884,68.626],[-89.783,68.736],[-89.72,68.932],[-89.667,69.015],[-89.352,69.227],[-89.28,69.255],[-89.198,69.269],[-89.057,69.266],[-88.815,69.136],[-88.638,69.059],[-88.316,68.954],[-88.041,68.812],[-87.964,68.709],[-87.866,68.478],[-87.828,68.448],[-87.81,68.404],[-87.828,68.3],[-87.893,68.248],[-87.991,68.242],[-88.111,68.251],[-88.146,68.266],[-88.209,68.335],[-88.235,68.339],[-88.347,68.288],[-88.361,68.26],[-88.32,68.166],[-88.325,67.989],[-88.314,67.95],[-88.196,67.766],[-87.997,67.626],[-87.499,67.355],[-87.418,67.214],[-87.359,67.177],[-87.266,67.184],[-86.924,67.356],[-86.813,67.402],[-86.682,67.422],[-86.561,67.482],[-86.536,67.516],[-86.476,67.713],[-86.398,67.8],[-85.953,68.072],[-85.789,68.328],[-85.731,68.445],[-85.723,68.515],[-85.745,68.578],[-85.734,68.63],[-85.69,68.671],[-85.491,68.774],[-85.425,68.774],[-85.275,68.741],[-84.868,68.773],[-84.867,68.79],[-85.107,68.844],[-85.083,68.908],[-85.008,68.949],[-84.916,68.962],[-84.862,69.074],[-85.114,69.166],[-85.275,69.172],[-85.387,69.232],[-85.432,69.354],[-85.402,69.427],[-85.437,69.488],[-85.44,69.52],[-85.416,69.548],[-85.43,69.581],[-85.502,69.652],[-85.448,69.748],[-85.446,69.778],[-85.535,69.835],[-85.507,69.845],[-85.415,69.85],[-85.177,69.805],[-85.02,69.805],[-84.645,69.85],[-84.319,69.844],[-83.665,69.7],[-82.618,69.691],[-82.374,69.642],[-82.39,69.601],[-82.496,69.532],[-82.755,69.494],[-82.642,69.458],[-82.31,69.41],[-82.208,69.297],[-82.247,69.265],[-82.228,69.249],[-81.952,69.276],[-81.732,69.258],[-81.378,69.186],[-81.322,69.139],[-81.329,69.12],[-81.611,69.003],[-81.952,68.909],[-81.958,68.884],[-81.687,68.879],[-81.381,68.85],[-81.264,68.781],[-81.252,68.743],[-81.282,68.657],[-81.527,68.556],[-81.915,68.459],[-82.006,68.463],[-82.106,68.499],[-82.21,68.506],[-82.397,68.478],[-82.499,68.479],[-82.549,68.469],[-82.553,68.446],[-82.413,68.357],[-82.393,68.338],[-82.431,68.307],[-82.423,68.297],[-82.222,68.145],[-82.151,68.14],[-82.078,68.18],[-82.012,68.194],[-82.102,68.019],[-82.1,67.99],[-82.063,67.928],[-81.869,67.802],[-81.412,67.595],[-81.294,67.497],[-81.27,67.46],[-81.301,67.357],[-81.468,67.07],[-81.63,67.002],[-81.926,66.975],[-82.198,66.765],[-82.261,66.739],[-82.375,66.709],[-82.642,66.588],[-82.949,66.551],[-83.298,66.392],[-83.406,66.371],[-83.523,66.369],[-83.59,66.388],[-83.651,66.485],[-83.998,66.729],[-84.208,66.736],[-84.324,66.782],[-84.366,66.811],[-84.361,66.823],[-84.273,66.839],[-84.538,66.973],[-84.693,67.017],[-84.846,67.029],[-85.04,66.956],[-85.114,66.907],[-85.111,66.891],[-85.018,66.872],[-84.857,66.941],[-84.738,66.934],[-84.639,66.902],[-84.59,66.857],[-84.319,66.712],[-84.223,66.682],[-84.094,66.526],[-83.826,66.29],[-83.798,66.238],[-83.869,66.214],[-84.293,66.292],[-84.398,66.259],[-84.478,66.179],[-84.628,66.208],[-85.096,66.325],[-85.307,66.44],[-85.442,66.537],[-85.604,66.568],[-85.792,66.533],[-86.063,66.52],[-86.708,66.523],[-86.737,66.511],[-86.689,66.457],[-86.747,66.417],[-86.685,66.36],[-86.585,66.322],[-86.113,66.225],[-86.001,66.187],[-85.964,66.154],[-85.959,66.119],[-86.043,66.023],[-86.702,65.671],[-87.081,65.441],[-87.194,65.383],[-87.291,65.355],[-87.453,65.339],[-87.97,65.349],[-88.121,65.395],[-88.395,65.516],[-88.672,65.612],[-88.744,65.679],[-88.946,65.703],[-89.088,65.739],[-89.42,65.861],[-89.749,65.936],[-89.944,65.934],[-89.848,65.872],[-89.89,65.869],[-90.117,65.882],[-90.316,65.926],[-90.513,65.921],[-91.01,65.966],[-91.305,65.965],[-91.427,65.948],[-91.041,65.83],[-91.074,65.886],[-91.065,65.9],[-90.983,65.919],[-90.597,65.885],[-89.924,65.78],[-89.788,65.737],[-89.6,65.648],[-89.242,65.446],[-88.974,65.348],[-88.198,65.28],[-87.392,65.261],[-87.108,65.225],[-87.028,65.198],[-87.003,65.109],[-87.029,65.064],[-87.281,64.826],[-87.885,64.4],[-87.998,64.244],[-88.106,64.183],[-88.653,64.009],[-88.818,63.992],[-89.06,64.034],[-89.201,64.114],[-89.209,64.105],[-89.108,63.981],[-89.132,63.969],[-89.404,64.04],[-89.501,64.015],[-89.616,64.031],[-89.764,64.1],[-89.792,64.168],[-89.811,64.181],[-90.042,64.141],[-90.08,64.128],[-89.954,64.081],[-89.856,63.957],[-89.922,63.944],[-90.168,63.979],[-90.06,63.877],[-90.013,63.804],[-90.155,63.69],[-90.245,63.642],[-90.369,63.624],[-90.533,63.665],[-90.596,63.661],[-90.635,63.624],[-90.707,63.597],[-90.812,63.581],[-91.108,63.618],[-91.539,63.726],[-91.926,63.757],[-91.956,63.772],[-91.954,63.787],[-91.919,63.801],[-91.929,63.812],[-91.982,63.822],[-92.095,63.784],[-92.338,63.788],[-92.97,63.938],[-93.43,64.029],[-93.696,64.147],[-93.597,64.041],[-93.605,64.004],[-93.656,63.973],[-93.664,63.941],[-93.56,63.865],[-93.416,63.838],[-93.27,63.841],[-93.266,63.853],[-93.38,63.9],[-93.406,63.941],[-93.379,63.948],[-92.157,63.692],[-92.205,63.657],[-92.461,63.569],[-92.465,63.555],[-92.29,63.563],[-92.077,63.64],[-91.842,63.698],[-91.686,63.66],[-91.489,63.562],[-91.33,63.507],[-90.97,63.443],[-90.747,63.352],[-90.711,63.304],[-90.691,63.111],[-90.699,63.064],[-90.778,62.972],[-90.871,62.946],[-91.115,62.922],[-91.349,62.819],[-91.449,62.804],[-91.87,62.835],[-92.034,62.863],[-92.11,62.862],[-92.196,62.829],[-92.361,62.819],[-92.388,62.801],[-92.378,62.772],[-92.305,62.712],[-92.149,62.665],[-91.956,62.645],[-91.936,62.592],[-92.008,62.541],[-92.27,62.587],[-92.324,62.565],[-92.497,62.565],[-92.551,62.547],[-92.562,62.503],[-92.595,62.47],[-92.768,62.38],[-92.766,62.35],[-92.701,62.328],[-92.627,62.279],[-92.544,62.202],[-92.528,62.168],[-92.579,62.177],[-92.735,62.26],[-92.866,62.306],[-93.154,62.367],[-93.205,62.365],[-92.988,62.286],[-92.914,62.245],[-92.906,62.215],[-93.066,62.15],[-93.07,62.128],[-93.016,62.093],[-93.073,62.061],[-93.167,62.034],[-93.35,62.03],[-93.366,62.015],[-93.273,61.961],[-93.333,61.933],[-93.582,61.942],[-93.494,61.847],[-93.43,61.812],[-93.314,61.78],[-93.312,61.767],[-93.421,61.706],[-93.71,61.603],[-93.913,61.481],[-93.941,61.444],[-93.889,61.344],[-93.942,61.308],[-94.061,61.318],[-94.083,61.304],[-94.055,61.266],[-94.05,61.211],[-94.068,61.139],[-94.154,61.025],[-94.427,60.731],[-94.509,60.605],[-94.569,60.542],[-94.679,60.538],[-94.762,60.498],[-94.671,60.453],[-94.647,60.416],[-94.67,60.301],[-94.786,59.953],[-94.777,59.478],[-94.788,59.268],[-94.82,59.151],[-94.87,59.088],[-94.957,59.069],[-94.847,59.05],[-94.776,59.021],[-94.713,58.903],[-94.673,58.87],[-94.579,58.868],[-94.419,58.746],[-94.287,58.716],[-94.281,58.659],[-94.332,58.297],[-94.272,58.378],[-94.209,58.626],[-94.123,58.737],[-94.056,58.76],[-93.78,58.773],[-93.486,58.744],[-93.278,58.756],[-93.179,58.726],[-93.155,58.695],[-93.1,58.49],[-92.842,58.076],[-92.702,57.778],[-92.49,57.469],[-92.433,57.32],[-92.44,57.275],[-92.478,57.205],[-92.614,57.039],[-92.738,56.953],[-92.802,56.928],[-92.725,56.934],[-92.456,57.037],[-92.303,57.046],[-92.298,57.023],[-92.372,56.975],[-92.356,56.971],[-92.018,57.064],[-91.111,57.241],[-90.897,57.257],[-90.592,57.224],[-90.075,57.052],[-89.791,56.981],[-88.948,56.851],[-88.826,56.814],[-88.447,56.609],[-88.075,56.467],[-87.878,56.342],[-87.561,56.056],[-87.482,56.021],[-86.919,55.915],[-86.377,55.773],[-85.984,55.696],[-85.677,55.601],[-85.559,55.54],[-85.407,55.431],[-85.218,55.349],[-85.212,55.297],[-85.365,55.079],[-85.214,55.224],[-85.061,55.286],[-84.518,55.259],[-83.911,55.315],[-83.668,55.265],[-83.214,55.215],[-82.986,55.231],[-82.947,55.222],[-82.868,55.161],[-82.687,55.166],[-82.577,55.149],[-82.393,55.068],[-82.308,54.998],[-82.227,54.856],[-82.219,54.813],[-82.418,54.356],[-82.424,54.245],[-82.394,54.18],[-82.24,54.045],[-82.141,53.818],[-82.191,53.611],[-82.146,53.365],[-82.159,53.264],[-82.26,53.16],[-82.292,53.031],[-82.26,52.961],[-82.02,52.812],[-81.859,52.651],[-81.599,52.433],[-81.572,52.367],[-81.612,52.324],[-81.828,52.224],[-81.55,52.237],[-81.466,52.204],[-81.398,52.142],[-81.285,52.089],[-81.127,52.045],[-80.969,51.972],[-80.658,51.758],[-80.496,51.525],[-80.448,51.432],[-80.443,51.389],[-80.496,51.345],[-80.673,51.265],[-80.851,51.125],[-80.795,51.132],[-80.478,51.307],[-80.368,51.33],[-80.104,51.283],[-79.96,51.235],[-79.836,51.173],[-79.652,51.008],[-79.456,50.876],[-79.348,50.763],[-79.381,50.835],[-79.453,50.917],[-79.714,51.118],[-79.737,51.186],[-79.689,51.347],[-79.643,51.414],[-79.547,51.494],[-79.498,51.57],[-79.339,51.628],[-79.297,51.623],[-79.264,51.552],[-79.153,51.526],[-79.041,51.464],[-78.984,51.386],[-78.903,51.2],[-78.898,51.272],[-78.858,51.384],[-78.827,51.43],[-78.731,51.497],[-78.736,51.527],[-78.776,51.566],[-78.978,51.734],[-78.982,51.775],[-78.928,51.799],[-78.891,51.845],[-78.871,51.913],[-78.828,51.963],[-78.702,52.033],[-78.537,52.213],[-78.492,52.252],[-78.448,52.261],[-78.526,52.311],[-78.529,52.399],[-78.557,52.492],[-78.744,52.655],[-78.766,52.76],[-78.754,52.812],[-78.722,52.856],[-78.74,52.899],[-78.854,52.976],[-78.898,53.043],[-78.992,53.41],[-79.043,53.56],[-79.1,53.657],[-79.113,53.717],[-79.081,53.742],[-79.04,53.818],[-79.003,53.837],[-78.946,53.832],[-79.032,53.881],[-79.075,53.932],[-79.073,53.951],[-78.996,54.002],[-79.067,54.052],[-79.242,54.099],[-79.179,54.117],[-79.139,54.157],[-79.296,54.217],[-79.356,54.263],[-79.476,54.395],[-79.521,54.492],[-79.598,54.602],[-79.632,54.629],[-79.714,54.655],[-79.712,54.672],[-79.666,54.697],[-78.909,54.881],[-78.475,55.011],[-78.304,55.069],[-77.775,55.291],[-77.165,55.664],[-77.073,55.756],[-76.762,55.996],[-76.65,56.107],[-76.604,56.2],[-76.546,56.359],[-76.53,56.5],[-76.526,56.892],[-76.573,57.181],[-76.655,57.381],[-76.81,57.658],[-76.891,57.758],[-77.157,58.019],[-77.552,58.24],[-78.014,58.399],[-78.352,58.581],[-78.463,58.602],[-78.506,58.649],[-78.515,58.682],[-78.502,58.769],[-78.483,58.829],[-78.431,58.902],[-78.244,59.035],[-78.068,59.2],[-77.843,59.305],[-77.761,59.38],[-77.779,59.41],[-77.845,59.444],[-77.859,59.476],[-77.733,59.581],[-77.748,59.658],[-77.726,59.676],[-77.59,59.681],[-77.397,59.569],[-77.349,59.579],[-77.411,59.61],[-77.485,59.685],[-77.475,59.716],[-77.332,59.797],[-77.328,59.833],[-77.368,59.884],[-77.373,59.925],[-77.289,60.022],[-77.312,60.042],[-77.547,60.061],[-77.586,60.088],[-77.453,60.146],[-77.649,60.363],[-77.681,60.427],[-77.598,60.507],[-77.504,60.543],[-77.516,60.563],[-77.715,60.578],[-77.791,60.64],[-77.661,60.79],[-77.59,60.809],[-77.603,60.825],[-77.872,60.786],[-77.998,60.818],[-78.181,60.819],[-78.16,60.852],[-77.83,61.084],[-77.765,61.158],[-77.727,61.231],[-77.75,61.393],[-77.736,61.437],[-77.514,61.556],[-77.698,61.626],[-77.89,61.729],[-78.021,61.832],[-78.077,61.923],[-78.137,62.107],[-78.147,62.209],[-78.133,62.282],[-78.068,62.355],[-77.9,62.427],[-77.604,62.531],[-77.372,62.573],[-76.879,62.525],[-75.817,62.316],[-75.676,62.25],[-75.809,62.193],[-75.79,62.18],[-75.489,62.286],[-75.341,62.312],[-75.023,62.264],[-74.633,62.116],[-74.613,62.125],[-74.69,62.183],[-74.646,62.211],[-74.205,62.321],[-73.878,62.434],[-73.705,62.473],[-73.299,62.325],[-72.882,62.125],[-72.687,62.125],[-72.646,62.077],[-72.632,62.027],[-72.666,61.955],[-72.772,61.84],[-72.727,61.839],[-72.506,61.923],[-72.361,61.888],[-72.226,61.832],[-72.081,61.728],[-72.04,61.68],[-72.082,61.641],[-72.247,61.602],[-72.216,61.587],[-72.023,61.612],[-71.964,61.636],[-71.922,61.677],[-71.866,61.689],[-71.638,61.617],[-71.605,61.592],[-71.619,61.573],[-71.756,61.527],[-71.841,61.466],[-71.854,61.44],[-71.794,61.421],[-71.645,61.413],[-71.646,61.399],[-71.732,61.372],[-71.743,61.337],[-71.552,61.213],[-71.423,61.159],[-71.175,61.147],[-70.723,61.055],[-70.541,61.042],[-70.279,61.069],[-70.158,61.021],[-70.146,60.922],[-70.095,60.88],[-69.992,60.856],[-69.909,60.86],[-69.8,60.907],[-69.708,60.915],[-69.624,61.05],[-69.557,61.06],[-69.472,61.011],[-69.414,60.922],[-69.398,60.883],[-69.405,60.847],[-69.433,60.814],[-69.574,60.743],[-69.64,60.69],[-69.721,60.567],[-69.751,60.487],[-69.759,60.44],[-69.741,60.332],[-69.633,60.22],[-69.629,60.199],[-69.63,60.122],[-69.674,60.076],[-69.796,60.03],[-69.963,60.018],[-70.655,60.026],[-70.62,59.984],[-69.806,59.945],[-69.734,59.918],[-69.63,59.822],[-69.579,59.675],[-69.692,59.488],[-69.711,59.393],[-69.682,59.342],[-69.4,59.338],[-69.344,59.303],[-69.35,59.277],[-69.45,59.18],[-69.46,59.152],[-69.414,59.087],[-69.475,59],[-69.532,58.869],[-69.648,58.821],[-69.677,58.831],[-69.753,58.94],[-69.784,58.956],[-69.829,58.929],[-69.842,58.881],[-69.868,58.856],[-69.979,58.816],[-70.16,58.789],[-70.154,58.761],[-69.79,58.689],[-69.651,58.728],[-69.382,58.851],[-69.271,58.884],[-68.698,58.905],[-68.475,58.823],[-68.381,58.744],[-68.326,58.595],[-68.253,58.557],[-68.229,58.485],[-68.234,58.399],[-68.357,58.163],[-68.468,58.076],[-68.597,58.037],[-68.945,57.969],[-69.035,57.926],[-69.041,57.902],[-68.781,57.976],[-68.495,58.012],[-68.414,58.052],[-68.352,58.091],[-68.289,58.178],[-68.176,58.403],[-68.111,58.473],[-68.021,58.485],[-67.981,58.461],[-67.888,58.329],[-67.888,58.296],[-68.064,58.139],[-68.009,58.152],[-67.856,58.273],[-67.823,58.31],[-67.805,58.365],[-67.756,58.405],[-67.737,58.385],[-67.69,58.244],[-67.681,58.107],[-67.698,58.009],[-67.678,57.991],[-67.596,58.186],[-67.57,58.213],[-67.382,58.3],[-67.019,58.433],[-66.722,58.491],[-66.608,58.549],[-66.48,58.731],[-66.362,58.791],[-66.299,58.795],[-66.237,58.772],[-66.091,58.659],[-66.03,58.567],[-66.017,58.431],[-66.002,58.431],[-65.931,58.535],[-65.923,58.572],[-65.95,58.65],[-66.049,58.788],[-66.043,58.821],[-65.855,58.847],[-65.836,58.86],[-65.918,58.896],[-65.921,58.915],[-65.841,58.977],[-65.704,58.971],[-65.721,59.024],[-65.544,59.012],[-65.526,59.036],[-65.396,59.038],[-65.384,59.06],[-65.606,59.111],[-65.666,59.153],[-65.7,59.213],[-65.692,59.229],[-65.661,59.23],[-65.607,59.213],[-65.513,59.35],[-65.412,59.315],[-65.407,59.33],[-65.489,59.448],[-65.475,59.47],[-65.35,59.479],[-65.274,59.464],[-65.074,59.378],[-65.038,59.388],[-65.171,59.462],[-65.407,59.539],[-65.486,59.649],[-65.481,59.69],[-65.433,59.777],[-65.358,59.809],[-65.289,59.818],[-65.212,59.81],[-65.054,59.753],[-65.028,59.771],[-65.159,59.83],[-65.181,59.867],[-65.172,59.908],[-64.931,60.252],[-64.817,60.331],[-64.706,60.336],[-64.499,60.268],[-64.436,60.228],[-64.42,60.171],[-64.528,60.095],[-64.768,60.012],[-64.733,59.998],[-64.559,60.043],[-64.408,60.065],[-64.283,60.064],[-64.183,59.973],[-64.169,59.847],[-64.226,59.741],[-64.151,59.794],[-64.056,59.823],[-63.979,59.754],[-63.969,59.698],[-63.929,59.645],[-63.75,59.513],[-63.85,59.448],[-63.971,59.409],[-63.945,59.38],[-63.781,59.349],[-63.759,59.319],[-63.776,59.277],[-63.637,59.341],[-63.54,59.333],[-63.415,59.194],[-63.506,59.115],[-63.646,59.079],[-63.971,59.054],[-63.941,59.027],[-63.794,59.027],[-63.568,59.047],[-63.399,59.08],[-63.248,59.068],[-63.223,59.057],[-63.31,59.026],[-63.216,58.928],[-63.282,58.867],[-63.185,58.858],[-63.05,58.878],[-63.008,58.855],[-62.926,58.765],[-62.874,58.672],[-63.102,58.546],[-63.219,58.52],[-63.39,58.453],[-63.438,58.399],[-63.537,58.33],[-63.474,58.331],[-63.296,58.441],[-63.21,58.467],[-63.146,58.46],[-63.12,58.442],[-63.132,58.411],[-62.737,58.492],[-62.608,58.496],[-62.594,58.474],[-62.674,58.319],[-62.812,58.2],[-63.063,58.127],[-63.262,58.015],[-63.22,58.002],[-62.981,58.093],[-62.818,58.129],[-62.588,58.158],[-62.486,58.154],[-62.306,57.972],[-62.202,57.955],[-62.117,57.964],[-61.959,57.912],[-61.899,57.861],[-61.914,57.825],[-61.968,57.803],[-61.995,57.769],[-61.931,57.669],[-61.968,57.612],[-62.167,57.537],[-62.254,57.529],[-62.339,57.485],[-62.496,57.489],[-62.396,57.448],[-62.088,57.453],[-61.921,57.421],[-61.85,57.37],[-61.977,57.248],[-61.861,57.198],[-61.629,57.183],[-61.334,57.011],[-61.346,56.922],[-61.39,56.853],[-61.372,56.681],[-61.532,56.655],[-62.062,56.699],[-62.366,56.767],[-62.382,56.788],[-62.296,56.833],[-62.372,56.836],[-62.497,56.802],[-62.396,56.73],[-62.117,56.667],[-61.992,56.591],[-61.855,56.584],[-61.738,56.526],[-61.76,56.511],[-61.899,56.505],[-62.01,56.454],[-61.94,56.424],[-61.515,56.39],[-61.425,56.361],[-61.499,56.328],[-61.707,56.289],[-61.713,56.231],[-61.559,56.208],[-61.365,56.216],[-61.324,56.076],[-61.301,56.047],[-61.449,56.022],[-61.45,55.996],[-61.188,55.955],[-61.134,55.93],[-61.123,55.889],[-61.089,55.866],[-60.996,55.862],[-60.832,55.958],[-60.743,55.941],[-60.737,55.887],[-60.593,55.815],[-60.562,55.727],[-60.476,55.805],[-60.341,55.785],[-60.365,55.709],[-60.408,55.65],[-60.352,55.612],[-60.308,55.557],[-60.192,55.481],[-60.224,55.444],[-60.361,55.366],[-60.45,55.2],[-60.617,55.06],[-60.557,55.067],[-60.341,55.194],[-60.213,55.236],[-59.93,55.259],[-59.862,55.295],[-59.759,55.31],[-59.696,55.269],[-59.689,55.196],[-59.605,55.173],[-59.518,55.197],[-59.438,55.176],[-59.742,54.943],[-59.816,54.867],[-59.838,54.814],[-59.75,54.887],[-59.429,55.056],[-59.26,55.2],[-59.086,55.183],[-58.997,55.149],[-58.956,55.055],[-58.886,54.952],[-58.78,54.838],[-58.398,54.774],[-58.223,54.813],[-58.195,54.866],[-58.058,54.882],[-57.962,54.876],[-57.929,54.773],[-57.827,54.719],[-57.627,54.65],[-57.483,54.64],[-57.404,54.591],[-57.404,54.57],[-57.485,54.517],[-57.563,54.44],[-57.699,54.387],[-57.889,54.384],[-58.151,54.35],[-58.162,54.32],[-58.22,54.286],[-58.435,54.228],[-58.558,54.103],[-58.633,54.05],[-58.92,54.033],[-59.039,53.964],[-59.201,53.929],[-59.497,53.834],[-59.823,53.834],[-60.057,53.733],[-60.1,53.634],[-60.145,53.596],[-60.263,53.61],[-60.395,53.653],[-60.37,53.607],[-60.16,53.53],[-60.1,53.487],[-60.29,53.391],[-60.306,53.36],[-60.251,53.344],[-60.273,53.317],[-60.346,53.289],[-60.329,53.266],[-60.148,53.307],[-59.987,53.393],[-59.882,53.48],[-59.829,53.505],[-59.621,53.537],[-59.322,53.644],[-58.92,53.875],[-58.652,53.978],[-58.327,54.052],[-58.088,54.09],[-57.936,54.091],[-57.928,54.104],[-58.177,54.131],[-58.317,54.114],[-58.361,54.154],[-58.31,54.202],[-58.192,54.228],[-57.615,54.191],[-57.416,54.163],[-57.199,53.924],[-57.149,53.848],[-57.135,53.792],[-57.157,53.757],[-57.244,53.715],[-57.524,53.611],[-57.527,53.6],[-57.42,53.583],[-57.386,53.561],[-57.332,53.469],[-57.012,53.673],[-56.841,53.739],[-56.524,53.766],[-56.465,53.765],[-56.444,53.718],[-56.354,53.624],[-56.27,53.6],[-56.11,53.588],[-55.966,53.471],[-55.859,53.344],[-55.855,53.286],[-55.798,53.212],[-55.808,53.135],[-55.892,53],[-55.83,52.878],[-55.858,52.823],[-55.873,52.736],[-55.803,52.643],[-55.848,52.623],[-56.167,52.575],[-56.292,52.574],[-56.325,52.545],[-56.053,52.537],[-55.84,52.508],[-55.746,52.475],[-55.706,52.428],[-55.716,52.392],[-55.777,52.364],[-56.012,52.394],[-56.005,52.37],[-55.691,52.242],[-55.673,52.19],[-55.695,52.138],[-56.017,51.929],[-56.549,51.681],[-56.976,51.458],[-57.096,51.443],[-57.299,51.478],[-57.462,51.469],[-57.77,51.426],[-58.023,51.322],[-58.089,51.311],[-58.51,51.295],[-58.593,51.257],[-58.638,51.172],[-59.055,50.879],[-59.165,50.78],[-59.378,50.675],[-59.612,50.492],[-59.815,50.418],[-59.886,50.316],[-60.08,50.255],[-60.608,50.221],[-60.807,50.25],[-60.956,50.205],[-61.181,50.192],[-61.29,50.202],[-61.725,50.104],[-61.835,50.197],[-61.92,50.233],[-62.165,50.239],[-62.362,50.277],[-62.715,50.302],[-63.136,50.294],[-63.239,50.243],[-63.587,50.258],[-63.734,50.305],[-63.854,50.314],[-64.016,50.304],[-64.17,50.269],[-64.509,50.309],[-64.868,50.275],[-65.181,50.298],[-65.269,50.32],[-65.762,50.259],[-65.955,50.294],[-66.126,50.201],[-66.242,50.22],[-66.496,50.212],[-66.55,50.161],[-66.622,50.155],[-66.741,50.066],[-66.941,49.994],[-67.234,49.602],[-67.262,49.451],[-67.372,49.348],[-68.056,49.257],[-68.282,49.197],[-68.221,49.15],[-68.295,49.114],[-68.414,49.1],[-68.544,49.056],[-68.628,49.007],[-68.669,48.94],[-68.929,48.829],[-69.231,48.574],[-69.375,48.386],[-69.55,48.251],[-69.674,48.199],[-69.762,48.191],[-69.852,48.207],[-70.001,48.271],[-70.111,48.278],[-70.384,48.367],[-71.018,48.456],[-70.923,48.422],[-70.839,48.367],[-70.501,48.354],[-70.145,48.244],[-69.971,48.206],[-69.866,48.172],[-69.775,48.098],[-69.906,47.832],[-69.994,47.74],[-70.3,47.503],[-70.448,47.423],[-70.706,47.14],[-71.116,46.925],[-71.268,46.796],[-71.757,46.674],[-71.88,46.687],[-72.028,46.607],[-72.205,46.559],[-72.257,46.485],[-72.68,46.287],[-72.843,46.262],[-72.981,46.21],[-73.022,46.12],[-73.145,46.066],[-73.284,45.9],[-73.477,45.738],[-73.712,45.711],[-73.897,45.564],[-74.038,45.502],[-74.315,45.531],[-74.248,45.493],[-74,45.433],[-73.974,45.345],[-74.098,45.324],[-74.358,45.206],[-74.709,45.004],[-74.857,45.004],[-74.996,44.97],[-75.179,44.899],[-75.401,44.772],[-75.792,44.497],[-75.876,44.417],[-76.151,44.304],[-76.186,44.242],[-76.249,44.214],[-76.465,44.058],[-76.82,43.629],[-78.458,43.631],[-78.72,43.625],[-78.846,43.583],[-79.172,43.467],[-79.059,43.278],[-79.066,43.106],[-79.029,43.062],[-79.026,43.017],[-78.946,42.961],[-78.915,42.909],[-78.939,42.864],[-79.037,42.802],[-80.248,42.366],[-81.278,42.209],[-82.439,41.675],[-82.69,41.675],[-83.03,41.833],[-83.142,41.976],[-83.15,42.142],[-83.11,42.251],[-83.073,42.3],[-82.868,42.385],[-82.744,42.493],[-82.545,42.625],[-82.488,42.74],[-82.408,43.073],[-82.138,43.571],[-82.551,45.347],[-83.593,45.817],[-83.469,45.995],[-83.48,46.024],[-83.616,46.117],[-83.763,46.109],[-83.913,46.073],[-83.978,46.085],[-84.088,46.227],[-84.115,46.371],[-84.15,46.445],[-84.125,46.527],[-84.149,46.543],[-84.192,46.55],[-84.402,46.516],[-84.502,46.462],[-84.562,46.457],[-84.779,46.637],[-84.876,46.9],[-86.429,47.54],[-88.378,48.303],[-88.612,48.264],[-89.273,48.02],[-89.456,47.996],[-89.775,48.015],[-89.901,47.995],[-89.994,48.015],[-90.092,48.118],[-90.32,48.099],[-90.744,48.105],[-90.797,48.131],[-90.84,48.201],[-90.916,48.209],[-91.043,48.194],[-91.221,48.105],[-91.387,48.059],[-91.518,48.058],[-91.858,48.198],[-92.005,48.302],[-92.172,48.338],[-92.299,48.329],[-92.348,48.277],[-92.415,48.277],[-92.501,48.435],[-92.733,48.532],[-92.996,48.612],[-93.258,48.629],[-93.378,48.617],[-93.464,48.561],[-93.708,48.525],[-93.804,48.549],[-93.852,48.607],[-94.055,48.659],[-94.621,48.743],[-94.705,48.808],[-94.713,48.863],[-94.803,49.003],[-94.843,49.119],[-94.854,49.305],[-94.939,49.349],[-95.155,49.37],[-95.162,48.992],[-122.789,48.993],[-122.827,49.028],[-122.924,49.075],[-123.002,49.061],[-123.063,48.978],[-123.077,48.98],[-123.118,49.056],[-123.08,49.131],[-123.182,49.129],[-123.196,49.148],[-123.191,49.22],[-123.229,49.26],[-123.067,49.292],[-122.948,49.293],[-122.913,49.323],[-122.879,49.399],[-122.964,49.329],[-123.016,49.322],[-123.174,49.348],[-123.277,49.344],[-123.291,49.359],[-123.264,49.39],[-123.223,49.59],[-123.191,49.644],[-123.187,49.68],[-123.325,49.578],[-123.336,49.459],[-123.399,49.442],[-123.437,49.451],[-123.531,49.397],[-123.892,49.495],[-124.029,49.603],[-124.054,49.662],[-123.993,49.736],[-123.923,49.718],[-123.817,49.587],[-123.739,49.594],[-123.582,49.681],[-123.763,49.658],[-123.874,49.737],[-123.904,49.795],[-123.904,49.981],[-123.885,50.017],[-123.824,50.044],[-123.785,50.088],[-123.825,50.144],[-123.88,50.174],[-123.946,50.184],[-123.863,50.103],[-123.866,50.072],[-123.957,49.993],[-123.985,49.876],[-124.059,49.854],[-124.142,49.793],[-124.281,49.772],[-124.413,49.778],[-124.483,49.808],[-124.782,50.02],[-124.784,50.073],[-124.934,50.258],[-124.933,50.298],[-124.986,50.356],[-125.044,50.364],[-125.057,50.419],[-124.937,50.537],[-124.863,50.637],[-124.858,50.717],[-124.875,50.826],[-124.86,50.872],[-124.934,50.811],[-124.949,50.765],[-124.931,50.718],[-124.943,50.666],[-124.985,50.592],[-125.059,50.514],[-125.21,50.476],[-125.476,50.497],[-125.507,50.507],[-125.526,50.534],[-125.539,50.649],[-125.586,50.574],[-125.61,50.486],[-125.641,50.466],[-125.698,50.465],[-125.772,50.508],[-125.965,50.487],[-126.094,50.498],[-126.237,50.523],[-126.404,50.53],[-126.45,50.55],[-126.447,50.588],[-126.416,50.607],[-125.898,50.684],[-125.904,50.705],[-125.981,50.711],[-126.37,50.667],[-126.514,50.679],[-126.517,50.724],[-126.375,50.837],[-126.418,50.85],[-126.488,50.842],[-126.522,50.866],[-126.485,50.96],[-126.517,51.057],[-126.563,50.965],[-126.632,50.915],[-126.96,50.894],[-127.014,50.867],[-127.058,50.868],[-127.357,50.946],[-127.708,51.151],[-127.714,51.269],[-127.689,51.343],[-127.633,51.427],[-127.42,51.608],[-127.281,51.654],[-126.968,51.67],[-126.691,51.703],[-127.034,51.717],[-127.339,51.707],[-127.443,51.679],[-127.576,51.563],[-127.645,51.478],[-127.714,51.49],[-127.748,51.544],[-127.819,51.604],[-127.851,51.673],[-127.869,51.775],[-127.863,51.821],[-127.83,51.879],[-127.728,51.993],[-127.859,51.99],[-127.843,52.086],[-127.795,52.191],[-127.438,52.356],[-127.242,52.395],[-127.176,52.315],[-127.008,52.291],[-126.826,52.125],[-126.714,52.061],[-126.753,52.112],[-126.895,52.225],[-126.901,52.265],[-126.938,52.309],[-127.127,52.371],[-127.161,52.395],[-127.194,52.458],[-127.208,52.498],[-127.187,52.538],[-126.995,52.658],[-126.951,52.721],[-126.966,52.785],[-127.019,52.842],[-127.013,52.72],[-127.066,52.653],[-127.519,52.359],[-127.713,52.319],[-127.792,52.289],[-127.834,52.251],[-127.902,52.151],[-127.995,51.951],[-128.102,51.788],[-128.194,51.998],[-128.358,52.159],[-128.037,52.318],[-128.029,52.342],[-128.06,52.428],[-128.052,52.453],[-127.94,52.545],[-128.038,52.531],[-128.184,52.408],[-128.272,52.363],[-128.275,52.435],[-128.132,52.806],[-128.109,52.858],[-128.053,52.911],[-128.106,52.907],[-128.365,52.826],[-128.452,52.877],[-128.525,53.141],[-128.652,53.244],[-128.869,53.328],[-129.081,53.367],[-129.172,53.534],[-129.114,53.641],[-129.021,53.692],[-128.936,53.715],[-128.855,53.705],[-128.85,53.665],[-128.906,53.559],[-128.833,53.549],[-128.542,53.421],[-128.479,53.41],[-128.358,53.46],[-128.291,53.458],[-128.133,53.418],[-127.928,53.275],[-127.95,53.33],[-128.115,53.446],[-128.207,53.483],[-128.369,53.49],[-128.512,53.477],[-128.6,53.506],[-128.676,53.555],[-128.751,53.661],[-128.764,53.747],[-128.715,53.81],[-128.532,53.858],[-128.651,53.919],[-128.705,53.919],[-128.89,53.83],[-128.928,53.823],[-128.959,53.841],[-129.056,53.778],[-129.208,53.642],[-129.258,53.418],[-129.284,53.393],[-129.462,53.347],[-129.564,53.251],[-129.822,53.413],[-129.912,53.551],[-130.074,53.576],[-130.263,53.654],[-130.335,53.724],[-130.233,53.867],[-130.086,53.976],[-130.064,54.106],[-130.043,54.134],[-129.791,54.166],[-129.626,54.23],[-129.898,54.226],[-130.084,54.181],[-130.29,54.27],[-130.397,54.352],[-130.43,54.421],[-130.393,54.48],[-130.37,54.62],[-130.35,54.655],[-130.307,54.7],[-130.219,54.73],[-129.89,55.165],[-129.781,55.28],[-129.561,55.463],[-129.701,55.439],[-129.765,55.498],[-129.795,55.56],[-129.812,55.533],[-129.816,55.418],[-129.838,55.319],[-129.985,55.111],[-130.048,55.057],[-130.092,55.108],[-130.058,55.195],[-129.996,55.264],[-129.985,55.359],[-130.08,55.563],[-130.095,55.695],[-130.085,55.752],[-130.025,55.888]]],[[[-109.816,78.65],[-109.641,78.592],[-109.467,78.567],[-109.362,78.493],[-109.336,78.408],[-109.352,78.369],[-109.391,78.337],[-109.484,78.316],[-109.709,78.304],[-110.022,78.323],[-110.418,78.295],[-110.755,78.311],[-111.169,78.386],[-111.229,78.376],[-111.435,78.287],[-111.517,78.275],[-111.76,78.283],[-112.131,78.366],[-113.173,78.284],[-113.293,78.334],[-113.282,78.353],[-113.15,78.408],[-112.856,78.467],[-112.214,78.548],[-111.709,78.575],[-111.52,78.603],[-111.4,78.644],[-111.071,78.708],[-110.878,78.735],[-110.618,78.758],[-110.408,78.757],[-109.816,78.65]]],[[[-110.458,78.103],[-109.657,78.079],[-109.622,78.075],[-109.619,78.057],[-109.679,77.999],[-109.772,77.957],[-110.751,77.857],[-110.866,77.834],[-110.812,77.803],[-110.719,77.781],[-110.292,77.786],[-110.153,77.763],[-110.118,77.716],[-110.117,77.625],[-110.139,77.572],[-110.198,77.525],[-110.683,77.446],[-110.894,77.426],[-111.226,77.429],[-111.952,77.344],[-112.177,77.344],[-112.373,77.364],[-112.644,77.444],[-112.926,77.475],[-113.164,77.53],[-113.209,77.58],[-113.121,77.633],[-113.19,77.718],[-113.271,77.778],[-113.283,77.813],[-113.269,77.86],[-113.187,77.912],[-112.805,77.942],[-112.305,78.007],[-111.207,78.088],[-110.873,78.081],[-110.458,78.103]]],[[[-115.551,77.363],[-115.47,77.309],[-115.624,77.266],[-116.214,77.178],[-116.329,77.137],[-116.286,77.102],[-115.857,76.969],[-115.81,76.939],[-115.913,76.908],[-116.11,76.918],[-116.253,76.901],[-116.234,76.874],[-116.016,76.785],[-115.945,76.736],[-115.946,76.711],[-116.22,76.611],[-116.999,76.532],[-117.044,76.373],[-117.154,76.298],[-117.234,76.282],[-117.492,76.273],[-117.841,76.345],[-117.993,76.406],[-118.02,76.447],[-117.965,76.574],[-117.808,76.734],[-117.78,76.784],[-117.818,76.804],[-117.881,76.805],[-118.301,76.737],[-118.409,76.662],[-118.431,76.588],[-118.468,76.547],[-118.574,76.525],[-118.791,76.513],[-118.821,76.486],[-118.8,76.464],[-118.644,76.418],[-118.625,76.366],[-118.643,76.335],[-118.851,76.258],[-118.994,76.145],[-119.081,76.124],[-119.168,76.127],[-119.368,76.222],[-119.524,76.34],[-119.58,76.327],[-119.649,76.28],[-119.64,76.157],[-119.74,76.118],[-119.725,76.1],[-119.55,76.052],[-119.527,76.031],[-119.526,75.997],[-119.538,75.982],[-119.608,75.985],[-119.735,75.915],[-119.913,75.859],[-120.409,75.826],[-120.563,76.008],[-120.637,76.034],[-120.772,76.166],[-120.848,76.183],[-120.9,76.163],[-121.019,76.02],[-121.213,75.984],[-121.428,75.981],[-121.908,76.035],[-122.057,76.018],[-122.4,75.944],[-122.533,75.951],[-122.64,76.009],[-122.646,76.031],[-122.607,76.039],[-122.546,76.081],[-122.548,76.097],[-122.609,76.121],[-122.593,76.162],[-122.903,76.135],[-122.878,76.165],[-122.774,76.228],[-122.423,76.39],[-121.561,76.453],[-121.102,76.661],[-120.485,76.793],[-120.358,76.887],[-120.311,76.905],[-120.2,76.931],[-119.831,77.074],[-119.324,77.241],[-119.09,77.305],[-118.005,77.381],[-117.419,77.317],[-117.279,77.313],[-117.149,77.361],[-116.844,77.34],[-116.704,77.38],[-117.03,77.432],[-117.046,77.449],[-117.04,77.465],[-116.835,77.529],[-116.511,77.548],[-116.363,77.543],[-116.209,77.516],[-115.551,77.363]]],[[[-108.292,76.057],[-107.852,76.058],[-107.777,76.035],[-107.723,75.995],[-107.732,75.956],[-107.755,75.94],[-108.021,75.805],[-107.918,75.802],[-107.703,75.878],[-107.541,75.901],[-107.216,75.892],[-107.05,75.845],[-106.971,75.773],[-106.914,75.68],[-106.892,75.782],[-106.693,75.81],[-106.688,75.819],[-106.82,75.872],[-106.862,75.93],[-106.804,75.975],[-106.677,76.024],[-106.397,76.06],[-105.905,76.009],[-105.604,75.93],[-105.481,75.746],[-105.481,75.702],[-105.519,75.632],[-105.678,75.501],[-105.703,75.413],[-105.863,75.192],[-105.972,75.131],[-106.093,75.089],[-106.588,75.015],[-106.961,74.94],[-107.153,74.927],[-107.82,75],[-108.024,74.986],[-108.227,74.952],[-108.475,74.947],[-108.751,74.992],[-108.633,75.023],[-108.831,75.065],[-109.503,74.883],[-110.387,74.814],[-110.543,74.78],[-110.749,74.688],[-110.941,74.639],[-111.729,74.502],[-112.519,74.417],[-113.017,74.402],[-113.514,74.43],[-113.672,74.453],[-114.175,74.574],[-114.268,74.604],[-114.377,74.671],[-114.313,74.715],[-114.132,74.766],[-113.324,74.875],[-112.836,74.976],[-112.663,74.994],[-112.193,75.01],[-111.956,75],[-111.671,75.019],[-111.258,75.128],[-111.079,75.195],[-111.033,75.227],[-111.093,75.256],[-111.181,75.26],[-111.621,75.168],[-112.214,75.133],[-112.478,75.2],[-112.597,75.212],[-112.703,75.187],[-112.855,75.121],[-112.951,75.108],[-113.712,75.069],[-113.795,75.084],[-113.845,75.112],[-113.861,75.188],[-113.886,75.211],[-113.853,75.259],[-113.759,75.322],[-113.467,75.416],[-113.879,75.375],[-114.017,75.434],[-114.075,75.392],[-114.125,75.291],[-114.168,75.24],[-114.429,75.281],[-114.514,75.275],[-114.358,75.171],[-114.356,75.141],[-114.452,75.088],[-115.02,74.976],[-115.128,75.009],[-115.28,75.102],[-115.413,75.115],[-115.537,75.081],[-115.609,75.01],[-115.729,74.968],[-116.143,75.042],[-116.476,75.172],[-117.005,75.156],[-117.502,75.204],[-117.565,75.233],[-117.6,75.272],[-117.576,75.314],[-117.513,75.357],[-117.388,75.421],[-117.258,75.46],[-116.891,75.481],[-116.077,75.493],[-115.335,75.618],[-115.142,75.679],[-115.117,75.695],[-115.122,75.706],[-116.034,75.607],[-116.426,75.585],[-117.025,75.602],[-117.138,75.617],[-117.164,75.645],[-116.973,75.746],[-116.802,75.772],[-115.838,75.841],[-115.477,75.841],[-114.992,75.896],[-116.338,75.881],[-116.654,75.929],[-116.665,75.958],[-116.55,76.017],[-116.61,76.074],[-116.591,76.096],[-116.454,76.143],[-116.21,76.194],[-114.779,76.173],[-115.025,76.211],[-115.797,76.253],[-115.832,76.296],[-115.826,76.33],[-115.779,76.365],[-115.581,76.438],[-114.998,76.497],[-114.535,76.502],[-114.194,76.451],[-114.116,76.396],[-114.113,76.349],[-114.059,76.301],[-113.923,76.229],[-113.823,76.207],[-113.171,76.258],[-112.698,76.202],[-112.334,76.072],[-111.865,75.939],[-111.868,75.911],[-112.081,75.847],[-112.057,75.834],[-111.549,75.822],[-111.513,75.811],[-111.373,75.676],[-111.276,75.613],[-111.053,75.549],[-110.459,75.555],[-109.086,75.506],[-109.005,75.515],[-108.947,75.542],[-108.913,75.587],[-108.9,75.624],[-108.918,75.675],[-108.945,75.699],[-109.796,75.863],[-109.871,75.929],[-109.455,76.021],[-109.425,76.043],[-109.417,76.072],[-109.43,76.109],[-109.487,76.145],[-109.71,76.212],[-109.908,76.223],[-110.201,76.289],[-110.285,76.333],[-110.314,76.369],[-110.309,76.397],[-109.865,76.522],[-109.339,76.76],[-109.098,76.812],[-108.832,76.821],[-108.492,76.754],[-108.467,76.738],[-108.512,76.68],[-108.635,76.609],[-108.628,76.587],[-108.56,76.536],[-108.512,76.439],[-108.194,76.33],[-108.123,76.233],[-108.382,76.116],[-108.406,76.085],[-108.387,76.067],[-108.292,76.057]]],[[[-114.522,72.593],[-114.458,72.58],[-114.342,72.591],[-113.958,72.651],[-113.692,72.673],[-113.622,72.647],[-113.578,72.652],[-113.5,72.694],[-113.486,72.722],[-113.491,72.822],[-113.45,72.863],[-113.208,72.981],[-113.074,72.995],[-112.754,72.986],[-112.048,72.888],[-111.455,72.766],[-111.27,72.714],[-111.25,72.669],[-111.356,72.572],[-111.611,72.436],[-111.895,72.356],[-111.762,72.335],[-111.675,72.3],[-111.311,72.455],[-111.253,72.449],[-111.287,72.401],[-111.268,72.364],[-111.14,72.365],[-110.959,72.432],[-110.782,72.534],[-110.513,72.6],[-110.439,72.633],[-110.205,72.661],[-110.197,72.759],[-110.554,72.861],[-110.689,72.945],[-110.661,73.008],[-110.008,72.984],[-109.61,72.876],[-109.469,72.808],[-109.357,72.775],[-109.122,72.726],[-108.968,72.654],[-108.994,72.596],[-108.755,72.551],[-108.628,72.412],[-108.47,72.139],[-108.276,71.9],[-108.188,71.724],[-107.925,71.639],[-107.813,71.626],[-107.785,71.63],[-107.687,71.716],[-107.347,71.819],[-107.329,71.835],[-107.369,71.859],[-107.377,71.886],[-107.306,71.895],[-107.543,72.025],[-107.696,72.149],[-107.794,72.303],[-107.824,72.443],[-107.91,72.491],[-107.933,72.52],[-107.934,72.588],[-107.997,72.653],[-108.238,73.106],[-108.237,73.15],[-108.204,73.183],[-107.936,73.217],[-108.077,73.281],[-108.089,73.304],[-108.029,73.349],[-107.72,73.329],[-107.113,73.192],[-107.074,73.197],[-107.033,73.245],[-106.951,73.276],[-106.828,73.266],[-106.482,73.196],[-106.082,73.072],[-105.813,73.011],[-105.624,72.927],[-105.415,72.788],[-105.412,72.765],[-105.43,72.74],[-105.323,72.635],[-105.234,72.415],[-104.878,71.98],[-104.767,71.868],[-104.518,71.699],[-104.386,71.577],[-104.373,71.495],[-104.355,71.472],[-104.356,71.382],[-104.385,71.338],[-104.487,71.248],[-104.563,71.132],[-104.57,71.104],[-104.515,71.064],[-104.167,70.927],[-103.953,70.763],[-103.585,70.631],[-103.295,70.572],[-103.077,70.509],[-103.021,70.516],[-103.001,70.541],[-103.083,70.619],[-103.089,70.65],[-103.05,70.655],[-102.75,70.522],[-101.99,70.285],[-101.676,70.278],[-101.627,70.248],[-101.618,70.172],[-101.562,70.135],[-101.239,70.151],[-101.091,70.136],[-101.043,70.111],[-100.973,70.029],[-100.909,69.869],[-100.906,69.812],[-100.935,69.715],[-100.982,69.68],[-101.044,69.669],[-101.216,69.68],[-101.337,69.71],[-101.4,69.749],[-101.457,69.834],[-101.484,69.85],[-101.565,69.756],[-101.648,69.699],[-101.734,69.704],[-101.86,69.738],[-102.182,69.846],[-102.234,69.842],[-102.523,69.758],[-102.596,69.718],[-102.565,69.692],[-102.535,69.621],[-102.563,69.574],[-102.621,69.552],[-102.92,69.565],[-103.303,69.674],[-103.359,69.685],[-103.435,69.668],[-103.465,69.644],[-103.418,69.611],[-103.049,69.472],[-103.032,69.433],[-103.04,69.368],[-103.12,69.205],[-102.884,69.341],[-102.546,69.434],[-102.447,69.476],[-102.151,69.488],[-102.046,69.465],[-101.978,69.425],[-101.976,69.407],[-102.053,69.36],[-102.067,69.337],[-102.064,69.281],[-102.046,69.258],[-101.993,69.236],[-101.873,69.24],[-101.823,69.217],[-101.789,69.182],[-101.788,69.132],[-101.857,69.024],[-102.488,68.889],[-102.738,68.865],[-102.895,68.824],[-103.162,68.829],[-103.468,68.809],[-104.067,68.866],[-104.353,68.928],[-104.46,68.912],[-104.571,68.872],[-105.106,68.92],[-105.169,68.955],[-105.022,69.052],[-105.02,69.081],[-105.805,69.153],[-106.008,69.148],[-106.141,69.162],[-106.341,69.224],[-106.356,69.281],[-106.344,69.34],[-106.361,69.381],[-106.42,69.414],[-106.54,69.443],[-106.659,69.44],[-106.76,69.407],[-106.856,69.347],[-107.033,69.181],[-107.44,69.002],[-107.863,68.954],[-108.365,68.935],[-108.553,68.897],[-108.946,68.76],[-109.472,68.677],[-109.959,68.63],[-110.848,68.578],[-110.957,68.594],[-111.128,68.588],[-111.311,68.542],[-113.02,68.481],[-113.128,68.494],[-113.231,68.535],[-113.338,68.599],[-113.555,68.768],[-113.617,68.838],[-113.593,68.96],[-113.609,69.03],[-113.694,69.195],[-114.073,69.251],[-114.323,69.269],[-115.159,69.265],[-115.618,69.283],[-116.102,69.337],[-116.513,69.425],[-116.609,69.512],[-116.993,69.719],[-117.104,69.804],[-117.149,69.888],[-117.195,70.054],[-117.163,70.092],[-117.135,70.1],[-116.554,70.175],[-115.529,70.257],[-114.592,70.312],[-114.167,70.307],[-113.917,70.282],[-113.211,70.264],[-112.638,70.225],[-112.266,70.255],[-112.19,70.276],[-111.784,70.273],[-111.633,70.309],[-111.726,70.352],[-112.114,70.447],[-113.146,70.616],[-113.757,70.691],[-113.966,70.696],[-114.331,70.675],[-114.841,70.621],[-115.991,70.586],[-116.327,70.624],[-116.993,70.604],[-117.587,70.63],[-118.264,70.888],[-118.377,70.968],[-118.353,71],[-118.269,71.035],[-117.814,71.158],[-117.314,71.212],[-116.422,71.338],[-115.892,71.382],[-115.922,71.401],[-116.045,71.423],[-116.044,71.454],[-115.98,71.469],[-115.734,71.485],[-115.472,71.466],[-115.341,71.472],[-115.303,71.494],[-115.338,71.511],[-115.587,71.546],[-116.78,71.444],[-117.337,71.435],[-117.723,71.391],[-117.936,71.392],[-118.188,71.436],[-118.222,71.449],[-118.226,71.467],[-118.148,71.526],[-117.878,71.561],[-117.742,71.659],[-118.372,71.64],[-118.583,71.649],[-118.868,71.687],[-118.988,71.764],[-118.984,71.913],[-118.945,71.986],[-118.59,72.167],[-118.369,72.205],[-118.213,72.263],[-118.207,72.287],[-118.246,72.311],[-118.39,72.37],[-118.481,72.428],[-118.457,72.473],[-118.375,72.534],[-118.133,72.633],[-117.552,72.831],[-117.256,72.914],[-116.972,72.959],[-116.573,73.055],[-114.638,73.373],[-114.302,73.331],[-114.206,73.298],[-114.127,73.231],[-114.052,73.071],[-114.054,72.958],[-114.075,72.907],[-114.178,72.805],[-114.498,72.626],[-114.522,72.593]]],[[[-119.736,74.113],[-119.471,74.201],[-119.206,74.198],[-119.15,74.168],[-119.132,74.028],[-119.118,74.016],[-119.026,74.045],[-118.744,74.192],[-118.544,74.245],[-117.966,74.266],[-117.515,74.232],[-117.199,74.171],[-116.95,74.101],[-115.958,73.748],[-115.634,73.666],[-115.456,73.585],[-115.408,73.542],[-115.393,73.502],[-115.447,73.439],[-115.524,73.417],[-115.992,73.323],[-116.483,73.253],[-117.065,73.107],[-117.464,73.038],[-117.983,72.902],[-118.962,72.684],[-119.132,72.609],[-119.408,72.36],[-119.513,72.303],[-119.767,72.244],[-120.18,72.213],[-120.194,72.127],[-120.31,71.984],[-120.366,71.888],[-120.443,71.631],[-120.52,71.557],[-120.619,71.506],[-120.93,71.446],[-121.472,71.389],[-121.547,71.407],[-121.622,71.448],[-121.749,71.445],[-122.157,71.266],[-122.55,71.194],[-122.84,71.097],[-123.096,71.094],[-123.315,71.169],[-123.393,71.219],[-123.682,71.493],[-124.008,71.677],[-124.76,71.835],[-125.297,71.973],[-125.767,71.961],[-125.845,71.979],[-125.768,72.054],[-125.763,72.138],[-125.584,72.183],[-125.634,72.21],[-125.647,72.237],[-125.627,72.255],[-125.575,72.265],[-125.512,72.308],[-125.383,72.424],[-124.987,72.588],[-124.985,72.604],[-125.019,72.617],[-125.03,72.645],[-125.015,72.776],[-124.97,72.843],[-124.931,72.863],[-124.583,72.926],[-124.565,72.944],[-124.561,72.965],[-124.588,73.005],[-124.736,73.023],[-124.817,73.059],[-124.836,73.076],[-124.804,73.126],[-124.594,73.243],[-124.424,73.419],[-124.114,73.527],[-124.03,73.644],[-123.797,73.768],[-123.798,73.785],[-123.873,73.828],[-124.088,73.857],[-124.192,73.902],[-124.575,74.248],[-124.629,74.27],[-124.645,74.304],[-124.709,74.327],[-124.696,74.348],[-123.468,74.436],[-122.623,74.464],[-121.748,74.541],[-121.504,74.545],[-121.315,74.53],[-120.554,74.353],[-119.944,74.254],[-119.563,74.233],[-119.715,74.154],[-119.736,74.113]]],[[[-69.489,83.017],[-68.409,83.005],[-68.107,82.961],[-66.592,82.944],[-66.423,82.927],[-66.425,82.906],[-66.836,82.818],[-68.358,82.677],[-68.469,82.653],[-68.173,82.646],[-67.397,82.668],[-65.727,82.842],[-65.299,82.8],[-65.113,82.889],[-64.905,82.901],[-64.777,82.876],[-64.504,82.778],[-63.984,82.829],[-63.499,82.793],[-63.473,82.771],[-63.643,82.713],[-63.085,82.565],[-63.087,82.533],[-63.251,82.467],[-63.247,82.45],[-62.475,82.52],[-61.697,82.489],[-61.477,82.467],[-61.302,82.4],[-61.207,82.341],[-61.274,82.28],[-61.615,82.184],[-61.969,82.11],[-62.177,82.043],[-64.436,81.743],[-65.226,81.744],[-65.399,81.715],[-65.495,81.668],[-65.701,81.646],[-66.626,81.616],[-66.914,81.485],[-68.689,81.293],[-68.721,81.261],[-68.543,81.248],[-65.736,81.494],[-65.24,81.51],[-64.78,81.493],[-64.833,81.439],[-65.484,81.285],[-66.313,81.146],[-66.727,81.041],[-67.774,80.859],[-68.63,80.679],[-68.959,80.587],[-69.4,80.423],[-69.551,80.383],[-69.734,80.367],[-70.144,80.398],[-70.713,80.54],[-70.213,80.278],[-70.265,80.234],[-71.1,80.187],[-71.47,80.146],[-71.928,80.139],[-72.056,80.123],[-72.063,80.106],[-71.949,80.086],[-71.616,80.071],[-70.877,80.122],[-70.758,80.119],[-70.568,80.094],[-70.559,80.071],[-70.758,79.998],[-71.356,79.911],[-71.106,79.876],[-71.11,79.848],[-71.388,79.762],[-71.965,79.701],[-72.216,79.687],[-72.437,79.694],[-73.448,79.827],[-74.144,79.88],[-74.394,79.874],[-74.66,79.835],[-74.051,79.778],[-73.472,79.756],[-73.229,79.644],[-73.201,79.597],[-73.294,79.522],[-73.466,79.495],[-73.866,79.501],[-74.189,79.465],[-74.798,79.459],[-75.503,79.414],[-75.774,79.431],[-76.067,79.473],[-76.899,79.512],[-76.855,79.488],[-76.671,79.478],[-76.296,79.414],[-76.116,79.326],[-75.948,79.311],[-75.603,79.24],[-75.094,79.204],[-74.727,79.235],[-74.481,79.229],[-74.532,79.053],[-74.641,79.036],[-75.233,79.036],[-75.912,79.118],[-77.398,79.057],[-78.258,79.082],[-78.582,79.075],[-78.559,79.055],[-78.422,79.048],[-77.883,78.942],[-76.825,79.018],[-76.524,79.024],[-76.256,79.007],[-75.953,78.959],[-75.795,78.89],[-75.099,78.858],[-74.618,78.758],[-74.486,78.75],[-74.433,78.724],[-74.535,78.659],[-74.547,78.62],[-74.879,78.545],[-75.397,78.523],[-75.966,78.53],[-76.416,78.512],[-76.137,78.492],[-75.488,78.404],[-75.237,78.356],[-75.193,78.328],[-75.551,78.221],[-75.866,78.01],[-75.97,77.993],[-76.356,77.991],[-76.708,77.938],[-76.974,77.927],[-77.456,77.947],[-78.013,77.946],[-78.056,77.912],[-78.084,77.846],[-78.081,77.747],[-78.047,77.615],[-78.076,77.519],[-78.168,77.458],[-78.284,77.413],[-78.493,77.369],[-78.87,77.333],[-79.906,77.3],[-80.573,77.315],[-80.875,77.359],[-81.377,77.482],[-81.659,77.525],[-81.654,77.499],[-81.504,77.43],[-81.278,77.365],[-81.301,77.344],[-81.523,77.311],[-82.057,77.297],[-82.066,77.284],[-81.968,77.248],[-81.756,77.204],[-81.534,77.214],[-81.117,77.27],[-80.673,77.244],[-80.219,77.147],[-79.924,77.194],[-79.497,77.196],[-79.341,77.158],[-79.281,77.085],[-79.274,77.026],[-79.319,76.98],[-79.221,76.936],[-78.979,76.893],[-78.792,76.884],[-78.456,76.967],[-78.289,76.978],[-77.999,76.852],[-77.983,76.755],[-78.119,76.644],[-78.284,76.571],[-78.934,76.451],[-79.286,76.355],[-79.511,76.31],[-79.954,76.251],[-80.187,76.24],[-80.8,76.174],[-80.963,76.184],[-80.997,76.215],[-80.955,76.27],[-80.835,76.369],[-80.832,76.409],[-80.975,76.47],[-81.171,76.513],[-81.474,76.488],[-81.717,76.495],[-81.823,76.521],[-82.034,76.629],[-82.311,76.655],[-82.53,76.723],[-82.262,76.575],[-82.208,76.514],[-82.233,76.466],[-83.389,76.439],[-83.886,76.453],[-83.986,76.495],[-84.224,76.675],[-84.275,76.357],[-85.141,76.305],[-85.344,76.313],[-85.681,76.349],[-86.116,76.435],[-86.296,76.492],[-86.367,76.549],[-86.454,76.585],[-86.562,76.517],[-86.68,76.377],[-87.354,76.448],[-87.49,76.586],[-87.498,76.386],[-88.104,76.413],[-88.396,76.405],[-88.482,76.58],[-88.496,76.773],[-88.614,76.651],[-88.563,76.547],[-88.546,76.421],[-88.804,76.457],[-89.57,76.492],[-89.5,76.827],[-88.771,76.993],[-88.556,77.072],[-88.398,77.104],[-88.148,77.124],[-87.362,77.136],[-86.812,77.185],[-87.182,77.332],[-87.43,77.348],[-87.681,77.436],[-88.095,77.719],[-88.017,77.785],[-87.757,77.836],[-87.236,77.892],[-87.018,77.892],[-86.755,77.864],[-86.385,77.809],[-86.173,77.746],[-85.731,77.509],[-85.588,77.461],[-84.951,77.375],[-84.739,77.361],[-84.487,77.368],[-83.974,77.391],[-83.721,77.414],[-83.608,77.442],[-83.477,77.514],[-83.25,77.585],[-82.903,77.733],[-82.71,77.85],[-82.626,77.936],[-82.595,77.992],[-82.704,77.962],[-83.428,77.621],[-83.779,77.533],[-83.928,77.518],[-84.168,77.523],[-84.486,77.562],[-84.861,77.5],[-85.088,77.515],[-85.289,77.559],[-85.292,77.764],[-85.548,77.928],[-85.031,78.062],[-84.615,78.196],[-84.223,78.176],[-84.55,78.251],[-84.91,78.24],[-84.783,78.528],[-85.024,78.312],[-85.419,78.142],[-85.586,78.11],[-86.218,78.081],[-86.063,78.187],[-85.92,78.343],[-86.071,78.285],[-86.427,78.197],[-86.913,78.127],[-87.339,78.133],[-87.552,78.177],[-87.491,78.284],[-87.491,78.417],[-86.953,78.664],[-86.808,78.774],[-86.242,78.824],[-85.691,78.844],[-85.23,78.902],[-85.004,78.912],[-84.787,78.885],[-83.908,78.839],[-83.271,78.77],[-82.99,78.844],[-82.442,78.84],[-82.151,78.864],[-81.781,78.95],[-81.75,78.976],[-82.028,78.962],[-82.439,78.904],[-83.059,78.94],[-84.146,78.96],[-84.412,78.997],[-84.568,79.071],[-84.53,79.101],[-84.257,79.122],[-83.825,79.059],[-83.576,79.054],[-83.662,79.09],[-84.197,79.225],[-85.09,79.612],[-85.269,79.664],[-85.457,79.69],[-86.031,79.722],[-86.147,79.743],[-86.421,79.845],[-86.494,80.018],[-86.615,80.124],[-86.499,80.258],[-86.307,80.319],[-85.16,80.272],[-84.675,80.279],[-84.057,80.262],[-83.724,80.229],[-83.004,80.055],[-82.677,79.993],[-82.377,79.908],[-81.856,79.723],[-81.688,79.686],[-81.038,79.614],[-80.476,79.606],[-80.124,79.669],[-80.714,79.675],[-81.01,79.693],[-81.359,79.788],[-81.86,79.957],[-82.332,80.066],[-82.681,80.175],[-82.961,80.278],[-82.987,80.323],[-82.536,80.376],[-80.98,80.445],[-80.051,80.529],[-79.629,80.648],[-78.386,80.784],[-76.863,80.865],[-76.85,80.878],[-77.119,80.896],[-78.551,80.921],[-78.716,80.952],[-78.629,81.043],[-78.464,81.114],[-78.287,81.168],[-77.536,81.321],[-77.031,81.386],[-76.885,81.43],[-77.972,81.331],[-78.352,81.259],[-78.734,81.151],[-78.932,81.119],[-79.198,81.118],[-79.309,81.089],[-79.402,81.037],[-79.545,80.909],[-79.761,80.842],[-80.134,80.764],[-81.007,80.655],[-82.368,80.561],[-82.613,80.559],[-82.884,80.578],[-82.768,80.631],[-82.337,80.729],[-82.222,80.772],[-83.401,80.714],[-83.647,80.674],[-84.076,80.556],[-84.22,80.538],[-85.146,80.521],[-85.307,80.526],[-85.726,80.581],[-86.25,80.566],[-86.532,80.605],[-86.615,80.63],[-86.603,80.664],[-86.252,80.79],[-85.639,80.925],[-85.246,80.988],[-84.68,81.042],[-83.349,81.103],[-83.289,81.148],[-84.635,81.098],[-85.781,81.035],[-85.967,81.012],[-86.233,80.95],[-87.33,80.67],[-87.712,80.656],[-88.004,80.675],[-88.921,80.806],[-89.145,80.854],[-89.263,80.914],[-89.167,80.941],[-88.413,81],[-87.389,80.988],[-86.929,81],[-86.477,81.036],[-85.81,81.124],[-85.083,81.247],[-84.941,81.286],[-85.402,81.285],[-85.875,81.241],[-86.623,81.123],[-87.275,81.081],[-88.887,81.058],[-89.398,81.025],[-89.623,81.032],[-89.792,81.065],[-89.981,81.125],[-89.947,81.173],[-89.563,81.226],[-89.209,81.25],[-89.636,81.302],[-89.674,81.329],[-89.427,81.387],[-88.892,81.474],[-88.622,81.501],[-88.127,81.519],[-87.617,81.509],[-87.597,81.526],[-88.101,81.559],[-88.479,81.565],[-88.978,81.542],[-90.304,81.401],[-90.609,81.43],[-90.554,81.464],[-89.845,81.612],[-89.822,81.635],[-90.331,81.632],[-90.626,81.656],[-90.834,81.64],[-91.292,81.571],[-91.403,81.578],[-91.684,81.636],[-91.648,81.684],[-91.424,81.744],[-90.942,81.827],[-90.49,81.877],[-90.163,81.894],[-89.633,81.895],[-89.381,81.917],[-88.875,82.018],[-88.567,82.061],[-88.063,82.096],[-87.639,82.085],[-87.404,82.054],[-87.018,81.959],[-86.999,81.992],[-86.834,82.033],[-86.627,82.051],[-86.158,82.026],[-85.646,81.953],[-85.538,81.955],[-85.403,81.982],[-85.045,81.983],[-85.169,82.023],[-85.311,82.044],[-86.581,82.187],[-86.616,82.219],[-85.794,82.292],[-85.276,82.405],[-84.897,82.449],[-84.368,82.374],[-83.591,82.326],[-83.01,82.142],[-82.634,82.077],[-82.356,82.066],[-82.327,82.092],[-82.657,82.158],[-82.747,82.196],[-82.709,82.229],[-82.638,82.246],[-82.537,82.247],[-81.584,82.121],[-80.55,82.005],[-80.153,81.978],[-79.686,81.886],[-79.425,81.854],[-79.629,81.932],[-80.13,82.028],[-81.468,82.192],[-81.998,82.278],[-82.448,82.395],[-82.451,82.427],[-82.269,82.465],[-81.681,82.519],[-82.123,82.602],[-82.117,82.629],[-81.785,82.649],[-81.58,82.643],[-81.189,82.594],[-80.862,82.572],[-80.81,82.586],[-81.147,82.716],[-81.178,82.745],[-81.01,82.779],[-80.657,82.769],[-80.076,82.706],[-79.035,82.675],[-78.749,82.679],[-79.834,82.817],[-80.141,82.894],[-80.155,82.911],[-79.886,82.939],[-79.181,82.933],[-78.525,82.891],[-77.969,82.906],[-77.48,82.883],[-76.421,82.671],[-76.244,82.604],[-76.146,82.55],[-76.009,82.535],[-75.566,82.609],[-75.643,82.644],[-76.087,82.724],[-76.41,82.816],[-76.908,82.919],[-77.125,83.009],[-75.745,83.047],[-74.414,83.013],[-74.198,82.989],[-73.703,82.852],[-73.272,82.772],[-72.659,82.722],[-73.235,82.844],[-73.442,82.905],[-73.441,82.946],[-73.404,82.977],[-73.331,82.999],[-72.812,83.081],[-72.069,83.106],[-71.983,83.101],[-71.132,82.923],[-70.94,82.902],[-70.933,82.911],[-71.198,82.97],[-71.402,83.001],[-71.424,83.021],[-71.085,83.083],[-70.871,83.098],[-69.97,83.116],[-69.782,83.093],[-69.569,83.025],[-69.489,83.017]]],[[[-95.484,77.792],[-95.233,77.754],[-94.96,77.774],[-94.015,77.76],[-93.583,77.771],[-93.301,77.74],[-93.211,77.71],[-93.129,77.66],[-93.339,77.63],[-93.544,77.467],[-93.836,77.452],[-94.409,77.474],[-95.987,77.484],[-96.264,77.595],[-96.277,77.631],[-96.195,77.701],[-96.143,77.714],[-95.684,77.782],[-95.484,77.792]]],[[[-93.543,75.028],[-93.478,74.952],[-93.463,74.856],[-93.491,74.772],[-93.536,74.749],[-93.547,74.691],[-93.573,74.669],[-93.985,74.644],[-94.535,74.637],[-94.804,74.66],[-95.286,74.794],[-95.865,74.83],[-96.094,74.933],[-96.182,74.951],[-96.27,74.92],[-96.386,74.999],[-96.56,74.99],[-96.591,75.002],[-96.6,75.032],[-96.566,75.099],[-96.383,75.211],[-96.18,75.24],[-96.118,75.301],[-96.125,75.358],[-95.955,75.444],[-95.671,75.529],[-95.05,75.622],[-94.878,75.63],[-94.649,75.623],[-94.427,75.593],[-93.909,75.423],[-93.751,75.349],[-93.667,75.274],[-93.591,75.23],[-93.498,75.137],[-93.532,75.1],[-93.552,75.051],[-93.543,75.028]]],[[[-100.002,73.946],[-99.158,73.732],[-98.152,73.818],[-97.928,73.866],[-97.67,73.888],[-97.327,73.862],[-97.225,73.844],[-97.112,73.79],[-97.011,73.706],[-96.997,73.675],[-97.156,73.592],[-97.395,73.564],[-97.49,73.527],[-97.597,73.537],[-97.626,73.502],[-97.586,73.471],[-97.47,73.488],[-97.35,73.481],[-97.23,73.421],[-97.273,73.387],[-97.796,73.285],[-98.176,73.116],[-98.376,73.045],[-98.437,73],[-98.431,72.958],[-98.422,72.941],[-98.367,72.934],[-98.181,72.993],[-97.939,73.036],[-97.636,73.028],[-97.476,72.992],[-97.329,72.938],[-97.296,72.918],[-97.378,72.865],[-97.238,72.837],[-97.083,72.763],[-97.073,72.718],[-97.14,72.673],[-97.159,72.643],[-97.128,72.628],[-96.869,72.687],[-96.671,72.713],[-96.542,72.699],[-96.446,72.552],[-96.44,72.487],[-96.473,72.434],[-96.52,72.393],[-96.638,72.342],[-96.801,72.322],[-96.669,72.271],[-96.593,72.204],[-96.618,72.146],[-96.766,72.046],[-96.624,71.968],[-96.613,71.834],[-96.946,71.792],[-97.222,71.673],[-97.461,71.634],[-97.582,71.63],[-98.181,71.662],[-98.242,71.681],[-98.284,71.716],[-98.307,71.765],[-98.306,71.848],[-98.323,71.852],[-98.459,71.773],[-98.421,71.717],[-98.231,71.559],[-98.195,71.491],[-98.199,71.441],[-98.412,71.349],[-98.663,71.302],[-98.784,71.314],[-98.986,71.369],[-99.167,71.367],[-99.276,71.424],[-99.404,71.557],[-99.581,71.652],[-99.735,71.757],[-100.326,72.004],[-100.594,72.152],[-100.707,72.186],[-100.984,72.21],[-101.093,72.279],[-101.209,72.317],[-101.319,72.313],[-101.498,72.278],[-101.724,72.315],[-101.775,72.341],[-101.833,72.409],[-101.909,72.431],[-101.974,72.486],[-102.402,72.595],[-102.657,72.719],[-102.709,72.765],[-102.687,72.843],[-102.551,72.978],[-102.336,73.064],[-102.204,73.077],[-101.922,73.057],[-101.835,73.018],[-101.755,72.943],[-101.544,72.883],[-101.435,72.821],[-101.351,72.746],[-101.273,72.722],[-101.088,72.713],[-100.485,72.773],[-100.443,72.807],[-100.396,72.977],[-100.368,72.978],[-100.228,72.899],[-100.188,72.89],[-100.128,72.907],[-100.092,72.945],[-100.097,72.963],[-100.236,73.095],[-100.334,73.128],[-100.446,73.121],[-100.531,73.138],[-100.55,73.164],[-100.536,73.198],[-100.439,73.255],[-100.341,73.265],[-100.226,73.255],[-100.067,73.211],[-99.966,73.201],[-99.825,73.214],[-100.006,73.24],[-100.258,73.34],[-100.366,73.359],[-100.587,73.3],[-100.889,73.275],[-101.451,73.431],[-101.523,73.486],[-101.518,73.505],[-101.463,73.534],[-101.323,73.572],[-100.976,73.6],[-100.854,73.571],[-100.677,73.494],[-100.522,73.449],[-100.509,73.465],[-100.536,73.51],[-100.607,73.575],[-100.783,73.613],[-100.898,73.658],[-100.953,73.691],[-100.982,73.727],[-100.985,73.765],[-100.963,73.791],[-100.915,73.805],[-100.484,73.844],[-100.182,73.801],[-99.991,73.795],[-99.912,73.847],[-99.94,73.857],[-100.154,73.844],[-100.225,73.873],[-100.227,73.889],[-100.138,73.929],[-100.002,73.946]]],[[[-84.92,65.261],[-84.842,65.256],[-84.612,65.447],[-84.501,65.458],[-84.266,65.367],[-84.18,65.316],[-84.133,65.245],[-84.085,65.218],[-83.491,65.132],[-83.407,65.104],[-83.201,64.96],[-82.991,64.904],[-82.668,64.78],[-82.272,64.721],[-82.05,64.644],[-81.929,64.559],[-81.787,64.426],[-81.676,64.213],[-81.667,64.171],[-81.681,64.146],[-81.903,64.031],[-81.887,64.016],[-81.716,64.022],[-81.336,64.076],[-81.024,64.031],[-80.921,64.1],[-80.829,64.09],[-80.694,64.025],[-80.569,63.932],[-80.579,63.909],[-80.668,63.901],[-80.451,63.863],[-80.261,63.802],[-80.302,63.762],[-80.504,63.674],[-80.712,63.596],[-80.954,63.48],[-81.046,63.462],[-81.963,63.664],[-82.378,63.707],[-82.412,63.737],[-82.467,63.927],[-82.571,63.961],[-83.034,64.023],[-83.039,64.061],[-83.016,64.127],[-83.065,64.159],[-83.304,64.144],[-83.494,64.099],[-83.584,64.058],[-83.617,64.013],[-83.662,63.873],[-83.728,63.813],[-84.022,63.66],[-84.142,63.614],[-84.308,63.586],[-84.387,63.529],[-84.506,63.39],[-84.633,63.309],[-84.962,63.197],[-85.393,63.12],[-85.496,63.139],[-85.566,63.271],[-85.714,63.658],[-85.769,63.7],[-86.302,63.657],[-86.576,63.662],[-86.847,63.575],[-86.915,63.569],[-87.053,63.572],[-87.177,63.595],[-87.194,63.633],[-87.189,63.672],[-87.032,63.83],[-86.932,63.902],[-86.422,64.052],[-86.309,64.094],[-86.252,64.137],[-86.274,64.238],[-86.354,64.377],[-86.374,64.566],[-86.188,65.01],[-86.114,65.417],[-86.075,65.534],[-86.017,65.64],[-85.962,65.704],[-85.814,65.832],[-85.699,65.883],[-85.555,65.919],[-85.496,65.9],[-85.442,65.846],[-85.241,65.796],[-85.13,65.693],[-85.105,65.623],[-85.13,65.592],[-85.226,65.546],[-85.24,65.51],[-85.056,65.437],[-84.92,65.261]]],[[[-97.701,76.467],[-97.69,76.422],[-97.702,76.387],[-97.737,76.363],[-97.739,76.335],[-97.531,76.182],[-97.531,76.109],[-97.613,76.053],[-97.65,75.979],[-97.652,75.94],[-97.603,75.879],[-97.602,75.851],[-97.694,75.803],[-97.891,75.76],[-97.863,75.738],[-97.408,75.673],[-97.41,75.552],[-97.336,75.42],[-97.653,75.508],[-97.878,75.416],[-97.853,75.26],[-97.705,75.191],[-97.66,75.151],[-97.674,75.127],[-97.799,75.117],[-97.971,75.153],[-98.045,75.201],[-98.069,75.199],[-98.092,75.176],[-98.077,75.153],[-97.99,75.111],[-97.953,75.06],[-97.992,75.046],[-98.704,75.006],[-99.156,75.016],[-99.326,75.049],[-99.421,75.044],[-99.627,74.984],[-100.234,75.008],[-100.357,75.067],[-100.483,75.188],[-100.459,75.219],[-100.146,75.246],[-100.731,75.347],[-100.704,75.394],[-100.712,75.406],[-100.28,75.461],[-99.965,75.569],[-99.77,75.612],[-99.756,75.633],[-99.591,75.655],[-99.209,75.669],[-99.195,75.698],[-99.915,75.681],[-101.207,75.59],[-101.461,75.608],[-102.541,75.514],[-102.7,75.544],[-102.798,75.6],[-102.728,75.639],[-102.411,75.713],[-102.252,75.778],[-102.271,75.813],[-102.145,75.875],[-101.943,75.884],[-101.6,75.833],[-101.421,75.782],[-101.261,75.758],[-101.119,75.763],[-100.973,75.798],[-101.288,75.789],[-101.415,75.846],[-101.506,75.918],[-101.508,75.944],[-101.431,75.992],[-101.717,76.008],[-101.823,76.041],[-101.872,76.083],[-101.771,76.15],[-101.529,76.217],[-101.557,76.236],[-101.91,76.234],[-102.138,76.285],[-102.105,76.331],[-101.964,76.399],[-101.788,76.451],[-101.34,76.41],[-101.139,76.345],[-101.088,76.308],[-101.094,76.272],[-101.056,76.246],[-100.106,75.96],[-99.865,75.924],[-99.701,75.941],[-99.689,75.96],[-99.978,76.029],[-100.113,76.117],[-100.086,76.134],[-100.002,76.139],[-99.541,76.146],[-99.998,76.196],[-100.183,76.197],[-100.414,76.243],[-100.414,76.257],[-100.358,76.271],[-100.043,76.291],[-99.983,76.3],[-99.978,76.312],[-100.175,76.359],[-100.651,76.396],[-100.82,76.437],[-100.891,76.475],[-100.83,76.524],[-100.574,76.585],[-100.388,76.614],[-100.069,76.635],[-99.669,76.624],[-99.329,76.521],[-99.17,76.454],[-98.89,76.466],[-98.971,76.537],[-99.024,76.615],[-98.711,76.694],[-98.528,76.667],[-98.236,76.575],[-97.808,76.519],[-97.726,76.496],[-97.701,76.467]]],[[[-103.426,79.316],[-103.192,79.295],[-102.914,79.231],[-102.652,79.095],[-102.638,79.055],[-102.648,79.027],[-102.731,78.969],[-102.596,78.943],[-102.581,78.93],[-102.593,78.901],[-102.576,78.879],[-102.425,78.933],[-102.393,79.01],[-101.974,79.079],[-101.704,79.079],[-101.299,78.982],[-101.145,78.973],[-101.037,78.939],[-101.034,78.915],[-101.147,78.824],[-101.128,78.802],[-100.917,78.783],[-100.435,78.82],[-100.015,78.729],[-99.782,78.62],[-99.609,78.583],[-99.582,78.563],[-99.631,78.545],[-99.68,78.494],[-99.848,78.438],[-99.774,78.393],[-99.778,78.325],[-99.751,78.303],[-99.562,78.279],[-99.132,78.118],[-99.053,78.072],[-99,77.997],[-99.061,77.966],[-99.128,77.877],[-99.166,77.857],[-99.956,77.794],[-100.275,77.833],[-100.586,77.892],[-100.758,77.978],[-100.826,78.088],[-100.958,78.13],[-101.074,78.194],[-101.298,78.199],[-102.057,78.28],[-102.607,78.249],[-102.668,78.256],[-102.772,78.307],[-102.784,78.33],[-102.731,78.371],[-103.677,78.32],[-103.947,78.26],[-104.324,78.269],[-104.513,78.295],[-104.764,78.352],[-104.879,78.401],[-104.985,78.468],[-104.996,78.519],[-104.91,78.553],[-104.727,78.579],[-103.764,78.52],[-103.571,78.54],[-103.483,78.594],[-103.588,78.623],[-104.021,78.635],[-103.929,78.663],[-103.563,78.693],[-103.372,78.736],[-103.518,78.769],[-104.009,78.764],[-104.185,78.781],[-104.195,78.796],[-104.155,78.814],[-103.876,78.903],[-103.887,78.919],[-104.152,78.99],[-104.395,78.956],[-104.736,78.826],[-104.896,78.808],[-104.97,78.829],[-104.97,78.856],[-104.735,78.991],[-104.747,79.027],[-104.901,79.051],[-105.536,79.033],[-105.571,79.061],[-105.58,79.114],[-105.571,79.164],[-105.515,79.242],[-105.388,79.324],[-104.847,79.311],[-103.706,79.352],[-103.426,79.316]]],[[[-91.886,81.133],[-91.755,81.049],[-91.272,80.85],[-91.054,80.778],[-90.683,80.688],[-90.637,80.655],[-90.643,80.594],[-89.862,80.498],[-89.525,80.539],[-89.329,80.532],[-89.236,80.511],[-89.167,80.48],[-89.134,80.44],[-89.204,80.407],[-89.147,80.36],[-89.218,80.289],[-89.198,80.263],[-89.019,80.198],[-88.857,80.166],[-88.538,80.131],[-88.329,80.134],[-88.2,80.111],[-88.197,80.125],[-88.255,80.167],[-88.381,80.225],[-88.612,80.255],[-88.646,80.29],[-88.663,80.348],[-88.644,80.387],[-88.525,80.418],[-88.125,80.429],[-87.675,80.372],[-87.646,80.348],[-87.63,80.302],[-87.625,80.187],[-87.869,80.134],[-87.922,80.098],[-87.202,80.043],[-86.977,79.894],[-87.144,79.663],[-87.295,79.58],[-87.243,79.571],[-86.925,79.591],[-86.649,79.646],[-86.337,79.635],[-86.18,79.605],[-86.086,79.551],[-86.007,79.479],[-85.949,79.486],[-85.751,79.595],[-85.648,79.611],[-85.064,79.328],[-85.042,79.285],[-85.29,79.208],[-86.092,79.1],[-86.721,78.975],[-86.957,78.975],[-87.016,78.899],[-87.08,78.866],[-87.617,78.676],[-87.861,78.707],[-87.922,78.751],[-87.956,78.852],[-87.953,78.915],[-87.817,79.036],[-87.878,79.038],[-88.04,78.995],[-88.164,78.933],[-88.19,78.867],[-88.167,78.746],[-88.19,78.696],[-88.254,78.672],[-88.228,78.653],[-88.003,78.616],[-87.974,78.565],[-87.983,78.537],[-88.04,78.494],[-88.148,78.477],[-88.285,78.497],[-88.581,78.602],[-88.742,78.584],[-88.623,78.462],[-88.606,78.392],[-88.733,78.242],[-88.791,78.192],[-88.822,78.186],[-88.97,78.184],[-89.096,78.209],[-89.655,78.439],[-89.926,78.573],[-90.037,78.607],[-90.076,78.549],[-89.612,78.279],[-89.507,78.203],[-89.49,78.172],[-89.526,78.16],[-89.579,78.167],[-90.136,78.313],[-90.459,78.331],[-90.622,78.322],[-90.652,78.308],[-90.405,78.247],[-90.327,78.185],[-90.387,78.163],[-90.614,78.15],[-91.41,78.188],[-91.899,78.237],[-92.351,78.313],[-92.678,78.389],[-92.808,78.43],[-92.848,78.46],[-92.726,78.487],[-91.867,78.543],[-91.935,78.562],[-92.716,78.605],[-93.267,78.608],[-93.389,78.643],[-93.634,78.751],[-93.623,78.768],[-93.561,78.777],[-93.16,78.776],[-93.902,78.872],[-94.115,78.929],[-94.17,78.973],[-94.163,78.994],[-93.95,79.037],[-93.294,79.14],[-92.842,79.156],[-92.684,79.186],[-92.547,79.283],[-91.868,79.317],[-91.3,79.373],[-92.248,79.373],[-92.485,79.439],[-92.822,79.45],[-93.933,79.291],[-94.04,79.295],[-94.109,79.315],[-94.04,79.357],[-93.94,79.386],[-94.11,79.402],[-94.405,79.391],[-95.103,79.29],[-95.317,79.355],[-95.657,79.39],[-95.733,79.418],[-95.663,79.527],[-95.563,79.55],[-95.302,79.568],[-94.52,79.667],[-94.402,79.736],[-95.297,79.653],[-95.858,79.674],[-96.463,79.848],[-96.589,79.917],[-96.639,80.024],[-96.773,80.136],[-95.782,80.066],[-94.646,80.049],[-94.611,80.056],[-94.6,80.074],[-94.607,80.126],[-94.583,80.141],[-94.263,80.195],[-94.59,80.202],[-95.192,80.134],[-95.405,80.135],[-95.646,80.231],[-95.904,80.214],[-96.026,80.222],[-96.308,80.267],[-96.394,80.315],[-96.385,80.333],[-96.334,80.353],[-96.112,80.38],[-95.549,80.367],[-96.152,80.553],[-96.133,80.691],[-95.927,80.721],[-95.714,80.725],[-95.505,80.691],[-95.226,80.686],[-95.026,80.646],[-94.893,80.571],[-93.928,80.559],[-94.202,80.61],[-94.596,80.641],[-94.788,80.751],[-95.515,80.838],[-95.509,80.863],[-95.27,81.001],[-94.981,81.05],[-94.519,81.031],[-93.826,81.106],[-93.345,81.085],[-93.236,81.129],[-93.235,81.155],[-93.286,81.179],[-93.407,81.209],[-93.894,81.213],[-94.194,81.241],[-94.219,81.265],[-94.233,81.315],[-94.179,81.339],[-93.333,81.364],[-93.035,81.346],[-92.212,81.244],[-91.998,81.185],[-91.886,81.133]]],[[[-94.295,76.912],[-93.811,76.914],[-93.608,76.874],[-93.212,76.755],[-93.189,76.708],[-93.201,76.669],[-93.317,76.574],[-93.426,76.527],[-93.535,76.448],[-92.995,76.62],[-92.716,76.603],[-92.297,76.616],[-91.789,76.676],[-91.305,76.681],[-91.124,76.662],[-90.738,76.581],[-90.605,76.543],[-90.543,76.496],[-90.622,76.465],[-91.398,76.51],[-91.443,76.499],[-91.415,76.456],[-90.855,76.437],[-89.285,76.302],[-89.219,76.258],[-89.237,76.239],[-89.407,76.189],[-90.312,76.158],[-90.827,76.186],[-91.26,76.23],[-91.407,76.22],[-91.279,76.16],[-91.02,76.142],[-90.802,76.106],[-90.712,76.076],[-90.251,76.053],[-90.033,75.971],[-89.913,75.966],[-89.793,75.925],[-89.695,75.854],[-89.65,75.844],[-89.511,75.857],[-89.278,75.795],[-89.205,75.762],[-89.205,75.737],[-89.361,75.646],[-89.625,75.584],[-89.646,75.565],[-89.28,75.564],[-88.917,75.454],[-88.839,75.463],[-88.804,75.502],[-88.864,75.589],[-88.852,75.625],[-88.715,75.659],[-88.645,75.658],[-88.569,75.645],[-88.201,75.512],[-87.73,75.576],[-87.644,75.547],[-87.539,75.485],[-87.365,75.591],[-87.257,75.618],[-86.814,75.491],[-86.545,75.463],[-86.236,75.406],[-85.951,75.395],[-85.905,75.442],[-86.069,75.502],[-85.973,75.529],[-85.581,75.58],[-85.372,75.573],[-84.987,75.645],[-84.605,75.653],[-84.014,75.78],[-83.932,75.819],[-83.745,75.813],[-83.237,75.751],[-82.354,75.833],[-82.154,75.831],[-81.269,75.756],[-81.151,75.736],[-81.193,75.684],[-81.174,75.669],[-81.001,75.643],[-80.322,75.629],[-80.119,75.562],[-80.126,75.542],[-80.287,75.49],[-80.26,75.479],[-79.66,75.45],[-79.508,75.295],[-79.509,75.26],[-79.634,75.199],[-79.977,75.119],[-80.358,75.052],[-80.382,75.034],[-80.135,74.988],[-79.664,75.021],[-79.525,74.99],[-79.401,74.918],[-79.508,74.88],[-79.944,74.834],[-80.202,74.895],[-80.348,74.903],[-80.149,74.796],[-80.192,74.78],[-80.213,74.749],[-80.221,74.657],[-80.263,74.584],[-80.278,74.582],[-81.226,74.567],[-81.607,74.502],[-81.94,74.473],[-82.415,74.535],[-82.736,74.53],[-82.931,74.566],[-83.058,74.63],[-83.117,74.693],[-83.087,74.788],[-83.103,74.817],[-83.22,74.828],[-83.407,74.885],[-83.522,74.901],[-83.544,74.892],[-83.51,74.848],[-83.364,74.802],[-83.341,74.765],[-83.394,74.67],[-83.532,74.586],[-83.622,74.566],[-83.868,74.564],[-84.245,74.515],[-84.426,74.508],[-84.818,74.542],[-85.012,74.604],[-85.061,74.607],[-85.087,74.528],[-85.133,74.517],[-85.339,74.543],[-85.442,74.601],[-85.474,74.6],[-85.512,74.545],[-85.544,74.535],[-85.808,74.499],[-85.956,74.499],[-86.11,74.54],[-86.341,74.513],[-86.731,74.557],[-86.666,74.489],[-86.995,74.48],[-87.364,74.502],[-87.593,74.47],[-88.423,74.494],[-88.501,74.51],[-88.556,74.541],[-88.558,74.57],[-88.538,74.609],[-88.34,74.785],[-88.535,74.832],[-88.682,74.802],[-88.778,74.715],[-88.851,74.69],[-88.883,74.711],[-88.908,74.764],[-88.94,74.79],[-89.02,74.774],[-89.058,74.747],[-89.192,74.745],[-89.219,74.732],[-89.197,74.698],[-89.196,74.638],[-89.262,74.609],[-89.559,74.555],[-89.844,74.549],[-90.362,74.61],[-90.553,74.613],[-90.784,74.696],[-90.967,74.715],[-90.958,74.745],[-90.878,74.801],[-90.88,74.818],[-91.13,74.736],[-91.164,74.71],[-91.135,74.65],[-91.339,74.667],[-91.508,74.651],[-91.871,74.744],[-91.962,74.793],[-92.103,74.948],[-92.174,75.051],[-92.165,75.072],[-92.06,75.101],[-92.076,75.124],[-92.347,75.23],[-92.389,75.263],[-92.427,75.346],[-92.428,75.383],[-92.411,75.406],[-92.331,75.479],[-92.11,75.611],[-92.069,75.658],[-92.142,75.797],[-92.185,75.847],[-92.709,76.114],[-93.092,76.354],[-93.309,76.36],[-93.56,76.311],[-93.665,76.273],[-94.585,76.297],[-94.737,76.293],[-94.997,76.258],[-95.274,76.264],[-95.447,76.363],[-95.842,76.416],[-95.959,76.446],[-96.04,76.487],[-96.013,76.513],[-95.789,76.537],[-95.651,76.585],[-95.971,76.57],[-96.64,76.703],[-96.846,76.726],[-96.898,76.754],[-96.878,76.803],[-96.59,76.763],[-96.451,76.774],[-96.402,76.797],[-96.661,76.855],[-96.814,76.913],[-96.758,76.972],[-95.85,77.066],[-95.638,77.064],[-95.126,77.017],[-94.295,76.912]]],[[[-96.204,78.531],[-95.968,78.505],[-95.561,78.517],[-95.031,78.43],[-94.915,78.391],[-94.887,78.345],[-95.268,78.263],[-95.329,78.225],[-95.103,78.178],[-94.988,78.136],[-94.936,78.106],[-94.934,78.076],[-95.087,77.993],[-95.199,77.968],[-95.452,77.963],[-96.012,77.887],[-96.477,77.872],[-96.834,77.812],[-96.99,77.806],[-97.04,77.827],[-97.064,77.859],[-97.019,77.908],[-97.093,77.933],[-97.427,77.982],[-97.621,78.05],[-97.658,78.091],[-97.041,78.117],[-96.945,78.152],[-97.323,78.203],[-97.819,78.231],[-97.843,78.262],[-98.05,78.326],[-98.069,78.386],[-98.255,78.429],[-98.317,78.477],[-98.316,78.517],[-98.06,78.558],[-98.29,78.692],[-98.341,78.751],[-98.333,78.774],[-98.212,78.805],[-97.382,78.783],[-96.475,78.665],[-96.265,78.595],[-96.243,78.573],[-96.256,78.551],[-96.204,78.531]]],[[[-93.171,74.161],[-92.587,74.083],[-92.223,73.972],[-91.63,74.028],[-91.088,74.009],[-90.627,73.952],[-90.355,73.869],[-90.381,73.825],[-90.566,73.686],[-90.765,73.581],[-90.934,73.528],[-91.068,73.416],[-91.249,73.304],[-91.554,73.236],[-91.426,73.195],[-91.46,73.145],[-91.788,72.915],[-92.118,72.754],[-92.235,72.727],[-92.392,72.718],[-93.341,72.802],[-93.579,72.801],[-94.211,72.757],[-93.771,72.668],[-93.572,72.559],[-93.534,72.499],[-93.542,72.437],[-93.871,72.253],[-94.038,72.029],[-94.144,72.001],[-94.497,72.044],[-95.008,72.013],[-95.193,72.027],[-95.167,72.18],[-95.193,72.345],[-95.251,72.502],[-95.548,72.782],[-95.602,72.884],[-95.612,72.999],[-95.589,73.174],[-95.644,73.557],[-95.648,73.639],[-95.633,73.695],[-95.569,73.728],[-95.386,73.755],[-94.996,73.686],[-94.698,73.664],[-94.691,73.671],[-94.897,73.716],[-95.059,73.805],[-95.134,73.881],[-95.153,73.933],[-95.121,73.985],[-94.974,74.041],[-94.483,74.113],[-93.939,74.132],[-93.785,74.118],[-93.549,74.167],[-93.41,74.179],[-93.171,74.161]]],[[[-97.439,69.643],[-97.409,69.631],[-97.351,69.641],[-97.306,69.673],[-97.236,69.673],[-96.875,69.51],[-96.695,69.471],[-96.3,69.344],[-96.184,69.259],[-95.951,69.024],[-95.751,68.898],[-95.585,68.835],[-95.374,68.892],[-95.32,68.873],[-95.268,68.826],[-95.359,68.778],[-95.466,68.747],[-95.686,68.736],[-95.895,68.627],[-96.024,68.607],[-96.268,68.508],[-96.402,68.471],[-96.599,68.461],[-97.008,68.539],[-97.264,68.528],[-97.472,68.544],[-97.885,68.672],[-98.235,68.739],[-98.258,68.749],[-98.28,68.807],[-98.321,68.843],[-98.54,68.798],[-98.775,68.817],[-98.859,68.864],[-98.864,68.894],[-98.904,68.932],[-99.057,68.918],[-99.094,68.899],[-99.073,68.877],[-99.091,68.863],[-99.254,68.863],[-99.441,68.918],[-99.564,69.034],[-99.513,69.1],[-99.456,69.131],[-98.912,69.168],[-98.724,69.219],[-98.504,69.308],[-98.456,69.335],[-98.45,69.354],[-98.559,69.461],[-98.537,69.478],[-98.448,69.48],[-98.534,69.527],[-98.546,69.573],[-98.389,69.565],[-98.222,69.485],[-98.041,69.457],[-98.163,69.512],[-98.289,69.629],[-98.304,69.669],[-98.268,69.754],[-98.239,69.78],[-98.081,69.833],[-97.791,69.862],[-97.691,69.841],[-97.411,69.738],[-97.386,69.7],[-97.46,69.683],[-97.469,69.667],[-97.439,69.643]]],[[[-61.105,45.945],[-61.071,45.937],[-60.937,45.986],[-60.865,45.983],[-60.868,45.949],[-61.038,45.882],[-60.971,45.856],[-60.972,45.838],[-61.052,45.795],[-61.092,45.748],[-61.059,45.703],[-60.93,45.748],[-60.806,45.738],[-60.738,45.751],[-60.472,45.947],[-60.461,45.969],[-60.705,45.933],[-60.733,45.957],[-60.573,46.061],[-60.586,46.117],[-60.505,46.204],[-60.377,46.285],[-60.298,46.311],[-60.244,46.27],[-60.226,46.196],[-60.092,46.206],[-59.961,46.191],[-59.865,46.16],[-59.849,46.113],[-59.881,46.062],[-59.934,46.019],[-59.828,45.965],[-59.842,45.942],[-60.016,45.88],[-60.205,45.743],[-60.386,45.655],[-60.673,45.591],[-60.872,45.611],[-61.284,45.574],[-61.45,45.716],[-61.495,45.941],[-61.481,46.06],[-61.409,46.17],[-61.241,46.303],[-60.87,46.797],[-60.617,46.976],[-60.571,46.999],[-60.489,47.01],[-60.408,47.004],[-60.431,46.963],[-60.425,46.923],[-60.332,46.768],[-60.384,46.613],[-60.482,46.414],[-60.508,46.303],[-60.495,46.27],[-60.577,46.172],[-60.745,46.093],[-60.912,46.045],[-61.105,45.945]]],[[[-67.125,45.169],[-67.25,45.201],[-67.315,45.154],[-67.367,45.174],[-67.473,45.276],[-67.428,45.378],[-67.494,45.474],[-67.488,45.501],[-67.424,45.53],[-67.414,45.566],[-67.433,45.603],[-67.596,45.621],[-67.755,45.686],[-67.802,45.728],[-67.775,45.818],[-67.782,45.874],[-67.767,45.927],[-67.785,45.953],[-67.807,47.083],[-68.097,47.275],[-68.235,47.346],[-68.358,47.345],[-68.377,47.316],[-68.829,47.203],[-68.937,47.211],[-69.003,47.236],[-69.049,47.274],[-69.064,47.338],[-69.05,47.427],[-69.243,47.463],[-70.008,46.709],[-70.067,46.441],[-70.18,46.342],[-70.248,46.251],[-70.304,46.057],[-70.306,45.98],[-70.287,45.939],[-70.296,45.906],[-70.408,45.802],[-70.421,45.738],[-70.596,45.644],[-70.702,45.551],[-70.707,45.499],[-70.69,45.428],[-70.711,45.409],[-70.799,45.405],[-70.838,45.366],[-70.837,45.311],[-70.865,45.271],[-70.898,45.262],[-70.96,45.333],[-71,45.337],[-71.135,45.263],[-71.202,45.26],[-71.327,45.29],[-71.419,45.2],[-71.518,45.008],[-74.709,45.004],[-74.566,45.042],[-74.269,45.188],[-74.05,45.241],[-73.765,45.395],[-73.558,45.425],[-73.519,45.459],[-73.465,45.632],[-73.369,45.758],[-73.253,45.864],[-73.16,46.01],[-72.99,46.104],[-72.733,46.182],[-72.496,46.353],[-72.24,46.442],[-72.187,46.512],[-72.109,46.551],[-71.901,46.632],[-71.671,46.654],[-71.261,46.756],[-71.152,46.819],[-70.993,46.852],[-70.519,47.033],[-70.388,47.117],[-70.218,47.29],[-70.07,47.378],[-70.017,47.471],[-69.802,47.623],[-69.581,47.824],[-69.471,47.967],[-69.306,48.047],[-68.987,48.275],[-68.816,48.366],[-68.746,48.376],[-68.552,48.457],[-68.431,48.542],[-68.238,48.626],[-67.889,48.731],[-67.561,48.856],[-67.117,48.964],[-66.598,49.126],[-66.178,49.213],[-65.883,49.226],[-65.523,49.266],[-64.836,49.192],[-64.568,49.105],[-64.262,48.922],[-64.216,48.874],[-64.209,48.806],[-64.371,48.839],[-64.514,48.841],[-64.415,48.804],[-64.246,48.691],[-64.254,48.55],[-64.349,48.423],[-64.633,48.36],[-64.706,48.311],[-64.765,48.228],[-64.822,48.196],[-64.96,48.16],[-65.036,48.106],[-65.259,48.021],[-65.36,48.011],[-65.476,48.031],[-65.755,48.112],[-65.927,48.189],[-66.083,48.103],[-66.249,48.117],[-66.324,48.098],[-66.449,48.12],[-66.704,48.022],[-66.632,48.011],[-66.429,48.067],[-66.36,48.061],[-66.21,47.989],[-65.849,47.911],[-65.756,47.86],[-65.666,47.696],[-65.607,47.67],[-65.483,47.687],[-65.344,47.768],[-65.228,47.811],[-65.002,47.847],[-65.046,47.793],[-64.874,47.797],[-64.703,47.725],[-64.852,47.57],[-64.912,47.369],[-65.086,47.234],[-65.319,47.101],[-65.192,47.05],[-65.042,47.089],[-64.942,47.086],[-64.831,47.061],[-64.906,46.888],[-64.817,46.699],[-64.726,46.671],[-64.69,46.512],[-64.641,46.426],[-64.648,46.356],[-64.557,46.311],[-64.542,46.24],[-64.212,46.22],[-64.145,46.193],[-63.916,46.166],[-63.832,46.107],[-64.056,46.021],[-63.875,45.959],[-63.703,45.858],[-63.509,45.875],[-63.358,45.811],[-63.293,45.752],[-63.108,45.782],[-62.911,45.776],[-62.701,45.741],[-62.718,45.686],[-62.75,45.648],[-62.586,45.661],[-62.483,45.622],[-62.422,45.665],[-62.218,45.731],[-61.956,45.868],[-61.924,45.851],[-61.877,45.714],[-61.777,45.656],[-61.657,45.642],[-61.492,45.687],[-61.428,45.648],[-61.35,45.574],[-61.277,45.476],[-61.282,45.441],[-61.461,45.367],[-61.107,45.349],[-61.032,45.292],[-61.101,45.233],[-61.165,45.256],[-61.284,45.235],[-61.387,45.185],[-61.647,45.131],[-61.719,45.094],[-61.794,45.084],[-62.027,44.994],[-62.265,44.936],[-62.514,44.844],[-63.032,44.715],[-63.156,44.711],[-63.306,44.643],[-63.381,44.652],[-63.457,44.64],[-63.544,44.655],[-63.604,44.683],[-63.558,44.611],[-63.545,44.544],[-63.61,44.48],[-63.761,44.486],[-63.821,44.511],[-63.891,44.546],[-63.924,44.604],[-64,44.645],[-64.045,44.588],[-64.045,44.545],[-64.101,44.487],[-64.167,44.587],[-64.286,44.55],[-64.339,44.445],[-64.276,44.334],[-64.335,44.292],[-64.378,44.304],[-64.469,44.185],[-64.578,44.142],[-64.692,44.021],[-64.826,43.929],[-64.862,43.868],[-65.087,43.727],[-65.235,43.727],[-65.33,43.668],[-65.344,43.55],[-65.429,43.561],[-65.45,43.524],[-65.482,43.518],[-65.564,43.553],[-65.662,43.534],[-65.738,43.561],[-65.835,43.734],[-65.887,43.795],[-65.978,43.815],[-66.038,43.742],[-66.126,43.814],[-66.193,44.08],[-66.193,44.144],[-66.1,44.367],[-65.868,44.569],[-65.942,44.576],[-66.146,44.436],[-66.091,44.505],[-66.022,44.562],[-65.917,44.615],[-65.682,44.651],[-65.616,44.68],[-65.52,44.733],[-65.502,44.76],[-65.728,44.697],[-65.657,44.76],[-64.903,45.121],[-64.751,45.18],[-64.449,45.256],[-64.407,45.306],[-64.448,45.337],[-64.331,45.309],[-64.359,45.238],[-64.354,45.138],[-64.235,45.114],[-64.135,45.023],[-64.183,45.147],[-64.093,45.217],[-63.748,45.311],[-63.46,45.321],[-63.368,45.365],[-63.614,45.394],[-63.906,45.378],[-64.087,45.411],[-64.336,45.39],[-64.6,45.41],[-64.681,45.383],[-64.747,45.324],[-64.873,45.355],[-64.913,45.375],[-64.827,45.476],[-64.56,45.625],[-64.351,45.783],[-64.315,45.836],[-64.482,45.806],[-64.633,45.947],[-64.642,45.913],[-64.594,45.814],[-64.779,45.638],[-64.898,45.626],[-65.057,45.544],[-65.282,45.473],[-65.545,45.337],[-65.884,45.223],[-65.956,45.222],[-66.11,45.317],[-66.027,45.418],[-66.183,45.335],[-66.107,45.257],[-66.144,45.228],[-66.44,45.096],[-66.511,45.143],[-66.707,45.083],[-66.872,45.067],[-66.908,45.098],[-66.919,45.146],[-66.977,45.157],[-67.084,45.144],[-67.125,45.169]]],[[[-55.459,51.537],[-55.583,51.389],[-56.031,51.328],[-56.044,51.262],[-56,51.199],[-55.961,51.191],[-55.874,51.208],[-55.815,51.191],[-55.785,51.131],[-55.8,51.033],[-55.871,50.907],[-55.962,50.838],[-56.107,50.759],[-56.136,50.651],[-56.196,50.585],[-56.382,50.417],[-56.454,50.38],[-56.484,50.271],[-56.732,50.008],[-56.754,49.883],[-56.849,49.765],[-56.809,49.71],[-56.822,49.613],[-56.757,49.652],[-56.501,49.87],[-56.376,49.934],[-56.247,50.09],[-56.179,50.115],[-56.148,50.1],[-56.122,50.063],[-56.161,49.94],[-56.075,49.983],[-55.927,50.018],[-55.873,50.013],[-55.765,49.96],[-55.53,49.997],[-55.503,49.983],[-55.527,49.937],[-55.584,49.892],[-56.04,49.705],[-56.14,49.619],[-55.979,49.678],[-55.87,49.67],[-55.892,49.58],[-56.087,49.452],[-55.815,49.515],[-55.678,49.435],[-55.376,49.49],[-55.344,49.373],[-55.29,49.392],[-55.28,49.413],[-55.283,49.514],[-55.266,49.524],[-55.23,49.508],[-55.207,49.482],[-55.2,49.408],[-55.259,49.267],[-55.342,49.168],[-55.332,49.126],[-55.353,49.079],[-55.252,49.121],[-55.245,49.2],[-55.176,49.244],[-55.026,49.305],[-55.01,49.293],[-55.016,49.26],[-54.983,49.268],[-54.911,49.316],[-54.718,49.389],[-54.579,49.491],[-54.502,49.527],[-54.469,49.53],[-54.481,49.469],[-54.463,49.342],[-54.448,49.329],[-54.389,49.392],[-54.317,49.424],[-53.958,49.442],[-53.862,49.426],[-53.619,49.322],[-53.57,49.264],[-53.56,49.192],[-53.573,49.141],[-53.758,49.035],[-53.809,48.993],[-53.845,48.925],[-53.903,48.889],[-54.161,48.788],[-53.853,48.811],[-53.848,48.797],[-53.887,48.768],[-53.962,48.739],[-53.966,48.707],[-53.886,48.685],[-53.784,48.695],[-53.698,48.68],[-53.706,48.656],[-53.775,48.576],[-53.795,48.526],[-54.114,48.394],[-53.937,48.437],[-53.799,48.449],[-53.739,48.496],[-53.644,48.511],[-53.552,48.482],[-53.411,48.562],[-53.22,48.578],[-53.057,48.659],[-53.028,48.635],[-53.021,48.572],[-53.037,48.516],[-53.136,48.402],[-53.225,48.364],[-53.334,48.356],[-53.406,48.294],[-53.61,48.208],[-53.56,48.174],[-53.542,48.108],[-53.569,48.088],[-53.704,48.068],[-53.87,48.02],[-53.794,48.01],[-53.653,48.026],[-53.638,48.015],[-53.695,47.921],[-53.864,47.787],[-53.805,47.682],[-53.765,47.65],[-53.672,47.648],[-53.604,47.662],[-53.504,47.744],[-53.283,47.998],[-52.921,48.147],[-52.866,48.113],[-52.998,47.976],[-53.154,47.735],[-53.176,47.653],[-53.17,47.512],[-53.122,47.455],[-52.945,47.553],[-52.873,47.619],[-52.782,47.769],[-52.745,47.769],[-52.711,47.745],[-52.654,47.549],[-52.684,47.426],[-52.912,47.103],[-52.888,47.046],[-52.889,46.974],[-52.962,46.819],[-53.07,46.681],[-53.167,46.646],[-53.214,46.66],[-53.291,46.717],[-53.323,46.718],[-53.382,46.711],[-53.536,46.633],[-53.59,46.639],[-53.616,46.68],[-53.581,46.957],[-53.612,47.01],[-53.58,47.099],[-53.578,47.133],[-53.597,47.146],[-53.636,47.138],[-53.86,46.939],[-54.01,46.84],[-54.102,46.825],[-54.174,46.88],[-54.155,46.967],[-54.093,47.086],[-53.869,47.387],[-53.85,47.44],[-53.901,47.509],[-53.989,47.756],[-54.047,47.806],[-54.192,47.86],[-54.218,47.847],[-54.234,47.772],[-54.405,47.556],[-54.434,47.462],[-54.488,47.404],[-54.563,47.375],[-54.463,47.536],[-54.474,47.547],[-54.651,47.408],[-54.857,47.385],[-55.09,47.174],[-55.099,47.104],[-55.14,47.046],[-55.316,46.906],[-55.531,46.914],[-55.652,46.881],[-55.789,46.867],[-55.881,46.887],[-55.95,46.928],[-55.954,46.973],[-55.919,47.017],[-55.838,47.072],[-55.61,47.12],[-55.492,47.161],[-55.361,47.259],[-55.191,47.449],[-54.976,47.516],[-54.87,47.571],[-54.785,47.665],[-54.946,47.621],[-55.035,47.634],[-55.075,47.658],[-55.366,47.661],[-55.391,47.643],[-55.435,47.501],[-55.576,47.465],[-55.775,47.498],[-55.862,47.53],[-56.127,47.503],[-55.867,47.592],[-55.844,47.788],[-55.858,47.819],[-56.02,47.764],[-56.121,47.789],[-56.151,47.775],[-56.221,47.671],[-56.263,47.658],[-56.46,47.617],[-56.722,47.592],[-56.774,47.565],[-57.473,47.631],[-57.66,47.625],[-57.926,47.675],[-58.333,47.677],[-58.337,47.731],[-58.509,47.653],[-58.613,47.626],[-58.941,47.58],[-59.117,47.571],[-59.219,47.603],[-59.26,47.634],[-59.321,47.737],[-59.362,47.866],[-59.341,47.934],[-59.272,47.996],[-58.961,48.159],[-58.605,48.411],[-58.336,48.514],[-58.492,48.513],[-58.723,48.541],[-59.167,48.522],[-59.168,48.558],[-58.842,48.746],[-58.819,48.747],[-58.887,48.692],[-58.906,48.65],[-58.843,48.605],[-58.716,48.598],[-58.687,48.622],[-58.642,48.749],[-58.494,49.003],[-58.404,49.084],[-58.359,49.097],[-58.186,49.062],[-58.05,48.988],[-57.991,48.988],[-58.041,49.01],[-58.099,49.077],[-58.049,49.18],[-57.991,49.209],[-57.98,49.23],[-58.097,49.23],[-58.191,49.259],[-58.219,49.305],[-58.213,49.387],[-58.183,49.435],[-58.107,49.5],[-58.016,49.542],[-57.961,49.532],[-57.856,49.474],[-57.791,49.49],[-57.897,49.6],[-57.929,49.668],[-57.926,49.701],[-57.712,50.025],[-57.433,50.506],[-57.331,50.605],[-57.18,50.615],[-57.264,50.649],[-57.294,50.673],[-57.298,50.699],[-57.242,50.745],[-57.132,50.787],[-57.053,50.857],[-57.006,50.94],[-57.036,51.011],[-56.976,51.028],[-56.825,51.126],[-56.75,51.275],[-56.682,51.333],[-56.518,51.399],[-56.207,51.489],[-56.026,51.568],[-55.902,51.564],[-55.866,51.508],[-55.69,51.471],[-55.66,51.511],[-55.701,51.559],[-55.666,51.579],[-55.522,51.596],[-55.453,51.562],[-55.459,51.537]]],[[[-86.589,71.011],[-86.55,70.989],[-86.321,71.017],[-85.644,71.152],[-85.095,71.152],[-85.002,71.137],[-85.066,71.079],[-84.988,71.032],[-84.87,71.002],[-84.824,71.029],[-84.79,71.093],[-84.658,71.515],[-84.66,71.586],[-84.699,71.631],[-84.84,71.659],[-85.131,71.661],[-85.339,71.697],[-85.596,71.866],[-85.912,71.987],[-85.862,72.022],[-85.546,72.102],[-85.406,72.215],[-85.322,72.233],[-85.019,72.218],[-84.284,72.044],[-84.282,72.058],[-84.347,72.094],[-84.643,72.19],[-84.842,72.308],[-84.811,72.33],[-84.645,72.351],[-84.623,72.377],[-84.849,72.406],[-85.156,72.383],[-85.341,72.422],[-85.498,72.511],[-85.554,72.569],[-85.616,72.605],[-85.638,72.633],[-85.65,72.722],[-85.645,72.774],[-85.575,72.856],[-85.455,72.925],[-85.262,72.954],[-84.257,72.797],[-84.274,72.836],[-85.094,73.003],[-85.384,73.045],[-85.455,73.105],[-85.018,73.335],[-84.616,73.39],[-84.416,73.456],[-84.089,73.459],[-83.782,73.417],[-83.777,73.428],[-83.915,73.508],[-83.904,73.528],[-83.73,73.576],[-83.41,73.632],[-82.66,73.73],[-81.946,73.73],[-81.605,73.696],[-81.406,73.635],[-81.344,73.598],[-81.238,73.48],[-81.152,73.314],[-81.025,73.245],[-80.822,73.207],[-80.681,73.166],[-80.603,73.121],[-80.583,73.065],[-80.619,72.997],[-80.592,72.928],[-80.431,72.816],[-80.277,72.77],[-80.275,72.746],[-80.323,72.717],[-80.999,72.426],[-81.229,72.312],[-81.241,72.278],[-80.761,72.457],[-80.611,72.451],[-80.605,72.426],[-80.702,72.338],[-80.821,72.26],[-80.941,72.21],[-80.691,72.103],[-80.733,72.089],[-80.843,72.096],[-80.921,72.072],[-80.941,72.048],[-80.927,71.938],[-80.948,71.917],[-80.925,71.908],[-80.802,71.929],[-80.386,72.149],[-80.182,72.209],[-80.116,72.214],[-79.884,72.177],[-80.091,72.301],[-80.109,72.332],[-80.042,72.394],[-79.831,72.446],[-79.778,72.439],[-79.654,72.332],[-79.584,72.315],[-79.427,72.337],[-79.323,72.391],[-79.194,72.356],[-79,72.272],[-79.018,72.188],[-79.008,72.043],[-78.776,71.93],[-78.585,71.881],[-78.623,71.935],[-78.711,71.972],[-78.863,72.101],[-78.82,72.265],[-78.699,72.351],[-78.429,72.28],[-78.116,72.28],[-77.726,72.18],[-77.517,72.178],[-77.536,72.219],[-78.287,72.36],[-78.453,72.435],[-78.484,72.471],[-78.479,72.509],[-78.422,72.572],[-78.001,72.688],[-77.753,72.725],[-77.255,72.736],[-76.894,72.721],[-76.698,72.695],[-76.189,72.572],[-76.087,72.561],[-75.704,72.572],[-75.294,72.481],[-75.186,72.434],[-75.071,72.323],[-75.04,72.27],[-75.053,72.226],[-75.394,72.04],[-75.543,72.008],[-75.787,71.803],[-75.923,71.717],[-75.897,71.714],[-75.822,71.746],[-75.6,71.918],[-75.428,71.984],[-75.148,72.063],[-74.903,72.1],[-74.695,72.097],[-74.377,72.067],[-74.266,72.038],[-74.209,71.979],[-74.213,71.939],[-74.316,71.843],[-74.893,71.726],[-75.205,71.709],[-75.191,71.692],[-74.959,71.667],[-74.701,71.676],[-74.707,71.647],[-74.829,71.571],[-74.868,71.505],[-74.834,71.451],[-74.841,71.407],[-75.035,71.231],[-74.996,71.218],[-74.759,71.338],[-74.695,71.469],[-74.6,71.585],[-74.488,71.648],[-74.404,71.673],[-74.139,71.682],[-73.992,71.75],[-73.867,71.771],[-73.707,71.746],[-73.714,71.72],[-73.869,71.599],[-74.197,71.404],[-74.063,71.426],[-73.713,71.588],[-73.622,71.526],[-73.482,71.479],[-73.398,71.373],[-73.181,71.283],[-73.192,71.35],[-73.31,71.484],[-73.278,71.538],[-72.902,71.678],[-72.581,71.607],[-72.365,71.611],[-72.117,71.593],[-71.641,71.516],[-71.46,71.464],[-71.333,71.403],[-71.256,71.362],[-71.187,71.279],[-71.219,71.239],[-71.495,71.105],[-71.593,71.086],[-71.856,71.105],[-71.938,71.094],[-72.298,70.939],[-72.633,70.831],[-72.313,70.833],[-72.224,70.87],[-72.15,70.941],[-72.009,71.013],[-71.743,71.047],[-71.371,70.975],[-71.186,70.978],[-71.045,71.05],[-70.826,71.109],[-70.673,71.052],[-70.636,71.007],[-70.639,70.902],[-70.655,70.871],[-70.762,70.792],[-71.022,70.674],[-71.192,70.63],[-71.586,70.566],[-71.729,70.488],[-71.89,70.432],[-71.772,70.394],[-71.727,70.395],[-71.565,70.506],[-71.427,70.552],[-71.375,70.548],[-71.276,70.5],[-71.28,70.425],[-71.429,70.128],[-71.405,70.129],[-71.313,70.209],[-70.98,70.581],[-70.851,70.644],[-70.561,70.738],[-70.085,70.83],[-69.95,70.845],[-69.796,70.835],[-69.696,70.786],[-69.289,70.783],[-68.496,70.61],[-68.401,70.565],[-68.358,70.523],[-68.364,70.481],[-68.417,70.44],[-68.483,70.415],[-68.643,70.383],[-68.843,70.314],[-69.436,70.253],[-69.699,70.189],[-70.061,70.071],[-70.058,70.043],[-69.913,70.029],[-69.796,70.047],[-69.635,70.129],[-69.483,70.16],[-68.919,70.207],[-68.778,70.204],[-68.753,70.199],[-68.723,70.146],[-68.777,70.101],[-68.839,70.08],[-69.008,69.979],[-68.897,69.953],[-68.744,69.941],[-68.657,69.968],[-68.578,70.03],[-68.489,70.065],[-68.305,70.087],[-68.231,70.112],[-68.21,70.128],[-68.319,70.161],[-68.327,70.18],[-68.204,70.281],[-68.121,70.315],[-68.059,70.317],[-67.855,70.282],[-67.364,70.034],[-67.196,69.861],[-67.173,69.799],[-67.193,69.757],[-67.259,69.721],[-67.337,69.721],[-67.806,69.777],[-68.02,69.77],[-68.189,69.731],[-68.29,69.665],[-68.372,69.644],[-68.67,69.644],[-68.837,69.624],[-69.228,69.547],[-69.251,69.512],[-69.075,69.518],[-68.785,69.564],[-68.513,69.577],[-68.058,69.476],[-67.908,69.46],[-67.725,69.479],[-67.361,69.473],[-67.053,69.421],[-66.771,69.337],[-66.717,69.312],[-66.676,69.258],[-66.679,69.191],[-66.707,69.168],[-66.803,69.153],[-67.332,69.185],[-67.484,69.167],[-67.607,69.173],[-67.938,69.248],[-68.198,69.203],[-68.406,69.232],[-68.619,69.206],[-69.041,69.098],[-68.993,69.079],[-68.416,69.172],[-68.121,69.133],[-67.752,69.039],[-67.751,68.934],[-67.795,68.863],[-67.883,68.784],[-68.45,68.851],[-68.725,68.81],[-69.219,68.873],[-69.343,68.869],[-69.319,68.857],[-68.871,68.76],[-68.333,68.733],[-68.21,68.703],[-68.152,68.681],[-68.148,68.616],[-68.038,68.551],[-67.938,68.524],[-67.656,68.551],[-67.456,68.498],[-67.202,68.466],[-66.854,68.472],[-66.714,68.446],[-66.997,68.374],[-67.033,68.326],[-66.831,68.216],[-66.834,68.18],[-66.923,68.066],[-66.729,68.129],[-66.702,68.121],[-66.685,68.029],[-66.663,68.034],[-66.605,68.11],[-66.631,68.211],[-66.531,68.25],[-66.212,68.28],[-66.266,68.123],[-66.275,68.041],[-66.414,67.904],[-66.53,67.86],[-66.444,67.834],[-66.392,67.832],[-66.343,67.853],[-66.225,67.959],[-65.986,68.069],[-65.942,68.071],[-65.975,67.957],[-65.864,67.923],[-65.702,67.987],[-65.509,67.968],[-65.491,67.936],[-65.552,67.799],[-65.541,67.766],[-65.401,67.675],[-65.387,67.68],[-65.442,67.832],[-65.415,67.879],[-65.3,67.94],[-65.064,68.026],[-64.977,68.043],[-64.835,67.99],[-64.863,67.965],[-64.956,67.939],[-65.026,67.892],[-65.071,67.824],[-65.021,67.788],[-64.83,67.784],[-64.638,67.84],[-64.528,67.813],[-64.156,67.623],[-64.019,67.655],[-63.85,67.566],[-64.077,67.496],[-64.008,67.347],[-64.7,67.351],[-64.589,67.316],[-64.376,67.301],[-64.356,67.256],[-63.836,67.264],[-63.824,67.316],[-63.592,67.378],[-63.316,67.336],[-63.04,67.235],[-63.162,67.174],[-63.258,67.025],[-63.702,66.822],[-63.636,66.821],[-62.962,66.949],[-62.768,66.932],[-62.71,66.954],[-62.38,66.905],[-62.124,67.047],[-61.969,67.019],[-61.3,66.649],[-61.307,66.609],[-61.528,66.558],[-61.724,66.638],[-61.904,66.678],[-62.014,66.674],[-62.123,66.643],[-61.653,66.503],[-61.576,66.413],[-61.571,66.373],[-61.863,66.313],[-61.956,66.309],[-62.158,66.338],[-62.277,66.392],[-62.375,66.411],[-62.553,66.407],[-62.406,66.316],[-62.42,66.289],[-62.496,66.271],[-62.534,66.227],[-62.242,66.148],[-62.024,66.068],[-61.992,66.035],[-62.244,66.006],[-62.59,66.034],[-62.624,66.016],[-62.448,65.946],[-62.41,65.906],[-62.382,65.833],[-62.486,65.804],[-62.61,65.724],[-62.659,65.64],[-62.772,65.632],[-62.817,65.648],[-62.969,65.622],[-63.169,65.657],[-63.459,65.853],[-63.464,65.835],[-63.41,65.756],[-63.421,65.709],[-63.652,65.674],[-63.651,65.661],[-63.337,65.617],[-63.364,65.543],[-63.363,65.23],[-63.402,65.118],[-63.486,65.021],[-63.607,64.928],[-63.737,64.989],[-63.789,65.051],[-63.896,65.109],[-64.061,65.122],[-64.152,65.066],[-64.346,65.172],[-64.31,65.325],[-64.27,65.401],[-64.34,65.364],[-64.47,65.253],[-64.555,65.117],[-64.665,65.169],[-65.108,65.464],[-65.176,65.568],[-65.282,65.677],[-65.402,65.764],[-65.378,65.822],[-65.185,65.94],[-65.032,65.989],[-64.854,66.016],[-64.773,66.079],[-64.673,66.193],[-64.564,66.272],[-64.445,66.317],[-64.504,66.325],[-64.655,66.287],[-65.004,66.078],[-65.416,65.995],[-65.826,65.997],[-65.891,66.02],[-65.857,66.086],[-65.656,66.205],[-65.688,66.213],[-65.759,66.171],[-65.856,66.142],[-65.94,66.127],[-66.064,66.133],[-66.209,66.206],[-66.477,66.28],[-66.712,66.46],[-66.787,66.556],[-66.863,66.595],[-66.986,66.627],[-67.015,66.622],[-66.97,66.582],[-66.969,66.547],[-67.077,66.525],[-67.19,66.533],[-67.307,66.57],[-67.318,66.52],[-67.192,66.433],[-67.19,66.322],[-67.225,66.31],[-67.311,66.304],[-67.369,66.317],[-67.56,66.4],[-67.741,66.458],[-67.868,66.49],[-67.883,66.467],[-67.704,66.269],[-67.183,66.034],[-67.273,65.956],[-67.35,65.93],[-67.551,65.922],[-67.828,65.965],[-67.958,66.014],[-68.147,66.13],[-68.46,66.249],[-68.528,66.249],[-68.749,66.2],[-68.467,66.173],[-68.217,66.079],[-68.198,66.039],[-68.261,65.995],[-68.257,65.939],[-68.187,65.871],[-68.115,65.828],[-67.894,65.793],[-67.866,65.774],[-67.954,65.623],[-67.962,65.582],[-67.937,65.565],[-67.717,65.625],[-67.57,65.644],[-67.4,65.588],[-67.346,65.549],[-67.303,65.483],[-67.118,65.44],[-67.135,65.421],[-67.337,65.347],[-67.178,65.304],[-67.067,65.244],[-66.999,65.173],[-66.97,65.085],[-66.887,65.094],[-66.831,65.074],[-66.733,64.86],[-66.697,64.815],[-66.677,64.814],[-66.667,64.974],[-66.635,65],[-66.518,64.972],[-66.224,64.854],[-66.21,64.828],[-66.302,64.778],[-66.215,64.722],[-66.152,64.735],[-66.108,64.791],[-66.03,64.847],[-65.939,64.886],[-65.768,64.854],[-65.627,64.771],[-65.605,64.742],[-65.513,64.706],[-65.432,64.726],[-65.275,64.632],[-65.513,64.526],[-65.529,64.505],[-65.179,64.51],[-65.095,64.485],[-65.075,64.437],[-65.213,64.303],[-65.507,64.318],[-65.594,64.311],[-65.58,64.294],[-65.348,64.232],[-65.15,64.087],[-65.151,64.068],[-65.187,64.038],[-65.17,64.028],[-65.011,64.009],[-64.912,64.026],[-64.678,64.028],[-64.67,64.01],[-64.686,63.961],[-64.798,63.916],[-64.768,63.905],[-64.637,63.918],[-64.576,63.897],[-64.498,63.79],[-64.411,63.706],[-64.562,63.68],[-64.55,63.573],[-64.499,63.463],[-64.514,63.264],[-64.587,63.243],[-64.665,63.245],[-64.696,63.269],[-64.933,63.599],[-65.192,63.764],[-65.089,63.606],[-65.005,63.333],[-65.017,63.293],[-65.058,63.283],[-65.069,63.263],[-64.82,63.06],[-64.718,62.946],[-64.672,62.922],[-64.684,62.902],[-64.752,62.887],[-64.869,62.88],[-65.133,62.952],[-65.163,62.933],[-65.047,62.701],[-65.05,62.646],[-65.108,62.626],[-65.18,62.649],[-65.266,62.715],[-65.572,62.869],[-65.74,62.932],[-65.834,62.909],[-65.979,63.001],[-66.224,63.107],[-66.249,63.108],[-66.201,63.006],[-66.229,62.991],[-66.414,63.027],[-66.655,63.265],[-66.636,63.08],[-66.697,63.07],[-66.749,63.111],[-66.773,63.162],[-66.831,63.201],[-66.975,63.256],[-67.018,63.317],[-67.18,63.305],[-67.261,63.341],[-67.495,63.481],[-67.709,63.634],[-67.893,63.734],[-67.821,63.635],[-67.723,63.423],[-67.759,63.42],[-67.838,63.449],[-68.244,63.637],[-68.494,63.725],[-68.859,63.752],[-68.911,63.703],[-68.789,63.595],[-68.671,63.514],[-68.374,63.352],[-68.141,63.172],[-67.915,63.114],[-67.676,63.094],[-67.665,63.073],[-67.737,63.01],[-67.367,62.914],[-67.269,62.858],[-67.213,62.844],[-66.98,62.701],[-66.645,62.602],[-66.459,62.463],[-66.357,62.352],[-66.281,62.303],[-65.98,62.209],[-66.027,62.137],[-66.133,62.102],[-66.056,61.967],[-66.059,61.914],[-66.257,61.868],[-66.324,61.87],[-66.551,61.926],[-66.803,62.013],[-67.181,62.073],[-67.322,62.105],[-67.44,62.151],[-68.379,62.235],[-68.634,62.281],[-68.724,62.319],[-69.126,62.424],[-69.366,62.572],[-69.545,62.745],[-69.605,62.768],[-69.8,62.79],[-70.071,62.757],[-70.236,62.763],[-70.571,62.869],[-70.801,62.91],[-71.106,63.002],[-70.946,63.121],[-70.993,63.119],[-71.254,63.043],[-71.347,63.066],[-71.617,63.187],[-71.855,63.355],[-71.992,63.416],[-71.973,63.43],[-71.697,63.43],[-71.614,63.444],[-71.456,63.512],[-71.387,63.555],[-71.381,63.58],[-71.513,63.587],[-71.627,63.663],[-71.725,63.706],[-71.838,63.725],[-72.223,63.709],[-72.29,63.728],[-72.289,63.757],[-72.172,63.872],[-72.159,63.89],[-72.174,63.893],[-72.226,63.891],[-72.45,63.818],[-72.498,63.823],[-72.586,63.901],[-72.639,63.989],[-72.678,64.02],[-72.73,64.03],[-72.913,64.117],[-73.27,64.333],[-73.455,64.399],[-73.444,64.423],[-73.278,64.56],[-73.271,64.583],[-73.413,64.574],[-73.627,64.603],[-73.728,64.568],[-73.91,64.578],[-73.95,64.466],[-73.981,64.438],[-74.065,64.425],[-74.099,64.444],[-74.13,64.608],[-74.205,64.628],[-74.461,64.645],[-74.512,64.67],[-74.634,64.824],[-74.681,64.831],[-74.813,64.796],[-74.916,64.792],[-74.919,64.766],[-74.73,64.647],[-74.64,64.557],[-74.695,64.497],[-75.067,64.457],[-75.328,64.49],[-75.488,64.541],[-75.715,64.524],[-75.767,64.392],[-76.118,64.376],[-76.407,64.303],[-76.562,64.302],[-76.724,64.242],[-76.856,64.238],[-77.024,64.271],[-77.283,64.28],[-77.403,64.3],[-77.628,64.363],[-77.791,64.367],[-78.045,64.499],[-78.175,64.618],[-78.198,64.665],[-78.19,64.752],[-78.145,64.808],[-78.096,64.939],[-78.055,64.983],[-77.876,65.073],[-77.447,65.162],[-77.361,65.197],[-77.364,65.22],[-77.461,65.328],[-77.46,65.356],[-77.327,65.453],[-77.251,65.463],[-77.094,65.431],[-76.779,65.414],[-76.482,65.37],[-75.828,65.227],[-75.648,65.141],[-75.52,65.056],[-75.502,65.013],[-75.591,64.928],[-75.589,64.905],[-75.452,64.842],[-75.427,64.856],[-75.435,64.901],[-75.414,64.939],[-75.363,64.969],[-75.357,65.009],[-75.446,65.1],[-75.773,65.257],[-75.799,65.298],[-75.709,65.316],[-75.317,65.275],[-75.166,65.284],[-75.048,65.364],[-74.982,65.381],[-74.85,65.389],[-74.665,65.367],[-74.495,65.372],[-74.391,65.398],[-74.237,65.484],[-73.99,65.517],[-73.551,65.485],[-73.561,65.543],[-73.746,65.767],[-74.033,65.877],[-74.276,66.013],[-74.401,66.097],[-74.434,66.139],[-74.416,66.167],[-74.375,66.208],[-73.934,66.358],[-73.584,66.507],[-73.281,66.675],[-73.033,66.728],[-72.985,66.765],[-72.947,66.883],[-72.789,67.031],[-72.668,67.07],[-72.485,67.098],[-72.365,67.133],[-72.22,67.254],[-72.234,67.284],[-72.353,67.342],[-72.576,67.659],[-72.725,67.812],[-72.904,67.945],[-73.063,68.107],[-73.328,68.267],[-73.331,68.309],[-73.284,68.357],[-73.307,68.368],[-73.58,68.298],[-73.644,68.295],[-73.821,68.363],[-73.879,68.429],[-73.873,68.464],[-73.783,68.578],[-73.781,68.619],[-73.798,68.659],[-73.852,68.701],[-74.073,68.715],[-74.118,68.701],[-73.966,68.579],[-73.989,68.549],[-74.27,68.541],[-74.422,68.58],[-74.648,68.708],[-74.696,68.756],[-74.681,68.79],[-74.7,68.808],[-74.808,68.796],[-74.91,68.823],[-74.752,68.892],[-74.743,68.913],[-74.816,68.936],[-74.925,68.941],[-74.954,68.961],[-74.717,69.046],[-74.855,69.066],[-75.104,68.941],[-75.213,68.909],[-75.363,68.948],[-75.457,68.961],[-75.523,68.953],[-75.623,68.888],[-76.235,68.728],[-76.403,68.692],[-76.585,68.699],[-76.619,68.721],[-76.616,68.76],[-76.575,68.847],[-76.588,68.974],[-76.557,69.009],[-76.381,69.052],[-76.089,69.026],[-75.954,69.031],[-75.763,69.103],[-75.668,69.159],[-75.648,69.213],[-75.787,69.319],[-76.046,69.386],[-76.408,69.441],[-76.52,69.517],[-76.516,69.591],[-76.463,69.62],[-76.231,69.653],[-76.424,69.687],[-76.513,69.684],[-76.742,69.573],[-77.09,69.635],[-77.129,69.653],[-76.869,69.745],[-76.859,69.775],[-77.016,69.836],[-77.232,69.855],[-77.494,69.836],[-77.592,69.846],[-77.663,69.966],[-77.722,70.171],[-77.774,70.239],[-77.843,70.247],[-78.157,70.219],[-78.283,70.229],[-78.621,70.353],[-78.773,70.445],[-78.831,70.463],[-78.98,70.581],[-79.066,70.604],[-79.253,70.535],[-79.347,70.482],[-79.397,70.437],[-79.405,70.401],[-79.347,70.372],[-79.018,70.325],[-78.934,70.294],[-78.863,70.242],[-78.81,70.179],[-78.775,70.104],[-78.778,70.048],[-78.819,70.01],[-78.89,69.977],[-79.093,69.925],[-79.303,69.895],[-79.515,69.888],[-80.162,69.996],[-80.387,70.01],[-80.67,70.052],[-81.098,70.091],[-81.56,70.111],[-81.652,70.095],[-81.422,70.025],[-81.329,70.024],[-81.197,69.983],[-81.024,69.9],[-80.843,69.792],[-80.84,69.771],[-80.922,69.731],[-81.565,69.943],[-82.139,69.841],[-82.294,69.837],[-83.15,70.009],[-83.531,69.965],[-83.859,69.963],[-84.522,70.005],[-84.765,70.034],[-84.909,70.078],[-85.432,70.111],[-85.78,70.037],[-86.198,70.105],[-86.322,70.145],[-86.483,70.289],[-86.5,70.35],[-86.465,70.406],[-86.397,70.465],[-86.704,70.391],[-87.122,70.412],[-87.172,70.4],[-87.156,70.377],[-87.074,70.345],[-87.063,70.325],[-87.238,70.31],[-87.618,70.319],[-87.838,70.247],[-87.901,70.252],[-88.178,70.369],[-88.402,70.442],[-88.663,70.471],[-88.848,70.523],[-89.208,70.76],[-89.258,70.811],[-89.372,70.996],[-89.456,71.062],[-88.696,71.046],[-88.517,71.031],[-88.309,70.984],[-88.039,70.951],[-87.845,70.944],[-87.182,70.988],[-87.14,71.012],[-87.572,71.108],[-87.872,71.209],[-88.061,71.227],[-88.59,71.24],[-89.079,71.288],[-89.418,71.352],[-89.693,71.423],[-89.805,71.462],[-89.846,71.492],[-89.977,71.848],[-90.02,71.902],[-90.025,71.949],[-89.931,72.049],[-89.664,72.158],[-89.657,72.175],[-89.823,72.208],[-89.859,72.248],[-89.874,72.367],[-89.862,72.412],[-89.817,72.468],[-89.536,72.69],[-89.358,72.804],[-89.327,72.842],[-89.288,73.017],[-89.225,73.108],[-88.977,73.252],[-88.761,73.312],[-88.727,73.388],[-88.705,73.403],[-88.17,73.595],[-87.72,73.723],[-86.769,73.834],[-86.406,73.855],[-85.951,73.85],[-85.11,73.808],[-85.009,73.779],[-84.947,73.722],[-84.975,73.695],[-85.204,73.604],[-85.682,73.461],[-86.086,73.26],[-86.481,72.96],[-86.629,72.871],[-86.668,72.763],[-86.656,72.724],[-86.595,72.661],[-86.38,72.525],[-86.323,72.461],[-86.348,72.262],[-86.341,72.123],[-86.218,71.899],[-86.036,71.771],[-85.537,71.555],[-85.079,71.398],[-85.023,71.353],[-85.138,71.303],[-85.405,71.227],[-85.945,71.163],[-86.179,71.096],[-86.589,71.011]]],[[[-61.801,49.094],[-62.22,49.079],[-62.8,49.171],[-63.042,49.225],[-63.566,49.399],[-63.676,49.534],[-63.777,49.602],[-63.885,49.658],[-64.44,49.828],[-64.485,49.887],[-64.373,49.926],[-64.244,49.944],[-64.131,49.942],[-63.76,49.875],[-63.292,49.817],[-62.859,49.705],[-62.633,49.624],[-62.133,49.407],[-62.043,49.39],[-61.817,49.284],[-61.736,49.204],[-61.696,49.139],[-61.746,49.106],[-61.801,49.094]]],[[[-63.811,46.469],[-63.784,46.455],[-63.737,46.481],[-63.681,46.562],[-63.534,46.541],[-63.456,46.504],[-63.369,46.508],[-63.286,46.46],[-63.129,46.422],[-62.164,46.487],[-62.074,46.466],[-62.024,46.422],[-62.32,46.278],[-62.526,46.203],[-62.552,46.166],[-62.543,46.029],[-62.503,46.023],[-62.478,46],[-62.531,45.977],[-62.805,45.973],[-62.878,46.001],[-62.904,46.068],[-63.022,46.067],[-62.895,46.124],[-62.953,46.195],[-63.015,46.19],[-63.056,46.224],[-63.053,46.27],[-62.995,46.292],[-62.978,46.316],[-63.271,46.2],[-63.153,46.188],[-63.213,46.16],[-63.277,46.153],[-63.569,46.209],[-63.641,46.23],[-63.732,46.289],[-63.801,46.367],[-63.763,46.37],[-63.751,46.384],[-63.759,46.398],[-64.02,46.405],[-64.111,46.425],[-64.107,46.562],[-64.136,46.6],[-64.236,46.631],[-64.388,46.641],[-64.403,46.692],[-64.355,46.769],[-64.223,46.901],[-63.994,47.062],[-63.997,46.982],[-63.981,46.913],[-64.088,46.775],[-63.903,46.639],[-63.864,46.572],[-63.906,46.509],[-63.834,46.494],[-63.811,46.469]]],[[[-82,62.954],[-81.961,62.926],[-81.949,62.884],[-81.964,62.828],[-82.026,62.73],[-82.114,62.652],[-82.388,62.519],[-82.568,62.403],[-83.016,62.21],[-83.13,62.204],[-83.252,62.233],[-83.377,62.238],[-83.699,62.16],[-83.714,62.174],[-83.729,62.257],[-83.761,62.304],[-83.903,62.402],[-83.912,62.426],[-83.899,62.476],[-83.739,62.569],[-83.376,62.905],[-83.289,62.922],[-83.111,62.884],[-82.966,62.874],[-82.706,62.945],[-82.46,62.936],[-82.235,62.977],[-82.048,62.971],[-82,62.954]]],[[[-79.545,62.412],[-79.466,62.385],[-79.336,62.294],[-79.286,62.248],[-79.272,62.186],[-79.324,62.026],[-79.542,61.808],[-79.669,61.644],[-79.763,61.596],[-79.816,61.595],[-80.092,61.747],[-80.205,61.777],[-80.265,61.818],[-80.28,61.99],[-80.26,62.109],[-80.179,62.213],[-80.022,62.343],[-79.927,62.393],[-79.868,62.404],[-79.713,62.395],[-79.545,62.412]]],[[[-75.676,68.323],[-75.154,68.234],[-75.078,68.173],[-75.062,68.075],[-75.127,67.965],[-75.086,67.751],[-75.091,67.635],[-75.127,67.537],[-75.202,67.459],[-75.4,67.367],[-75.78,67.284],[-76.694,67.236],[-76.859,67.24],[-77.005,67.267],[-77.157,67.408],[-77.224,67.508],[-77.306,67.706],[-77.229,67.85],[-76.945,68.091],[-76.74,68.231],[-76.596,68.279],[-76.364,68.319],[-76.173,68.309],[-75.867,68.337],[-75.676,68.323]]],[[[-79.537,73.654],[-79.367,73.641],[-78.287,73.666],[-78.063,73.648],[-77.207,73.5],[-77.12,73.45],[-77.005,73.356],[-76.759,73.31],[-76.657,73.254],[-76.57,73.159],[-76.29,73.081],[-76.31,72.998],[-76.09,72.881],[-76.183,72.843],[-76.401,72.821],[-77.836,72.897],[-78.314,72.882],[-79.134,72.772],[-79.501,72.756],[-79.937,72.864],[-80.052,72.977],[-80.183,73.225],[-80.618,73.271],[-80.776,73.334],[-80.824,73.381],[-80.823,73.429],[-80.798,73.472],[-80.736,73.483],[-80.827,73.535],[-80.858,73.591],[-80.861,73.671],[-80.849,73.721],[-80.823,73.743],[-80.763,73.758],[-80.412,73.765],[-80.12,73.707],[-79.889,73.702],[-79.537,73.654]]],[[[-80.732,52.747],[-80.802,52.734],[-81.097,52.78],[-81.352,52.852],[-81.839,52.958],[-82.005,53.01],[-82.039,53.05],[-81.951,53.132],[-81.847,53.186],[-81.335,53.224],[-81.136,53.206],[-80.765,52.923],[-80.71,52.832],[-80.71,52.787],[-80.732,52.747]]],[[[-78.827,56.145],[-78.914,56.133],[-78.907,56.166],[-78.828,56.29],[-78.799,56.383],[-78.725,56.439],[-78.669,56.439],[-78.657,56.317],[-78.673,56.26],[-78.71,56.213],[-78.827,56.145]]],[[[-78.936,56.266],[-79.084,56.068],[-79.175,55.885],[-79.228,55.879],[-79.274,55.922],[-79.142,56.136],[-79.142,56.181],[-79.182,56.212],[-79.407,55.935],[-79.495,55.875],[-79.606,55.876],[-79.765,55.807],[-79.497,56.093],[-79.495,56.115],[-79.545,56.128],[-79.781,55.941],[-79.905,55.871],[-79.987,55.892],[-80.008,55.911],[-80.001,55.932],[-79.79,56.114],[-79.596,56.244],[-79.515,56.327],[-79.482,56.404],[-79.459,56.54],[-79.435,56.513],[-79.432,56.447],[-79.476,56.313],[-79.554,56.192],[-79.536,56.18],[-79.458,56.211],[-79.393,56.276],[-79.305,56.463],[-79.272,56.6],[-79.21,56.549],[-79.124,56.52],[-79.078,56.454],[-78.963,56.422],[-78.942,56.345],[-78.907,56.32],[-78.936,56.266]]],[[[-79.978,56.207],[-80.029,56.199],[-80.089,56.214],[-80.057,56.287],[-79.852,56.367],[-79.749,56.377],[-79.58,56.466],[-79.688,56.327],[-79.978,56.207]]],[[[-89.833,77.268],[-90.095,77.21],[-90.228,77.212],[-90.993,77.329],[-91.147,77.387],[-91.177,77.426],[-91.183,77.557],[-91.149,77.608],[-91.109,77.626],[-90.843,77.655],[-90.423,77.628],[-90.172,77.595],[-89.719,77.442],[-89.694,77.378],[-89.712,77.31],[-89.833,77.268]]],[[[-104.558,77.142],[-104.711,77.124],[-105.215,77.182],[-105.556,77.353],[-105.695,77.461],[-105.747,77.525],[-105.848,77.563],[-105.883,77.627],[-106.066,77.725],[-105.863,77.754],[-105.588,77.736],[-105.29,77.642],[-105.007,77.507],[-104.994,77.45],[-104.955,77.419],[-104.77,77.413],[-104.542,77.338],[-104.454,77.249],[-104.493,77.162],[-104.558,77.142]]],[[[-98.792,79.981],[-98.769,79.851],[-98.79,79.785],[-98.841,79.737],[-98.945,79.724],[-99.302,79.784],[-99.333,79.84],[-99.516,79.887],[-100,79.884],[-100.092,79.919],[-100.126,80.001],[-100.12,80.03],[-100.053,80.093],[-99.731,80.144],[-99.017,80.111],[-98.895,80.082],[-98.823,80.037],[-98.792,79.981]]],[[[-105.289,72.92],[-105.339,72.915],[-105.434,72.938],[-106.071,73.196],[-106.113,73.258],[-106.18,73.304],[-106.526,73.413],[-106.922,73.48],[-106.95,73.51],[-106.831,73.599],[-106.614,73.696],[-105.512,73.766],[-105.318,73.767],[-105.114,73.744],[-104.835,73.647],[-104.649,73.614],[-104.587,73.578],[-104.555,73.541],[-104.552,73.466],[-104.583,73.354],[-104.622,73.311],[-104.791,73.168],[-104.969,73.089],[-105.003,73.038],[-105.075,72.997],[-105.289,72.92]]],[[[-102.227,76.015],[-102.018,75.954],[-102.008,75.939],[-102.423,75.869],[-102.58,75.78],[-103.315,75.764],[-103.245,75.823],[-103.042,75.919],[-103.202,75.958],[-103.77,75.892],[-103.985,75.933],[-103.801,76.037],[-104.242,76.047],[-104.406,76.108],[-104.351,76.182],[-104.012,76.223],[-103.098,76.311],[-102.728,76.307],[-102.584,76.282],[-102.49,76.095],[-102.426,76.086],[-102.227,76.015]]],[[[-104.023,76.583],[-103.723,76.601],[-103.613,76.563],[-103.585,76.539],[-103.19,76.477],[-103.051,76.45],[-103.034,76.431],[-103.2,76.371],[-103.472,76.329],[-104.358,76.335],[-104.408,76.365],[-104.603,76.583],[-104.586,76.606],[-104.5,76.63],[-104.205,76.666],[-104.075,76.666],[-103.992,76.657],[-103.959,76.639],[-103.969,76.614],[-104.023,76.583]]],[[[-118.328,75.58],[-118.614,75.515],[-118.817,75.522],[-119.087,75.569],[-119.306,75.585],[-119.383,75.601],[-119.395,75.617],[-119.227,75.699],[-118.626,75.906],[-118.137,75.994],[-117.752,76.112],[-117.513,76.099],[-117.499,76.077],[-117.626,75.966],[-118.227,75.611],[-118.328,75.58]]],[[[-113.832,77.755],[-114.106,77.721],[-114.287,77.721],[-114.608,77.769],[-114.98,77.915],[-115.029,77.968],[-114.89,77.977],[-114.607,78.04],[-114.33,78.078],[-114.297,78.063],[-114.303,78.033],[-114.28,78.004],[-114.087,77.978],[-113.898,77.916],[-113.768,77.904],[-113.618,77.832],[-113.619,77.813],[-113.832,77.755]]],[[[-130.927,54.479],[-130.95,54.478],[-130.953,54.542],[-130.907,54.632],[-130.758,54.614],[-130.763,54.577],[-130.927,54.479]]],[[[-131.029,51.962],[-131.081,51.98],[-131.103,52.014],[-131.117,52.101],[-131.098,52.151],[-131.011,52.095],[-131.029,51.962]]],[[[-130.236,53.959],[-130.338,53.866],[-130.384,53.844],[-130.47,53.862],[-130.537,53.918],[-130.625,53.941],[-130.642,53.921],[-130.644,53.845],[-130.664,53.848],[-130.703,53.892],[-130.707,53.921],[-130.696,53.951],[-130.647,53.991],[-130.448,54.089],[-130.397,54.086],[-130.316,54.047],[-130.236,53.959]]],[[[-129.849,53.168],[-129.934,53.177],[-130.151,53.346],[-130.306,53.407],[-130.411,53.491],[-130.518,53.544],[-130.452,53.631],[-130.395,53.62],[-130.195,53.55],[-129.945,53.436],[-129.755,53.245],[-129.769,53.217],[-129.849,53.168]]],[[[-130.575,54.77],[-130.214,55.026],[-130.204,54.947],[-130.349,54.815],[-130.535,54.749],[-130.575,54.77]]],[[[-128.552,52.94],[-128.507,52.621],[-128.51,52.519],[-128.577,52.452],[-128.624,52.34],[-128.679,52.29],[-128.731,52.357],[-128.736,52.468],[-128.766,52.598],[-128.746,52.763],[-128.831,52.679],[-128.9,52.674],[-129.023,52.756],[-129.085,52.822],[-129.095,52.892],[-129.176,52.965],[-129.184,52.991],[-129.084,53.14],[-129.06,53.241],[-129.033,53.28],[-128.97,53.274],[-128.858,53.229],[-128.633,53.113],[-128.552,52.94]]],[[[-126.092,49.354],[-126.064,49.264],[-126.23,49.296],[-126.231,49.339],[-126.209,49.38],[-126.092,49.354]]],[[[-124.154,49.531],[-124.14,49.51],[-124.362,49.588],[-124.65,49.758],[-124.623,49.775],[-124.547,49.765],[-124.421,49.728],[-124.309,49.667],[-124.154,49.531]]],[[[-126.641,49.606],[-126.743,49.613],[-126.939,49.718],[-126.951,49.736],[-126.897,49.783],[-126.926,49.838],[-126.826,49.872],[-126.738,49.844],[-126.65,49.746],[-126.628,49.675],[-126.626,49.627],[-126.641,49.606]]],[[[-125.184,50.097],[-125.195,50.044],[-125.26,50.13],[-125.358,50.312],[-125.301,50.414],[-125.261,50.418],[-125.196,50.39],[-125.14,50.34],[-125.091,50.268],[-125.074,50.221],[-125.184,50.097]]],[[[-128.937,52.51],[-128.969,52.464],[-129.151,52.605],[-129.25,52.722],[-129.264,52.801],[-129.246,52.811],[-129.186,52.791],[-128.994,52.662],[-128.94,52.601],[-128.937,52.51]]],[[[-127.925,51.474],[-127.941,51.457],[-127.981,51.457],[-128.045,51.474],[-128.092,51.511],[-128.149,51.627],[-128.142,51.647],[-128.032,51.708],[-127.999,51.704],[-127.916,51.585],[-127.925,51.474]]],[[[-128.369,52.401],[-128.445,52.388],[-128.412,52.473],[-128.436,52.56],[-128.44,52.696],[-128.365,52.782],[-128.247,52.784],[-128.324,52.459],[-128.369,52.401]]],[[[-129.314,52.992],[-129.37,52.998],[-129.41,53.024],[-129.5,53.129],[-129.515,53.179],[-129.451,53.175],[-129.344,53.053],[-129.314,52.992]]],[[[-129.168,53.118],[-129.277,53.111],[-129.324,53.142],[-129.331,53.174],[-129.314,53.212],[-129.253,53.285],[-129.238,53.33],[-129.177,53.259],[-129.168,53.118]]],[[[-123.435,48.754],[-123.477,48.729],[-123.518,48.75],[-123.582,48.926],[-123.468,48.867],[-123.488,48.846],[-123.423,48.793],[-123.407,48.756],[-123.435,48.754]]],[[[-59.788,43.94],[-59.922,43.904],[-60.038,43.907],[-60.114,43.939],[-60.117,43.953],[-59.866,43.947],[-59.727,44.003],[-59.788,43.94]]],[[[-60.962,45.49],[-61.003,45.482],[-61.076,45.537],[-61.082,45.558],[-61.026,45.577],[-60.912,45.567],[-60.962,45.49]]],[[[-61.914,47.285],[-61.879,47.266],[-61.773,47.26],[-61.834,47.223],[-61.951,47.219],[-62.008,47.234],[-61.925,47.425],[-61.548,47.632],[-61.474,47.647],[-61.396,47.638],[-61.476,47.564],[-61.582,47.56],[-61.684,47.499],[-61.751,47.431],[-61.831,47.392],[-61.887,47.345],[-61.914,47.285]]],[[[-64.509,47.887],[-64.534,47.814],[-64.621,47.752],[-64.685,47.754],[-64.66,47.794],[-64.663,47.863],[-64.565,47.866],[-64.509,47.887]]],[[[-64.476,47.959],[-64.591,47.907],[-64.541,47.985],[-64.5,48.014],[-64.481,48.007],[-64.476,47.959]]],[[[-66.274,44.292],[-66.324,44.257],[-66.25,44.379],[-66.21,44.392],[-66.274,44.292]]],[[[-66.762,44.682],[-66.897,44.629],[-66.845,44.764],[-66.802,44.805],[-66.745,44.791],[-66.762,44.682]]],[[[-73.567,45.469],[-73.644,45.449],[-73.775,45.468],[-73.961,45.441],[-73.853,45.516],[-73.687,45.561],[-73.522,45.701],[-73.476,45.705],[-73.567,45.469]]],[[[-73.695,45.585],[-73.816,45.565],[-73.858,45.574],[-73.725,45.672],[-73.572,45.694],[-73.695,45.585]]],[[[-71.026,46.873],[-71.117,46.865],[-71.095,46.9],[-70.971,46.961],[-70.88,46.996],[-70.826,46.995],[-70.913,46.92],[-71.026,46.873]]],[[[-55.536,50.72],[-55.601,50.709],[-55.629,50.721],[-55.634,50.74],[-55.604,50.781],[-55.527,50.801],[-55.469,50.796],[-55.473,50.776],[-55.536,50.72]]],[[[-54.554,49.589],[-54.787,49.496],[-54.819,49.514],[-54.864,49.576],[-54.855,49.597],[-54.813,49.599],[-54.764,49.562],[-54.733,49.562],[-54.619,49.622],[-54.559,49.631],[-54.538,49.62],[-54.554,49.589]]],[[[-55.361,51.89],[-55.42,51.9],[-55.4,51.938],[-55.346,51.983],[-55.274,51.995],[-55.294,51.93],[-55.361,51.89]]],[[[-54.094,49.744],[-53.981,49.662],[-54.238,49.592],[-54.286,49.595],[-54.278,49.711],[-54.259,49.719],[-54.199,49.689],[-54.138,49.751],[-54.094,49.744]]],[[[-54.227,47.441],[-54.276,47.407],[-54.326,47.408],[-54.32,47.439],[-54.227,47.54],[-54.215,47.585],[-54.128,47.647],[-54.148,47.573],[-54.227,47.441]]],[[[-64.824,62.559],[-64.515,62.552],[-64.465,62.536],[-64.418,62.487],[-64.478,62.418],[-64.546,62.391],[-64.657,62.384],[-64.901,62.421],[-64.956,62.458],[-64.931,62.485],[-64.827,62.505],[-64.849,62.543],[-64.824,62.559]]],[[[-68.234,60.241],[-68.324,60.233],[-68.365,60.254],[-68.368,60.315],[-68.142,60.562],[-68.088,60.588],[-67.978,60.57],[-67.914,60.54],[-67.819,60.45],[-67.844,60.392],[-67.922,60.34],[-68.234,60.241]]],[[[-70.337,62.549],[-70.542,62.552],[-70.766,62.597],[-70.838,62.648],[-70.851,62.704],[-70.986,62.788],[-71.137,62.816],[-71.22,62.874],[-71.135,62.878],[-70.835,62.84],[-70.674,62.807],[-70.443,62.734],[-70.292,62.616],[-70.269,62.578],[-70.337,62.549]]],[[[-64.833,61.366],[-64.88,61.357],[-64.954,61.41],[-65.054,61.432],[-65.394,61.563],[-65.427,61.611],[-65.432,61.65],[-65.13,61.686],[-64.954,61.685],[-64.79,61.662],[-64.67,61.593],[-64.696,61.471],[-64.833,61.366]]],[[[-65.031,61.879],[-64.961,61.872],[-64.924,61.824],[-64.846,61.78],[-64.847,61.762],[-64.928,61.733],[-65.166,61.798],[-65.23,61.864],[-65.235,61.898],[-65.211,61.928],[-65.126,61.942],[-65.068,61.926],[-65.031,61.879]]],[[[-69.16,59.04],[-69.221,58.968],[-69.302,58.977],[-69.353,58.961],[-69.316,59.029],[-69.312,59.075],[-69.33,59.121],[-69.303,59.145],[-69.195,59.146],[-69.194,59.093],[-69.155,59.064],[-69.16,59.04]]],[[[-64.407,60.367],[-64.442,60.298],[-64.738,60.376],[-64.809,60.41],[-64.834,60.448],[-64.836,60.501],[-64.646,60.515],[-64.407,60.367]]],[[[-60.994,56.039],[-60.983,56.015],[-61.137,56.033],[-61.191,56.048],[-61.196,56.064],[-61.158,56.118],[-61.087,56.141],[-60.966,56.099],[-60.955,56.08],[-60.994,56.039]]],[[[-61.744,57.555],[-61.66,57.525],[-61.637,57.416],[-61.795,57.422],[-61.975,57.495],[-62.011,57.548],[-61.983,57.567],[-61.937,57.554],[-61.848,57.579],[-61.744,57.555]]],[[[-67.915,69.541],[-68.202,69.58],[-68.221,69.617],[-67.989,69.679],[-67.909,69.682],[-67.829,69.675],[-67.755,69.631],[-67.915,69.541]]],[[[-62.682,67.056],[-62.805,67.029],[-62.872,67.063],[-62.825,67.072],[-62.625,67.177],[-62.47,67.19],[-62.396,67.178],[-62.682,67.056]]],[[[-79.063,75.926],[-79.052,75.867],[-79.124,75.87],[-79.356,75.831],[-79.545,75.826],[-79.639,75.843],[-79.699,75.883],[-79.551,75.958],[-79.009,76.146],[-78.845,76.106],[-78.946,76.025],[-79.057,75.985],[-79.063,75.926]]],[[[-79.867,56.775],[-79.894,56.757],[-79.944,56.777],[-79.946,56.827],[-79.898,56.865],[-79.827,56.843],[-79.867,56.775]]],[[[-79.717,57.516],[-79.775,57.514],[-79.792,57.449],[-79.808,57.442],[-79.838,57.483],[-79.811,57.559],[-79.743,57.608],[-79.727,57.605],[-79.717,57.516]]],[[[-79.518,56.657],[-79.577,56.645],[-79.551,56.733],[-79.582,56.765],[-79.57,56.796],[-79.511,56.771],[-79.491,56.743],[-79.485,56.687],[-79.518,56.657]]],[[[-79.938,53.304],[-79.939,53.274],[-80.004,53.28],[-80.039,53.297],[-80.074,53.344],[-80.05,53.364],[-79.975,53.352],[-79.938,53.304]]],[[[-79.384,51.952],[-79.521,51.953],[-79.644,52.01],[-79.335,52.098],[-79.271,52.087],[-79.329,51.992],[-79.384,51.952]]],[[[-123.372,48.886],[-123.385,48.875],[-123.541,48.946],[-123.689,49.095],[-123.482,48.955],[-123.378,48.908],[-123.372,48.886]]],[[[-124.978,50.03],[-125.002,50.021],[-125.026,50.134],[-124.996,50.175],[-124.991,50.217],[-124.938,50.166],[-124.907,50.084],[-124.978,50.03]]],[[[-73.622,67.784],[-74.109,67.783],[-74.481,67.805],[-74.573,67.829],[-74.679,67.906],[-74.746,67.985],[-74.749,68.018],[-74.707,68.067],[-74.379,68.093],[-73.881,68.022],[-73.584,68.015],[-73.494,68.001],[-73.435,67.97],[-73.402,67.879],[-73.407,67.793],[-73.622,67.784]]],[[[-77.877,63.471],[-77.792,63.428],[-77.704,63.431],[-77.538,63.287],[-77.533,63.234],[-77.658,63.165],[-77.791,63.13],[-77.942,63.114],[-78.256,63.24],[-78.469,63.358],[-78.537,63.424],[-78.507,63.451],[-78.235,63.49],[-77.877,63.471]]],[[[-94.527,75.749],[-94.751,75.77],[-94.787,75.791],[-94.901,75.931],[-94.84,75.954],[-94.499,75.992],[-94.414,75.885],[-94.296,75.788],[-94.33,75.766],[-94.527,75.749]]],[[[-80.285,59.624],[-80.317,59.621],[-80.325,59.633],[-80.299,59.674],[-80.257,59.679],[-80.21,59.725],[-80.167,59.709],[-80.183,59.683],[-80.285,59.624]]],[[[-80.064,59.771],[-80.167,59.764],[-80.122,59.823],[-80.041,59.87],[-79.956,59.877],[-79.899,59.853],[-79.95,59.81],[-80.064,59.771]]],[[[-96.782,72.937],[-96.944,72.927],[-97.093,72.997],[-97.098,73.062],[-97.069,73.13],[-97.015,73.157],[-96.862,73.189],[-96.793,73.165],[-96.744,73.126],[-96.646,73.102],[-96.598,73.074],[-96.604,73.042],[-96.671,72.961],[-96.782,72.937]]],[[[-97.356,74.526],[-97.656,74.466],[-97.75,74.511],[-97.516,74.602],[-97.417,74.627],[-97.318,74.598],[-97.291,74.576],[-97.356,74.526]]],[[[-98.27,73.869],[-98.558,73.847],[-98.691,73.856],[-98.817,73.817],[-98.974,73.812],[-99.298,73.862],[-99.417,73.895],[-99.346,73.926],[-99.005,73.965],[-98.904,74.007],[-98.818,74.021],[-98.585,74.035],[-98.061,74.105],[-97.698,74.109],[-97.659,74.072],[-97.755,74.006],[-97.861,73.968],[-98.27,73.869]]],[[[-90.2,69.419],[-90.177,69.357],[-90.295,69.258],[-90.364,69.263],[-90.465,69.329],[-90.492,69.37],[-90.322,69.429],[-90.253,69.418],[-90.229,69.436],[-90.2,69.419]]],[[[-90.493,69.221],[-90.574,69.209],[-90.626,69.251],[-90.667,69.259],[-90.686,69.287],[-90.772,69.293],[-90.766,69.336],[-90.742,69.357],[-90.663,69.374],[-90.6,69.368],[-90.511,69.29],[-90.485,69.247],[-90.493,69.221]]],[[[-74,62.618],[-74.254,62.622],[-74.5,62.669],[-74.626,62.713],[-74.62,62.726],[-74.564,62.733],[-74.395,62.696],[-74.109,62.68],[-74.017,62.663],[-73.988,62.636],[-74,62.618]]],[[[-74.881,68.349],[-74.959,68.342],[-75.073,68.404],[-75.31,68.474],[-75.4,68.525],[-75.396,68.589],[-75.37,68.636],[-75.287,68.688],[-75.075,68.685],[-74.984,68.648],[-74.819,68.494],[-74.798,68.458],[-74.831,68.441],[-74.813,68.413],[-74.819,68.394],[-74.881,68.349]]],[[[-78.532,60.729],[-78.669,60.717],[-78.669,60.731],[-78.612,60.772],[-78.242,60.819],[-78.279,60.784],[-78.532,60.729]]],[[[-78.983,68.193],[-79.064,68.182],[-79.174,68.235],[-79.153,68.335],[-78.953,68.353],[-78.869,68.31],[-78.829,68.268],[-78.983,68.193]]],[[[-76.678,63.394],[-76.783,63.384],[-76.922,63.406],[-77.057,63.45],[-77.365,63.588],[-77.134,63.682],[-76.764,63.574],[-76.652,63.504],[-76.678,63.394]]],[[[-79.431,69.788],[-79.365,69.712],[-79.402,69.685],[-79.553,69.631],[-79.882,69.609],[-80.048,69.634],[-79.971,69.556],[-79.954,69.523],[-79.978,69.51],[-80.161,69.536],[-80.227,69.562],[-80.244,69.593],[-80.33,69.587],[-80.448,69.65],[-80.778,69.677],[-80.795,69.689],[-80.727,69.74],[-80.653,69.751],[-80.466,69.737],[-80.424,69.798],[-80.214,69.802],[-80.169,69.782],[-80.125,69.737],[-79.971,69.739],[-79.594,69.81],[-79.431,69.788]]],[[[-78.029,69.715],[-77.969,69.639],[-78.04,69.608],[-78.47,69.503],[-78.552,69.492],[-78.662,69.503],[-78.848,69.483],[-78.579,69.639],[-78.402,69.651],[-78.344,69.675],[-78.296,69.667],[-78.267,69.687],[-78.262,69.717],[-78.201,69.74],[-78.029,69.715]]],[[[-77.642,63.992],[-77.714,63.946],[-77.929,63.962],[-77.966,63.993],[-77.931,64.015],[-77.711,64.036],[-77.617,64.037],[-77.564,64.022],[-77.642,63.992]]],[[[-83.123,66.283],[-82.948,66.272],[-82.931,66.257],[-83.011,66.208],[-83.06,66.199],[-83.214,66.277],[-83.238,66.332],[-83.222,66.336],[-83.123,66.283]]],[[[-79.211,68.845],[-79.28,68.839],[-79.361,68.858],[-79.406,68.923],[-79.243,69.049],[-79.145,69.087],[-78.93,69.123],[-78.772,69.252],[-78.662,69.262],[-78.65,69.275],[-78.689,69.3],[-78.689,69.325],[-78.65,69.351],[-78.458,69.39],[-78.333,69.386],[-78.272,69.361],[-78.229,69.304],[-78.533,69.146],[-78.596,69.079],[-78.779,68.95],[-78.853,68.916],[-79.211,68.845]]],[[[-76.995,69.144],[-77.215,69.138],[-77.322,69.194],[-77.379,69.274],[-77.341,69.404],[-77.188,69.44],[-77.109,69.437],[-76.994,69.412],[-76.746,69.404],[-76.669,69.366],[-76.687,69.328],[-76.81,69.267],[-76.911,69.175],[-76.995,69.144]]],[[[-86.913,70.113],[-86.613,70.106],[-86.563,70.077],[-86.515,70.017],[-86.558,69.995],[-86.734,69.976],[-86.984,70.011],[-87.044,70],[-87.191,70.019],[-87.323,70.08],[-87.323,70.102],[-87.107,70.147],[-86.913,70.113]]],[[[-83.726,65.797],[-83.469,65.735],[-83.263,65.723],[-83.234,65.715],[-83.234,65.697],[-83.332,65.631],[-83.381,65.63],[-83.607,65.701],[-83.636,65.692],[-83.644,65.679],[-83.631,65.662],[-83.65,65.658],[-83.788,65.669],[-83.809,65.678],[-83.798,65.71],[-83.702,65.756],[-83.814,65.788],[-84.008,65.752],[-84.118,65.772],[-84.143,65.916],[-84.271,65.991],[-84.37,66.012],[-84.467,66.088],[-84.407,66.131],[-84.122,66.078],[-83.787,65.966],[-83.701,65.92],[-83.694,65.89],[-83.715,65.861],[-83.765,65.831],[-83.726,65.797]]],[[[-86.596,67.736],[-86.706,67.75],[-86.861,67.81],[-86.893,67.837],[-86.908,67.902],[-86.847,68.01],[-86.938,68.068],[-86.96,68.1],[-86.885,68.191],[-86.702,68.306],[-86.57,68.288],[-86.452,68.225],[-86.421,68.183],[-86.43,68.139],[-86.382,67.927],[-86.396,67.889],[-86.49,67.784],[-86.596,67.736]]],[[[-84.675,65.575],[-84.783,65.57],[-84.931,65.689],[-85.096,65.756],[-85.136,65.821],[-85.144,65.885],[-85.174,65.944],[-85.176,65.972],[-85.15,66.015],[-85.031,66.025],[-84.939,66.009],[-84.757,65.859],[-84.692,65.793],[-84.603,65.657],[-84.602,65.631],[-84.626,65.604],[-84.675,65.575]]],[[[-93.044,61.844],[-93.085,61.842],[-93.197,61.919],[-93.076,61.935],[-92.993,61.89],[-93,61.867],[-93.044,61.844]]],[[[-101.226,76.579],[-101.485,76.575],[-101.605,76.587],[-101.613,76.605],[-101.165,76.665],[-100.962,76.734],[-100.886,76.743],[-100.622,76.752],[-100.269,76.734],[-101.226,76.579]]],[[[-103.003,78.146],[-103.118,78.126],[-103.252,78.138],[-103.274,78.166],[-103.11,78.246],[-102.973,78.267],[-102.892,78.271],[-102.826,78.25],[-102.788,78.218],[-103.003,78.146]]],[[[-101.694,77.697],[-102.08,77.692],[-102.378,77.728],[-102.458,77.77],[-102.472,77.873],[-101.918,77.9],[-101.639,77.892],[-101.193,77.83],[-101.046,77.778],[-101.002,77.735],[-101.398,77.729],[-101.694,77.697]]],[[[-89.726,76.507],[-89.974,76.488],[-90.165,76.524],[-90.441,76.663],[-90.556,76.735],[-90.562,76.754],[-90.525,76.788],[-90.41,76.81],[-90.136,76.837],[-89.949,76.836],[-89.775,76.782],[-89.695,76.741],[-89.709,76.701],[-89.822,76.631],[-89.805,76.561],[-89.726,76.521],[-89.726,76.507]]],[[[-96.079,75.51],[-96.156,75.477],[-96.237,75.475],[-96.344,75.506],[-96.462,75.494],[-96.679,75.394],[-96.857,75.369],[-96.915,75.38],[-96.97,75.413],[-97.021,75.468],[-96.983,75.51],[-96.428,75.606],[-96.397,75.647],[-96.368,75.655],[-96.145,75.614],[-95.96,75.554],[-96.079,75.51]]],[[[-95.307,74.505],[-95.442,74.506],[-95.777,74.551],[-95.851,74.582],[-95.66,74.637],[-95.51,74.637],[-95.353,74.586],[-95.278,74.54],[-95.274,74.519],[-95.307,74.505]]],[[[-121.076,75.745],[-121.241,75.752],[-121.221,75.777],[-121.026,75.848],[-121.018,75.884],[-121.042,75.903],[-120.993,75.927],[-120.888,75.928],[-120.879,75.907],[-120.897,75.845],[-120.921,75.814],[-121.076,75.745]]],[[[-113.561,76.743],[-113.712,76.711],[-114.751,76.759],[-114.835,76.795],[-114.647,76.851],[-114.42,76.875],[-113.892,76.895],[-113.708,76.873],[-113.517,76.825],[-113.488,76.783],[-113.561,76.743]]],[[[-104.12,75.036],[-104.309,75.031],[-104.634,75.061],[-104.887,75.148],[-104.649,75.35],[-104.474,75.413],[-104.346,75.43],[-104.075,75.425],[-103.851,75.371],[-103.804,75.346],[-103.746,75.252],[-103.644,75.187],[-103.642,75.163],[-103.664,75.139],[-103.814,75.08],[-104.12,75.036]]],[[[-100.217,68.807],[-100.249,68.775],[-100.397,68.724],[-100.497,68.792],[-100.597,68.766],[-100.625,68.816],[-100.6,68.941],[-100.612,68.99],[-100.565,69.027],[-100.52,69.035],[-100.414,69.028],[-100.33,68.998],[-100.289,68.958],[-100.178,68.904],[-100.217,68.807]]],[[[-99.995,69.014],[-100.018,68.954],[-100.141,68.97],[-100.196,68.991],[-100.247,69.053],[-100.153,69.129],[-100.073,69.111],[-100.035,69.087],[-99.995,69.014]]],[[[-100.308,70.496],[-100.321,70.488],[-100.621,70.547],[-100.648,70.563],[-100.678,70.646],[-100.635,70.67],[-100.538,70.669],[-100.276,70.595],[-100.321,70.578],[-100.308,70.496]]],[[[-95.514,69.574],[-95.381,69.507],[-95.399,69.42],[-95.437,69.378],[-95.496,69.35],[-95.579,69.336],[-95.73,69.348],[-95.67,69.402],[-95.666,69.439],[-95.704,69.538],[-95.764,69.56],[-95.806,69.56],[-95.818,69.541],[-95.798,69.5],[-95.812,69.447],[-95.893,69.352],[-95.956,69.367],[-95.986,69.392],[-95.978,69.433],[-95.995,69.47],[-95.979,69.509],[-95.936,69.567],[-95.876,69.606],[-95.798,69.626],[-95.707,69.624],[-95.514,69.574]]],[[[-101.172,69.397],[-101.269,69.391],[-101.262,69.418],[-101.29,69.441],[-101.218,69.463],[-101.207,69.48],[-101.328,69.517],[-101.356,69.54],[-101.351,69.559],[-101.313,69.576],[-101.245,69.574],[-101.098,69.541],[-101.001,69.462],[-101.087,69.443],[-101.172,69.397]]],[[[-101.846,68.586],[-102.308,68.682],[-102.271,68.708],[-102.074,68.774],[-102.013,68.825],[-101.828,68.799],[-101.759,68.775],[-101.722,68.724],[-101.732,68.652],[-101.794,68.637],[-101.846,68.586]]],[[[-104.541,68.406],[-104.596,68.402],[-104.851,68.454],[-105.042,68.532],[-105.051,68.559],[-104.907,68.582],[-104.602,68.562],[-104.472,68.504],[-104.445,68.471],[-104.44,68.45],[-104.457,68.431],[-104.541,68.406]]],[[[-107.9,67.402],[-107.95,67.318],[-108.004,67.366],[-108.152,67.429],[-108.151,67.525],[-108.121,67.568],[-108.128,67.629],[-108.049,67.665],[-107.991,67.622],[-107.975,67.549],[-107.989,67.514],[-107.905,67.467],[-107.891,67.437],[-107.9,67.402]]],[[[-109.166,67.982],[-108.971,67.98],[-108.91,67.939],[-108.886,67.899],[-108.92,67.879],[-109.096,67.924],[-109.162,67.952],[-109.184,67.975],[-109.166,67.982]]],[[[-108.093,67.005],[-107.806,66.999],[-107.833,66.921],[-107.895,66.872],[-107.944,66.858],[-108.06,66.947],[-108.093,67.005]]],[[[-109.323,67.991],[-109.361,67.988],[-109.498,68.047],[-109.469,68.098],[-109.342,68.046],[-109.323,67.991]]],[[[-139.043,69.577],[-139.126,69.539],[-139.291,69.598],[-139.14,69.65],[-138.932,69.617],[-138.879,69.59],[-139.043,69.577]]]]}},{"type":"Feature","properties":{"iso":"BZ","name":"Belize","us":false},"geometry":{"type":"MultiPolygon","coordinates":[[[[-89.161,17.815],[-89.162,17.902],[-89.134,17.971],[-89.05,18],[-88.898,17.915],[-88.806,17.966],[-88.586,18.291],[-88.523,18.446],[-88.461,18.477],[-88.296,18.472],[-88.349,18.359],[-88.296,18.344],[-88.13,18.351],[-88.085,18.226],[-88.097,18.122],[-88.207,17.846],[-88.221,17.751],[-88.272,17.61],[-88.203,17.517],[-88.267,17.393],[-88.289,17.313],[-88.294,17.192],[-88.262,16.963],[-88.313,16.633],[-88.405,16.489],[-88.461,16.434],[-88.562,16.29],[-88.695,16.248],[-88.879,16.017],[-88.912,15.956],[-88.894,15.891],[-89.114,15.901],[-89.233,15.889],[-89.161,17.815]]],[[[-87.951,17.925],[-87.998,17.906],[-87.959,17.964],[-87.898,18.155],[-87.859,18.154],[-87.849,18.14],[-87.951,17.925]]],[[[-87.853,17.423],[-87.93,17.283],[-87.935,17.323],[-87.903,17.426],[-87.833,17.501],[-87.826,17.546],[-87.789,17.524],[-87.798,17.48],[-87.853,17.423]]]]}},{"type":"Feature","properties":{"iso":"BS","name":"Bahamas","us":false},"geometry":{"type":"MultiPolygon","coordinates":[[[[-77.658,24.249],[-77.656,24.227],[-77.755,24.163],[-77.683,24.118],[-77.615,24.216],[-77.562,24.137],[-77.519,23.869],[-77.574,23.739],[-77.771,23.753],[-77.776,23.862],[-77.806,23.884],[-77.852,24.04],[-77.914,24.091],[-78,24.22],[-77.95,24.253],[-77.884,24.242],[-77.701,24.288],[-77.658,24.249]]],[[[-77.226,25.904],[-77.246,25.895],[-77.333,25.996],[-77.403,26.025],[-77.294,26.096],[-77.247,26.156],[-77.248,26.289],[-77.221,26.362],[-77.23,26.425],[-77.206,26.489],[-77.239,26.561],[-77.33,26.618],[-77.511,26.846],[-77.796,26.901],[-77.944,26.904],[-77.863,26.94],[-77.534,26.903],[-77.369,26.748],[-77.266,26.689],[-77.257,26.639],[-77.162,26.597],[-77.066,26.53],[-77.038,26.333],[-77.167,26.24],[-77.191,25.955],[-77.226,25.904]]],[[[-73.027,21.192],[-73.059,21.119],[-73.165,20.979],[-73.401,20.944],[-73.661,20.937],[-73.681,20.976],[-73.687,21.009],[-73.668,21.062],[-73.68,21.103],[-73.585,21.126],[-73.523,21.191],[-73.425,21.202],[-73.302,21.156],[-73.235,21.154],[-73.137,21.205],[-73.058,21.313],[-73.012,21.3],[-73.027,21.192]]],[[[-77.744,24.707],[-77.745,24.463],[-77.853,24.403],[-77.881,24.369],[-77.983,24.335],[-78.045,24.287],[-78.076,24.365],[-78.136,24.412],[-78.146,24.493],[-78.192,24.466],[-78.258,24.483],[-78.367,24.544],[-78.435,24.628],[-78.339,24.642],[-78.319,24.59],[-78.243,24.654],[-78.299,24.754],[-78.184,24.917],[-78.159,25.022],[-78.211,25.191],[-78.163,25.202],[-78.033,25.143],[-77.975,25.085],[-77.973,25.005],[-77.919,24.943],[-77.84,24.794],[-77.744,24.707]]],[[[-78.493,26.729],[-78.372,26.698],[-78.307,26.702],[-78.268,26.723],[-78.089,26.714],[-77.944,26.744],[-77.922,26.691],[-77.926,26.663],[-78.234,26.637],[-78.671,26.507],[-78.744,26.501],[-78.799,26.528],[-78.986,26.69],[-78.936,26.673],[-78.798,26.582],[-78.712,26.599],[-78.633,26.659],[-78.621,26.705],[-78.633,26.726],[-78.597,26.798],[-78.493,26.729]]],[[[-77.348,25.014],[-77.46,24.993],[-77.562,25.03],[-77.527,25.058],[-77.451,25.081],[-77.329,25.083],[-77.269,25.044],[-77.348,25.014]]],[[[-74.058,22.723],[-74.035,22.706],[-74.099,22.665],[-74.242,22.715],[-74.275,22.712],[-74.314,22.804],[-74.307,22.84],[-74.221,22.812],[-74.175,22.76],[-74.058,22.723]]],[[[-74.429,24.068],[-74.509,23.96],[-74.551,23.969],[-74.527,24.105],[-74.45,24.125],[-74.429,24.068]]],[[[-74.207,22.214],[-74.277,22.184],[-74.261,22.236],[-74.127,22.323],[-73.995,22.449],[-73.936,22.478],[-73.906,22.527],[-73.915,22.568],[-73.976,22.635],[-73.975,22.682],[-73.954,22.716],[-73.85,22.731],[-73.877,22.681],[-73.837,22.538],[-73.975,22.361],[-74.093,22.306],[-74.207,22.214]]],[[[-76.649,25.487],[-76.484,25.375],[-76.344,25.332],[-76.127,25.141],[-76.115,25.095],[-76.141,24.886],[-76.175,24.76],[-76.17,24.649],[-76.205,24.682],[-76.241,24.754],[-76.32,24.818],[-76.214,24.822],[-76.204,24.936],[-76.153,25.026],[-76.16,25.119],[-76.369,25.313],[-76.5,25.342],[-76.621,25.432],[-76.693,25.443],[-76.781,25.427],[-76.711,25.565],[-76.649,25.487]]],[[[-75.665,23.45],[-75.706,23.444],[-75.781,23.471],[-75.956,23.592],[-76.037,23.603],[-76.01,23.671],[-75.949,23.647],[-75.754,23.49],[-75.665,23.45]]],[[[-74.84,22.894],[-74.847,22.869],[-74.973,23.069],[-75.132,23.117],[-75.223,23.165],[-75.204,23.193],[-75.141,23.205],[-75.131,23.268],[-75.31,23.59],[-75.316,23.668],[-75.217,23.547],[-75.175,23.439],[-75.109,23.333],[-75.064,23.15],[-74.937,23.088],[-74.846,23],[-74.84,22.894]]],[[[-75.308,24.2],[-75.302,24.149],[-75.369,24.159],[-75.503,24.139],[-75.481,24.174],[-75.412,24.221],[-75.409,24.266],[-75.494,24.33],[-75.593,24.491],[-75.639,24.529],[-75.661,24.59],[-75.744,24.655],[-75.727,24.689],[-75.71,24.698],[-75.654,24.681],[-75.518,24.427],[-75.308,24.2]]],[[[-73.041,22.429],[-72.831,22.386],[-72.747,22.327],[-72.784,22.291],[-72.889,22.36],[-73.162,22.381],[-73.127,22.455],[-73.041,22.429]]],[[[-72.916,21.507],[-73.049,21.458],[-73.063,21.515],[-72.995,21.562],[-72.916,21.507]]]]}}]}