{"type":"FeatureCollection","features":[{"type":"Feature","properties":{"name":"Alabama","rank":6},"geometry":{"type":"MultiLineString","coordinates":[[[-86.522,33.032],[-86.461,32.836],[-86.445,32.811]],[[-86.2,33.588],[-86.212,33.56],[-86.33,33.444]]]}},{"type":"Feature","properties":{"name":"Albany","rank":6},"geometry":{"type":"MultiLineString","coordinates":[[[-91.312,51.063],[-91.075,50.998],[-90.875,51.014],[-90.634,51.087],[-90.489,51.116],[-90.417,51.093]],[[-91.598,51.162],[-91.418,51.068]],[[-91.781,51.335],[-91.886,51.458]],[[-91.915,51.762],[-91.881,51.723],[-91.885,51.67],[-91.917,51.59],[-91.923,51.534],[-91.893,51.487]],[[-91.929,51.892],[-91.97,51.988]]]}},{"type":"Feature","properties":{"name":"Athabasca","rank":5},"geometry":{"type":"MultiLineString","coordinates":[[[-111.016,58.691],[-111.075,58.505]],[[-111.28,58.788],[-111.208,58.72],[-111.142,58.696],[-111.016,58.691]]]}},{"type":"Feature","properties":{"name":"Back","rank":6},"geometry":{"type":"MultiLineString","coordinates":[[[-108.533,64.562],[-108.18,64.686]],[[-108.089,64.715],[-107.979,64.72]],[[-98.656,65.928],[-98.677,66.003],[-98.716,66.023],[-98.782,66.014],[-98.874,66.032],[-98.992,66.076],[-99.127,66.062],[-99.279,65.989],[-99.467,65.932],[-99.692,65.892],[-99.852,65.886],[-99.948,65.912],[-100.115,65.909],[-100.353,65.876],[-100.582,65.871],[-100.8,65.895],[-100.973,65.898],[-101.099,65.879],[-101.314,65.889],[-101.77,65.947]],[[-97.267,65.974],[-96.995,66.151]]]}},{"type":"Feature","properties":{"name":"Chattahoochee","rank":6},"geometry":{"type":"MultiLineString","coordinates":[[[-84.966,30.923],[-84.887,30.759],[-84.884,30.721]],[[-85.067,31.635],[-85.125,31.777],[-85.124,31.881],[-85.064,32.051]],[[-83.815,34.364],[-84.076,34.167]]]}},{"type":"Feature","properties":{"name":"Churchill","rank":6},"geometry":{"type":"MultiLineString","coordinates":[[[-64.682,53.125],[-64.713,53.275],[-64.712,53.339],[-64.678,53.382]]]}},{"type":"Feature","properties":{"name":"Colorado","rank":5},"geometry":{"type":"MultiLineString","coordinates":[[[-114.377,34.54],[-114.371,34.488],[-114.308,34.433],[-114.159,34.355],[-114.125,34.317],[-114.126,34.287],[-114.164,34.253]],[[-114.591,35.353],[-114.649,35.476],[-114.662,35.545],[-114.645,35.631]],[[-114.741,36.014],[-114.716,36.085],[-114.669,36.122],[-114.593,36.148],[-114.505,36.156],[-114.406,36.148],[-114.332,36.116],[-114.282,36.06],[-114.232,36.032],[-114.183,36.03],[-114.119,36.077],[-114.062,36.175],[-114.005,36.195],[-113.949,36.16],[-113.76,36.007],[-113.636,35.831]],[[-110.368,37.898],[-110.399,37.883],[-110.421,37.832],[-110.43,37.772],[-110.47,37.702],[-110.692,37.483],[-110.698,37.452],[-110.722,37.406],[-110.916,37.157],[-111.301,37.054],[-111.431,37.003],[-111.473,36.932]],[[-105.821,40.185],[-105.861,40.165]]]}},{"type":"Feature","properties":{"name":"Columbia","rank":3},"geometry":{"type":"MultiLineString","coordinates":[[[-118.072,48.664],[-118.174,48.512],[-118.198,48.404],[-118.168,48.232]],[[-118.092,49.802],[-118.13,49.664],[-118.128,49.574],[-118.097,49.484],[-118.014,49.404],[-117.907,49.342]],[[-117.906,50.682],[-117.917,50.465],[-117.892,50.339],[-117.837,50.231],[-117.827,50.159],[-117.88,50.103]],[[-117.517,51.659],[-117.873,51.87]],[[-118.527,52.102],[-118.366,52.09]]]}},{"type":"Feature","properties":{"name":"Coppermine","rank":6},"geometry":{"type":"MultiLineString","coordinates":[[[-112.343,64.899],[-112.05,64.776],[-111.956,64.711],[-111.966,64.638]],[[-114.173,65.639],[-114.305,65.64],[-114.355,65.609],[-114.366,65.544],[-114.29,65.496],[-114.127,65.465],[-114.034,65.425],[-114.011,65.378],[-113.787,65.336],[-113.36,65.298],[-113.025,65.252],[-112.781,65.199],[-112.6,65.177],[-112.483,65.186],[-112.389,65.138],[-112.317,65.032],[-112.29,64.974],[-112.318,64.96]]]}},{"type":"Feature","properties":{"name":"Klamath","rank":5},"geometry":{"type":"MultiLineString","coordinates":[[[-121.921,42.475],[-121.916,42.419],[-121.809,42.251]]]}},{"type":"Feature","properties":{"name":"La Grande Rivière","rank":4},"geometry":{"type":"MultiLineString","coordinates":[[[-70.843,53.427],[-70.948,53.439],[-70.991,53.468],[-71.007,53.518],[-71.041,53.555],[-71.117,53.591]],[[-72.034,53.598],[-71.926,53.572],[-71.871,53.584],[-71.817,53.646]],[[-74.433,53.685],[-74.697,53.631],[-74.852,53.628],[-74.965,53.648],[-75.617,53.674],[-75.802,53.664],[-75.895,53.71],[-76.664,53.668],[-77.04,53.677],[-77.196,53.699],[-77.311,53.732],[-77.42,53.798]]]}},{"type":"Feature","properties":{"name":"Mackenzie","rank":2},"geometry":{"type":"MultiLineString","coordinates":[[[-117.668,61.308],[-117.221,61.15],[-116.826,61.082],[-116.335,61.051],[-115.996,61.048],[-115.81,61.073],[-115.502,61.157],[-115.072,61.299],[-114.569,61.339],[-113.704,61.246]]]}},{"type":"Feature","properties":{"name":"Madison","rank":1},"geometry":{"type":"MultiLineString","coordinates":[[[-111.1,44.757],[-111.189,44.771],[-111.242,44.8],[-111.309,44.868]]]}},{"type":"Feature","properties":{"name":"Mississippi","rank":5},"geometry":{"type":"MultiLineString","coordinates":[[[-94.326,47.406],[-94.202,47.457],[-94.144,47.464],[-94.094,47.433]],[[-94.507,47.456],[-94.637,47.44]]]}},{"type":"Feature","properties":{"name":"Missouri","rank":1},"geometry":{"type":"MultiLineString","coordinates":[[[-99.365,43.991],[-99.328,43.894],[-99.353,43.818],[-99.43,43.729],[-99.442,43.674],[-99.39,43.653],[-99.347,43.599],[-99.313,43.515],[-99.196,43.415],[-98.997,43.299],[-98.892,43.225],[-98.882,43.192],[-98.798,43.146],[-98.56,43.06]],[[-111.516,46.362],[-111.54,46.469],[-111.585,46.544],[-111.697,46.662]],[[-100.777,46.713],[-100.625,46.608],[-100.569,46.513],[-100.556,46.393],[-100.571,46.287],[-100.614,46.196],[-100.557,46.041],[-100.4,45.822],[-100.369,45.705],[-100.369,45.674],[-100.433,45.613],[-100.438,45.561],[-100.433,45.535],[-100.342,45.448],[-100.297,45.316],[-100.302,45.134],[-100.321,45.053],[-100.348,45.037],[-100.375,45.033],[-100.402,44.993],[-100.41,44.918],[-100.444,44.854],[-100.505,44.8],[-100.583,44.783],[-100.68,44.802],[-100.691,44.795],[-100.697,44.776],[-100.659,44.735],[-100.635,44.68],[-100.633,44.62],[-100.609,44.578],[-100.561,44.555],[-100.556,44.53],[-100.562,44.504],[-100.536,44.476],[-100.418,44.45],[-100.394,44.434]],[[-101.4,47.506],[-101.428,47.552],[-101.549,47.556],[-101.772,47.533],[-101.976,47.547],[-102.161,47.598],[-102.269,47.669],[-102.299,47.76],[-102.345,47.799],[-102.409,47.786],[-102.491,47.794],[-102.59,47.824],[-102.62,47.881],[-102.58,47.965],[-102.614,48.038],[-102.724,48.1],[-102.873,48.137],[-103.06,48.151],[-103.179,48.136],[-103.23,48.093],[-103.308,48.059],[-103.414,48.036],[-103.496,48.054],[-103.555,48.114],[-103.631,48.115],[-103.772,48.027]],[[-106.406,48.02],[-106.519,47.886],[-106.6,47.822],[-106.879,47.707],[-107.04,47.694],[-107.262,47.706],[-107.385,47.694],[-107.41,47.659],[-107.473,47.645],[-107.575,47.653],[-107.689,47.608],[-107.813,47.512],[-107.888,47.502],[-107.94,47.581],[-108.02,47.598],[-108.196,47.602]]]}},{"type":"Feature","properties":{"name":"Nelson","rank":6},"geometry":{"type":"MultiLineString","coordinates":[[[-96.598,50.979],[-96.595,51.308],[-96.631,51.482],[-96.703,51.611],[-96.952,51.86],[-97.377,52.23],[-97.643,52.532],[-97.75,52.766],[-97.831,53.042],[-97.914,53.519],[-97.869,53.714],[-97.906,53.776],[-97.981,53.837],[-98.015,53.886],[-98.005,53.966],[-97.987,53.988],[-97.798,54.026],[-97.731,54.082]],[[-97.901,54.705],[-97.791,54.571]],[[-97.946,54.948],[-97.254,55.236]],[[-96.553,56.063],[-96.504,56.107],[-96.421,56.129],[-96.285,56.141],[-96.196,56.171],[-96.152,56.219],[-96.058,56.255],[-95.841,56.291]],[[-95.431,56.339],[-94.779,56.394]]]}},{"type":"Feature","properties":{"name":"Ottawa","rank":6},"geometry":{"type":"MultiLineString","coordinates":[[[-79.166,46.827],[-79.365,47.022],[-79.435,47.134],[-79.442,47.228],[-79.479,47.319],[-79.547,47.407],[-79.559,47.483],[-79.496,47.577]]]}},{"type":"Feature","properties":{"name":"Peace","rank":2},"geometry":{"type":"MultiLineString","coordinates":[[[-122.222,56.021],[-122.482,56.112],[-122.691,56.124],[-122.934,56.086],[-123.088,56.046],[-123.152,56.005],[-123.323,56],[-123.601,56.03],[-123.797,56.033],[-123.912,56.011],[-124.083,56.085],[-124.309,56.256],[-124.454,56.389],[-124.517,56.483],[-124.621,56.587],[-124.836,56.757]],[[-113.823,58.71],[-113.714,58.669]]]}},{"type":"Feature","properties":{"name":"Pit","rank":6},"geometry":{"type":"MultiLineString","coordinates":[[[-122.095,40.784],[-122.369,40.763]]]}},{"type":"Feature","properties":{"name":"R. des Outaouais","rank":6},"geometry":{"type":"MultiLineString","coordinates":[[[-77.457,47.556],[-77.471,47.566],[-77.484,47.595],[-77.53,47.596],[-77.592,47.576],[-77.613,47.582],[-77.615,47.597],[-77.544,47.671]],[[-77.322,47.573],[-77.265,47.527],[-77.216,47.507],[-77.158,47.531],[-77.114,47.526],[-77.086,47.492],[-77.037,47.478],[-76.935,47.488]],[[-78.724,47.684],[-78.744,47.672],[-78.813,47.656]],[[-77.527,47.744],[-77.544,47.82],[-77.567,47.83]]]}},{"type":"Feature","properties":{"name":"Rainy","rank":6},"geometry":{"type":"MultiLineString","coordinates":[[[-93.382,48.616],[-92.779,48.678]],[[-91.319,48.828],[-91.44,48.903],[-91.518,48.912],[-91.63,48.865]]]}},{"type":"Feature","properties":{"name":"Rio Grande","rank":4},"geometry":{"type":"MultiLineString","coordinates":[[[-99.457,27.057],[-99.302,26.885],[-99.23,26.762],[-99.172,26.564]],[[-101.039,29.46],[-101.304,29.634]],[[-107.293,32.91],[-107.281,33.114]],[[-107.181,33.173],[-107.17,33.356]]]}},{"type":"Feature","properties":{"name":"Rupert","rank":6},"geometry":{"type":"MultiLineString","coordinates":[[[-76.819,51.416],[-76.781,51.354],[-76.73,51.338],[-76.553,51.364]],[[-75.204,51.446],[-75.086,51.442],[-75,51.419],[-74.948,51.374],[-74.895,51.367],[-74.818,51.412]]]}},{"type":"Feature","properties":{"name":"Río Grande de Santiago","rank":6},"geometry":{"type":"MultiLineString","coordinates":[[[-102.78,20.31],[-102.77,20.198]],[[-103.709,20.938],[-103.594,20.971]],[[-105.104,21.822],[-105.06,21.807],[-105.034,21.779]]]}},{"type":"Feature","properties":{"name":"Sacramento","rank":5},"geometry":{"type":"MultiLineString","coordinates":[[[-122.369,40.763],[-122.411,40.721]]]}},{"type":"Feature","properties":{"name":"San Joaquin","rank":6},"geometry":{"type":"MultiLineString","coordinates":[[[-119.698,37],[-119.601,37.062]]]}},{"type":"Feature","properties":{"name":"Saskatchewan","rank":4},"geometry":{"type":"MultiLineString","coordinates":[[[-99.23,53.185],[-98.416,53.354],[-98.082,53.436],[-97.914,53.519]],[[-100.323,53.593],[-100.163,53.503],[-100.066,53.405],[-99.976,53.268],[-99.852,53.212],[-99.693,53.237],[-99.543,53.227],[-99.33,53.159]],[[-103.421,53.652],[-103.58,53.629],[-103.697,53.586],[-103.891,53.481]],[[-102.437,53.982],[-102.381,53.966]]]}},{"type":"Feature","properties":{"name":"Savannah","rank":6},"geometry":{"type":"MultiLineString","coordinates":[[[-82.589,34.018],[-82.352,33.838],[-82.257,33.749],[-82.208,33.664]]]}},{"type":"Feature","properties":{"name":"Snake","rank":4},"geometry":{"type":"MultiLineString","coordinates":[[[-113.316,42.654],[-113.472,42.675]],[[-112.864,42.813],[-112.64,43.023]],[[-111.048,43.207],[-111.093,43.234],[-111.186,43.338]]]}},{"type":"Feature","properties":{"name":"South Saskatchewan","rank":6},"geometry":{"type":"MultiLineString","coordinates":[[[-106.853,51.262],[-106.69,51.13],[-106.691,51.072],[-106.803,51.045],[-106.901,50.963],[-106.986,50.824],[-107.159,50.723],[-107.42,50.66],[-107.665,50.636],[-108.006,50.658]]]}},{"type":"Feature","properties":{"name":"Tennessee","rank":5},"geometry":{"type":"MultiLineString","coordinates":[[[-86.899,34.575],[-87.242,34.754],[-87.4,34.819],[-87.486,34.828],[-87.572,34.818],[-87.7,34.773]],[[-87.975,35.945],[-88.004,35.962],[-87.992,36.011],[-87.949,36.1],[-87.959,36.216],[-88.023,36.359],[-88.056,36.484],[-88.057,36.59],[-88.114,36.738],[-88.283,37.022]]]}},{"type":"Feature","properties":{"name":"Teslin","rank":3},"geometry":{"type":"MultiLineString","coordinates":[[[-132.095,59.607],[-132.353,59.921],[-132.545,60.069],[-132.759,60.156],[-132.96,60.262],[-133.245,60.449]]]}},{"type":"Feature","properties":{"name":"Thelon","rank":5},"geometry":{"type":"MultiLineString","coordinates":[[[-104.834,63.071],[-104.729,63.128],[-104.697,63.178],[-104.706,63.27]],[[-96.273,64.301],[-95.448,64.158],[-95.049,64.158],[-94.811,64.126],[-94.602,64.062],[-94.429,64.041],[-94.225,64.076]],[[-101.811,64.411],[-101.536,64.493]],[[-97.103,64.761],[-97.163,64.715],[-97.292,64.716],[-97.511,64.75],[-97.773,64.741],[-98.08,64.687],[-98.264,64.666],[-98.326,64.679],[-98.382,64.652],[-98.433,64.585],[-98.493,64.555],[-98.563,64.562],[-98.687,64.539],[-98.864,64.487],[-99.003,64.491],[-99.104,64.552],[-99.293,64.583],[-99.571,64.584],[-99.789,64.603],[-99.949,64.639],[-100.088,64.633],[-100.208,64.586],[-100.4,64.573],[-100.795,64.604]]]}},{"type":"Feature","properties":{"name":"Tugaloo","rank":6},"geometry":{"type":"MultiLineString","coordinates":[[[-83.166,34.599],[-83.053,34.511],[-82.976,34.476],[-82.897,34.466],[-82.848,34.437],[-82.819,34.366]]]}},{"type":"Feature","properties":{"name":"Winnipeg","rank":6},"geometry":{"type":"MultiLineString","coordinates":[[[-94.615,49.993],[-94.508,49.707],[-94.549,49.574],[-94.703,49.496],[-94.802,49.425],[-94.847,49.361],[-94.86,49.259],[-94.843,49.119],[-94.803,49.003],[-94.713,48.863]],[[-96.026,50.283],[-95.989,50.405]],[[-96.598,50.979],[-96.467,50.774],[-96.392,50.685],[-96.294,50.624]]]}},{"type":"Feature","properties":{"name":null,"rank":6},"geometry":{"type":"MultiLineString","coordinates":[[[-103.785,58.691],[-103.665,58.544]],[[-111.016,58.691],[-110.802,58.744],[-110.637,58.82],[-110.448,58.937],[-110.257,59.031],[-110.064,59.103],[-109.775,59.183],[-109.389,59.272],[-109.105,59.305],[-108.92,59.282],[-108.518,59.298],[-107.898,59.351],[-107.511,59.361],[-107.358,59.329],[-106.966,59.303],[-106.018,59.271]],[[-105.55,59.15],[-105.249,59.194],[-105.115,59.2],[-105.012,59.173]]]}},{"type":"Feature","properties":{"name":null,"rank":5},"geometry":{"type":"MultiLineString","coordinates":[[[-103.22,61.681],[-103.192,61.643],[-103.224,61.609],[-103.306,61.567],[-103.372,61.5],[-103.447,61.366]],[[-102.919,62.319],[-102.909,62.281],[-102.862,62.26],[-102.777,62.241],[-102.727,62.215],[-102.714,62.182],[-102.783,62.13],[-102.936,62.061],[-103.049,61.979],[-103.158,61.836]],[[-100.552,62.355],[-100.074,62.227],[-99.841,62.213],[-99.617,62.3]],[[-101.163,62.367],[-100.735,62.356]],[[-101.831,62.52],[-101.847,62.451],[-101.826,62.39],[-101.775,62.314],[-101.654,62.295],[-101.366,62.35]],[[-98.35,62.616],[-98.24,62.717],[-98.082,62.755],[-97.841,62.764],[-97.697,62.822],[-97.63,62.979]],[[-101.529,62.664],[-101.537,62.791],[-101.581,62.862],[-101.66,62.919],[-101.783,62.941],[-102.035,62.925]],[[-102.66,62.76],[-102.68,62.694],[-102.665,62.642],[-102.622,62.583],[-102.634,62.517],[-102.735,62.411]],[[-97.459,63.157],[-97.287,63.514]],[[-95.878,63.656],[-96.301,63.613],[-96.569,63.608],[-96.952,63.637]],[[-95.497,64.051],[-95.447,64.158]]]}},{"type":"Feature","properties":{"name":"Alabama","rank":6},"geometry":{"type":"MultiLineString","coordinates":[[[-86.446,32.812],[-86.268,32.622],[-86.243,32.527],[-86.31,32.462],[-86.328,32.42],[-86.339,32.409],[-86.374,32.418],[-86.423,32.408],[-86.482,32.368],[-86.543,32.363],[-86.605,32.394],[-86.652,32.398],[-86.684,32.373],[-86.72,32.369],[-86.759,32.384],[-86.786,32.374],[-86.795,32.354],[-86.81,32.353],[-86.824,32.362],[-86.84,32.41],[-86.855,32.42],[-86.871,32.42],[-86.911,32.381],[-86.95,32.373],[-86.989,32.398],[-87.025,32.404],[-87.057,32.391],[-87.058,32.371],[-87.03,32.342],[-87.05,32.317],[-87.119,32.297],[-87.139,32.26],[-87.11,32.207],[-87.133,32.176],[-87.208,32.167],[-87.246,32.138],[-87.25,32.089],[-87.285,32.086],[-87.354,32.127],[-87.409,32.11],[-87.453,32.036],[-87.452,31.98],[-87.407,31.942],[-87.418,31.916],[-87.484,31.901],[-87.494,31.868],[-87.447,31.816],[-87.456,31.765],[-87.521,31.715],[-87.543,31.66],[-87.522,31.601],[-87.535,31.559],[-87.583,31.535],[-87.602,31.499],[-87.591,31.451],[-87.63,31.413],[-87.718,31.383],[-87.791,31.316],[-87.848,31.214],[-87.893,31.159],[-87.941,31.14],[-87.951,30.919],[-87.971,30.829],[-88.005,30.8],[-88.016,30.76],[-88.011,30.694]],[[-86.33,33.444],[-86.366,33.418],[-86.376,33.382],[-86.373,33.327],[-86.401,33.276],[-86.462,33.228],[-86.484,33.189],[-86.468,33.158],[-86.476,33.115],[-86.517,33.061],[-86.522,33.032]],[[-85.183,34.259],[-85.501,34.209],[-85.703,34.203],[-85.727,34.192],[-85.733,34.174],[-85.707,34.154],[-85.705,34.134],[-85.734,34.112],[-85.771,34.107],[-85.813,34.113],[-85.838,34.1],[-85.845,34.076],[-85.863,34.058],[-85.898,34.05],[-85.901,34.032],[-85.922,34.01],[-85.95,34.01],[-85.984,33.944],[-86.033,33.928],[-86.055,33.885],[-86.046,33.811],[-86.082,33.753],[-86.161,33.712],[-86.191,33.667],[-86.2,33.588]]]}},{"type":"Feature","properties":{"name":"Albany","rank":6},"geometry":{"type":"MultiLineString","coordinates":[[[-91.418,51.069],[-91.312,51.063]],[[-90.416,51.092],[-89.862,51.198],[-89.593,51.278],[-89.423,51.368],[-89.293,51.419],[-89.205,51.43],[-89.141,51.461],[-89.104,51.51],[-89.056,51.515],[-88.998,51.474],[-88.912,51.483],[-88.799,51.541],[-88.689,51.57],[-88.583,51.57],[-88.51,51.55],[-88.469,51.511],[-88.329,51.493],[-88.088,51.494],[-87.853,51.434],[-87.624,51.314],[-87.448,51.26],[-87.324,51.27],[-87.198,51.309],[-87.067,51.378],[-86.941,51.412],[-86.82,51.413],[-86.702,51.442],[-86.439,51.582],[-86.4,51.635],[-86.384,51.705],[-86.352,51.75],[-86.306,51.77],[-86.247,51.775],[-86.177,51.766],[-86.095,51.731],[-86.001,51.669],[-85.841,51.646],[-85.616,51.663],[-85.4,51.605],[-85.194,51.471],[-85.078,51.378],[-85.053,51.325],[-84.906,51.251],[-84.638,51.158],[-84.455,51.14],[-84.358,51.198],[-84.078,51.296],[-83.615,51.433],[-83.314,51.572],[-83.176,51.713],[-83.035,51.821],[-82.893,51.896],[-82.758,51.936],[-82.631,51.943],[-82.505,51.985],[-82.381,52.063],[-82.253,52.111],[-82.055,52.138],[-81.883,52.194],[-81.828,52.224]],[[-91.782,51.336],[-91.724,51.277],[-91.659,51.244],[-91.641,51.19],[-91.598,51.161]],[[-91.893,51.487],[-91.886,51.458]],[[-91.929,51.892],[-91.915,51.762]],[[-92.299,51.974],[-92.237,51.948],[-92.155,51.951],[-91.97,51.988]]]}},{"type":"Feature","properties":{"name":"Allegheny","rank":3},"geometry":{"type":"MultiLineString","coordinates":[[[-77.86,41.832],[-77.999,41.781],[-78.083,41.771],[-78.197,41.79],[-78.33,41.878],[-78.367,41.942],[-78.351,42.013],[-78.42,42.059],[-78.573,42.081],[-78.674,42.11],[-78.723,42.144],[-78.797,42.128],[-78.895,42.061],[-78.955,41.985],[-78.977,41.899],[-79.059,41.849],[-79.201,41.834],[-79.308,41.789],[-79.381,41.714],[-79.417,41.65],[-79.416,41.571],[-79.452,41.506],[-79.513,41.48],[-79.61,41.472],[-79.699,41.447],[-79.78,41.405],[-79.81,41.374],[-79.79,41.352],[-79.798,41.328],[-79.834,41.3],[-79.816,41.264],[-79.746,41.221],[-79.682,41.155],[-79.624,41.066],[-79.604,41.012],[-79.62,40.992],[-79.587,40.966],[-79.523,40.939],[-79.515,40.906],[-79.543,40.824],[-79.698,40.637],[-79.83,40.519],[-79.946,40.456],[-79.991,40.448]]]}},{"type":"Feature","properties":{"name":"Arkansas","rank":4},"geometry":{"type":"MultiLineString","coordinates":[[[-91.077,33.797],[-91.122,33.824],[-91.15,33.864],[-91.167,33.922],[-91.217,33.955],[-91.299,33.962],[-91.323,33.974],[-91.343,34.004],[-91.387,34.005],[-91.419,34.026],[-91.439,34.066],[-91.488,34.091],[-91.564,34.1],[-91.682,34.153],[-91.844,34.249],[-91.921,34.271],[-91.939,34.267],[-91.973,34.275],[-92.017,34.316],[-92.109,34.448],[-92.155,34.566],[-92.155,34.673],[-92.225,34.756],[-92.365,34.818],[-92.447,34.877],[-92.469,34.934],[-92.506,34.972],[-92.558,34.993],[-92.577,35.035],[-92.562,35.096],[-92.595,35.119],[-92.713,35.095],[-92.831,35.161],[-92.93,35.184],[-93.05,35.185],[-93.193,35.244],[-93.358,35.363],[-93.521,35.415],[-93.682,35.399],[-93.797,35.421],[-93.864,35.479],[-93.958,35.494],[-94.078,35.467],[-94.139,35.434],[-94.141,35.396],[-94.162,35.373],[-94.202,35.367],[-94.268,35.385],[-94.358,35.43],[-94.43,35.415],[-94.484,35.342],[-94.529,35.314],[-94.567,35.331],[-94.602,35.325],[-94.635,35.297],[-94.666,35.3],[-94.694,35.333],[-94.792,35.375],[-94.959,35.425],[-95.074,35.488],[-95.138,35.565],[-95.19,35.603],[-95.229,35.605],[-95.245,35.637],[-95.236,35.699],[-95.251,35.747],[-95.29,35.78],[-95.388,35.795],[-95.545,35.79],[-95.63,35.816],[-95.643,35.875],[-95.721,35.925],[-95.864,35.967],[-95.958,36.029],[-96.004,36.11],[-96.084,36.152],[-96.199,36.153],[-96.26,36.174],[-96.266,36.213],[-96.316,36.256],[-96.409,36.303],[-96.477,36.322],[-96.521,36.312],[-96.542,36.332],[-96.54,36.382],[-96.578,36.415],[-96.656,36.431],[-96.711,36.473],[-96.742,36.539],[-96.767,36.542],[-96.806,36.532],[-96.865,36.494],[-96.921,36.469],[-96.96,36.472],[-96.986,36.486],[-96.999,36.513],[-96.979,36.542],[-96.944,36.567],[-96.94,36.579],[-96.957,36.591],[-97,36.595],[-97.041,36.619],[-97.053,36.664],[-96.993,36.706],[-96.862,36.745],[-96.836,36.766],[-96.838,36.782],[-96.877,36.797],[-96.913,36.866],[-96.932,36.981],[-96.986,37.058],[-97.074,37.098],[-97.135,37.189],[-97.167,37.332],[-97.237,37.499],[-97.344,37.69],[-97.695,37.925],[-98.289,38.205],[-98.633,38.346],[-98.728,38.349],[-98.854,38.308],[-99.011,38.223],[-99.218,38.055],[-99.474,37.805],[-99.698,37.697],[-99.987,37.748],[-100.776,37.935],[-101.127,37.971],[-101.304,37.918],[-101.627,37.95],[-102.095,38.066],[-102.559,38.118],[-103.017,38.106],[-103.32,38.081],[-103.467,38.042],[-103.594,38.048],[-103.699,38.099],[-103.833,38.136],[-104.075,38.174],[-104.237,38.238],[-104.411,38.26],[-104.649,38.261],[-104.826,38.298],[-104.94,38.371],[-105.093,38.425],[-105.283,38.459],[-105.47,38.451],[-105.654,38.4],[-105.832,38.425],[-106.005,38.527],[-106.089,38.611],[-106.087,38.677],[-106.135,38.802],[-106.286,39.078],[-106.381,39.222]]]}},{"type":"Feature","properties":{"name":"Athabasca","rank":5},"geometry":{"type":"MultiLineString","coordinates":[[[-117.575,52.171],[-117.543,52.209],[-117.552,52.271],[-117.645,52.456],[-117.674,52.537],[-117.727,52.578],[-117.814,52.606],[-117.864,52.647],[-117.878,52.701],[-117.926,52.757],[-118.007,52.815],[-118.045,52.872],[-118.039,52.929],[-118.052,52.977],[-118.084,53.018],[-118.036,53.113],[-117.907,53.263],[-117.679,53.415],[-117.354,53.57],[-117.184,53.676],[-117.17,53.735],[-117.173,53.775],[-117.193,53.796],[-117.172,53.839],[-117.108,53.907],[-116.924,54.01],[-116.617,54.151],[-116.414,54.228],[-116.315,54.243],[-116.133,54.224],[-115.868,54.172],[-115.615,54.149],[-115.373,54.155],[-115.176,54.2],[-115.021,54.285],[-114.859,54.331],[-114.689,54.34],[-114.536,54.39],[-114.399,54.481],[-114.332,54.565],[-114.336,54.642],[-114.265,54.804],[-114.049,55.174]],[[-114.042,55.168],[-113.76,55.228],[-113.599,55.172],[-113.466,55.018],[-113.413,54.901],[-113.44,54.822],[-113.41,54.771],[-113.324,54.748],[-113.259,54.773],[-113.215,54.846],[-113.077,54.909],[-112.846,54.961],[-112.733,55],[-112.739,55.028],[-112.772,55.05],[-112.834,55.066],[-112.85,55.116],[-112.82,55.198],[-112.774,55.256],[-112.712,55.291],[-112.708,55.385],[-112.761,55.537],[-112.74,55.648],[-112.645,55.716],[-112.614,55.789],[-112.648,55.868],[-112.658,55.947],[-112.645,56.025],[-112.61,56.098],[-112.555,56.165],[-112.58,56.256],[-112.683,56.371],[-112.65,56.464],[-112.482,56.536],[-112.257,56.573],[-111.974,56.574],[-111.728,56.615],[-111.518,56.694],[-111.423,56.798],[-111.442,56.926],[-111.488,57.023],[-111.559,57.09],[-111.612,57.169],[-111.647,57.261],[-111.657,57.337],[-111.644,57.397],[-111.57,57.513],[-111.435,57.684],[-111.381,57.808],[-111.407,57.885],[-111.399,57.951],[-111.357,58.004],[-111.348,58.048],[-111.372,58.081],[-111.377,58.121],[-111.365,58.167],[-111.391,58.207],[-111.455,58.241],[-111.497,58.294],[-111.518,58.365],[-111.514,58.412],[-111.487,58.434],[-111.372,58.448],[-111.17,58.454],[-111.07,58.468],[-111.075,58.505]],[[-111.28,58.788],[-111.2,58.892],[-111.233,58.946],[-111.411,59.005]]]}},{"type":"Feature","properties":{"name":"Back","rank":6},"geometry":{"type":"MultiLineString","coordinates":[[[-108.828,64.562],[-108.533,64.562]],[[-108.18,64.686],[-108.09,64.715]],[[-107.979,64.72],[-107.849,64.755],[-107.775,64.803],[-107.712,64.877],[-107.605,64.953],[-107.454,65.032],[-107.374,65.108],[-107.365,65.18],[-107.377,65.244],[-107.408,65.298],[-107.362,65.366],[-107.239,65.447],[-107.103,65.478],[-106.954,65.458],[-106.802,65.399],[-106.648,65.301],[-106.462,65.249],[-106.244,65.244],[-106.127,65.229],[-106.111,65.205],[-105.897,65.164],[-105.275,65.077],[-105.005,65.071],[-104.648,65.112],[-104.112,65.197],[-103.709,65.283],[-103.436,65.369],[-103.277,65.445],[-103.231,65.509],[-103.159,65.556],[-103.061,65.584],[-102.812,65.601],[-102.413,65.605],[-102.178,65.63],[-102.107,65.676],[-102.096,65.724],[-102.144,65.772],[-102.068,65.834],[-101.77,65.947]],[[-98.656,65.927],[-98.6,65.884],[-98.541,65.887],[-98.461,65.92],[-98.356,65.929],[-98.225,65.914],[-98.145,65.926],[-98.116,65.966],[-98.06,65.999],[-97.979,66.024],[-97.858,66.013],[-97.698,65.964],[-97.53,65.949],[-97.267,65.974]],[[-96.995,66.152],[-96.654,66.092],[-96.475,66.093],[-96.344,66.137],[-96.192,66.206],[-96.018,66.302],[-95.896,66.389],[-95.826,66.466],[-95.799,66.527],[-95.797,66.617]]]}},{"type":"Feature","properties":{"name":"Brazos","rank":6},"geometry":{"type":"MultiLineString","coordinates":[[[-100.501,32.905],[-100.441,32.957],[-100.319,32.994],[-100.115,33.034],[-99.998,33.091],[-99.968,33.165],[-99.964,33.248],[-99.987,33.34],[-99.891,33.435],[-99.679,33.532],[-99.494,33.582],[-99.337,33.584],[-99.247,33.556],[-99.225,33.497],[-99.184,33.468],[-99.126,33.466],[-99.081,33.438],[-99.05,33.383],[-99.022,33.361],[-98.996,33.373],[-98.973,33.355],[-98.953,33.307],[-98.882,33.246],[-98.7,33.136],[-98.712,33.082],[-98.693,33.039],[-98.647,32.99],[-98.608,32.987],[-98.577,33.032],[-98.519,33.033],[-98.433,32.992],[-98.406,32.952],[-98.437,32.915],[-98.435,32.879],[-98.399,32.846],[-98.34,32.837],[-98.258,32.853],[-98.201,32.836],[-98.169,32.784],[-98.176,32.752],[-98.194,32.739],[-98.186,32.719],[-98.156,32.704],[-97.973,32.649],[-97.85,32.574],[-97.788,32.479],[-97.716,32.416],[-97.636,32.384],[-97.623,32.358],[-97.676,32.337],[-97.696,32.303],[-97.682,32.258],[-97.632,32.213],[-97.546,32.168],[-97.498,32.157],[-97.474,32.168],[-97.464,32.163],[-97.466,32.09],[-97.417,32.003],[-97.315,31.892],[-97.263,31.809],[-97.261,31.752],[-97.193,31.663],[-97.06,31.541],[-96.971,31.421],[-96.904,31.244],[-96.654,30.791],[-96.512,30.61],[-96.394,30.551],[-96.319,30.485],[-96.288,30.412],[-96.242,30.376],[-96.181,30.38],[-96.131,30.362],[-96.093,30.325],[-96.099,30.258],[-96.149,30.164],[-96.153,30.092],[-96.11,30.042],[-96.078,29.931],[-96.058,29.758],[-96.03,29.666],[-95.979,29.647],[-95.758,29.601],[-95.656,29.559],[-95.599,29.505],[-95.572,29.418],[-95.573,29.298],[-95.589,29.206],[-95.619,29.141],[-95.57,29.074],[-95.44,29.004],[-95.378,28.947],[-95.388,28.898]]]}},{"type":"Feature","properties":{"name":"Chattahoochee","rank":6},"geometry":{"type":"MultiLineString","coordinates":[[[-84.886,30.721],[-84.893,30.668],[-84.961,30.574],[-85.117,30.17],[-85.113,30.08],[-85.043,29.995],[-85.016,29.909],[-85.033,29.822],[-85.024,29.772],[-84.969,29.745]],[[-85.067,31.635],[-85.055,31.573],[-85.093,31.296],[-85.067,31.118],[-84.966,30.923]],[[-84.076,34.167],[-84.105,34.091],[-84.153,34.042],[-84.23,33.995],[-84.292,33.98],[-84.339,33.998],[-84.43,33.926],[-84.566,33.765],[-84.729,33.622],[-84.921,33.496],[-85.037,33.396],[-85.077,33.323],[-85.089,33.252],[-85.072,33.184],[-85.096,33.107],[-85.161,33.023],[-85.185,32.937],[-85.157,32.804],[-85.015,32.526],[-84.974,32.409],[-84.986,32.361],[-84.969,32.32],[-84.922,32.286],[-84.93,32.247],[-84.993,32.202],[-85.035,32.147],[-85.065,32.051]],[[-83.746,34.716],[-83.691,34.7],[-83.661,34.659],[-83.636,34.587],[-83.672,34.504],[-83.817,34.364]]]}},{"type":"Feature","properties":{"name":"Chattooga","rank":6},"geometry":{"type":"MultiLineString","coordinates":[[[-83.121,35.076],[-83.121,35.001],[-83.17,34.933],[-83.317,34.806],[-83.356,34.708]]]}},{"type":"Feature","properties":{"name":"Chixoy","rank":5},"geometry":{"type":"MultiLineString","coordinates":[[[-91.278,15.017],[-91.264,15.157],[-91.303,15.237],[-91.296,15.27],[-91.257,15.285],[-91.047,15.308],[-90.881,15.288],[-90.677,15.236],[-90.555,15.225],[-90.492,15.286],[-90.483,15.316],[-90.534,15.347],[-90.647,15.378],[-90.676,15.427],[-90.624,15.493],[-90.611,15.558],[-90.64,15.622],[-90.686,15.66],[-90.749,15.673],[-90.79,15.697],[-90.809,15.733],[-90.789,15.817],[-90.732,15.951],[-90.637,16.019],[-90.506,16.023],[-90.447,16.071],[-90.46,16.162],[-90.45,16.261],[-90.417,16.351],[-90.417,16.391]]]}},{"type":"Feature","properties":{"name":"Churchill","rank":6},"geometry":{"type":"MultiLineString","coordinates":[[[-64.622,52.891],[-64.682,53.125]],[[-64.678,53.382],[-64.577,53.49],[-64.449,53.532],[-64.26,53.546],[-64.067,53.538],[-63.867,53.508],[-63.638,53.425],[-63.378,53.291],[-63.034,53.21],[-62.606,53.181],[-62.352,53.145],[-62.272,53.103],[-62.214,53.042],[-62.179,52.963],[-62.036,52.911],[-61.785,52.886],[-61.65,52.906],[-61.631,52.968],[-61.578,52.996],[-61.448,52.986],[-60.981,53.198],[-60.724,53.268],[-60.558,53.25],[-60.337,53.277]]]}},{"type":"Feature","properties":{"name":"Coco","rank":6},"geometry":{"type":"MultiLineString","coordinates":[[[-86.844,13.42],[-86.639,13.513],[-86.492,13.61],[-86.411,13.636],[-86.346,13.622],[-86.282,13.572],[-86.217,13.487],[-86.148,13.461],[-86.075,13.493],[-86.004,13.505],[-85.935,13.496],[-85.856,13.581],[-85.769,13.759],[-85.728,13.876],[-85.731,13.932],[-85.682,13.983],[-85.58,14.028],[-85.477,14.109],[-85.374,14.224],[-85.284,14.292],[-85.208,14.312],[-85.179,14.343],[-85.198,14.386],[-85.192,14.447],[-85.161,14.525],[-85.117,14.571],[-85.059,14.583],[-85.037,14.608],[-85.049,14.645],[-85.037,14.686],[-84.985,14.752],[-84.86,14.81],[-84.789,14.79],[-84.73,14.713],[-84.646,14.661],[-84.538,14.633],[-84.454,14.644],[-84.394,14.692],[-84.34,14.706],[-84.292,14.687],[-84.267,14.698],[-84.264,14.739],[-84.239,14.748],[-84.192,14.726],[-84.151,14.72],[-84.114,14.731],[-84.093,14.771],[-84.066,14.786],[-83.972,14.771],[-83.867,14.794],[-83.751,14.856],[-83.674,14.884],[-83.635,14.876],[-83.59,14.908],[-83.537,14.977],[-83.415,15.008],[-83.158,14.993]]]}},{"type":"Feature","properties":{"name":"Colorado","rank":5},"geometry":{"type":"MultiLineString","coordinates":[[[-64.97,-38.804],[-64.596,-38.841],[-64.39,-38.878],[-64.228,-38.925],[-63.989,-39.038],[-63.674,-39.217],[-63.456,-39.316],[-63.336,-39.335],[-63.214,-39.38],[-63.091,-39.451],[-62.918,-39.499],[-62.697,-39.524],[-62.517,-39.608],[-62.254,-39.88]],[[-70.302,-35.288],[-70.223,-35.591],[-70.166,-35.722],[-70.072,-35.813],[-69.865,-35.86],[-69.762,-35.964],[-69.694,-36.14],[-69.671,-36.26],[-69.692,-36.324],[-69.693,-36.407],[-69.676,-36.508],[-69.694,-36.596],[-69.748,-36.67],[-69.785,-36.78],[-69.806,-36.925],[-69.797,-37.02],[-69.758,-37.064],[-69.699,-37.106],[-69.621,-37.146],[-69.463,-37.174],[-69.226,-37.19],[-69.076,-37.24],[-69.016,-37.323],[-68.87,-37.383],[-68.641,-37.422],[-68.501,-37.465],[-68.452,-37.514],[-68.273,-37.558],[-67.963,-37.598],[-67.783,-37.659],[-67.735,-37.74],[-67.751,-37.82],[-67.83,-37.901],[-67.866,-37.969],[-67.858,-38.022],[-67.824,-38.056],[-67.765,-38.069],[-67.69,-38.122],[-67.599,-38.215],[-67.46,-38.252],[-67.271,-38.232],[-67.15,-38.269],[-67.097,-38.362],[-66.993,-38.436],[-66.763,-38.516],[-66.653,-38.564],[-66.603,-38.61],[-66.576,-38.671],[-66.52,-38.71],[-66.435,-38.726],[-66.068,-38.74],[-65.893,-38.761],[-65.757,-38.799],[-65.658,-38.807],[-65.595,-38.786],[-65.514,-38.791],[-65.416,-38.823],[-65.27,-38.83],[-64.978,-38.804]],[[-114.721,32.724],[-114.788,32.565],[-114.839,32.504],[-114.897,32.49],[-114.959,32.42],[-115.025,32.294],[-115.093,32.213],[-115.164,32.176],[-115.199,32.124],[-115.196,32.058],[-115.187,32.044],[-115.153,32.036],[-115.126,31.988],[-115.093,31.965],[-115.035,31.966],[-114.981,31.918],[-114.934,31.901]],[[-114.164,34.253],[-114.329,34.142],[-114.418,34.051],[-114.509,33.904],[-114.495,33.785],[-114.499,33.686],[-114.522,33.608],[-114.556,33.536],[-114.603,33.47],[-114.651,33.431],[-114.702,33.418],[-114.719,33.331],[-114.704,33.17],[-114.648,33.072],[-114.551,33.037],[-114.491,32.984],[-114.469,32.912],[-114.478,32.842],[-114.516,32.773],[-114.582,32.735],[-114.721,32.724]],[[-114.591,35.353],[-114.611,34.907],[-114.557,34.795],[-114.398,34.59],[-114.379,34.541]],[[-114.741,36.014],[-114.732,35.984],[-114.687,35.917],[-114.677,35.73],[-114.65,35.684],[-114.645,35.631]],[[-112.876,36.28],[-113.206,36.124],[-113.296,36.048],[-113.325,35.995],[-113.323,35.835],[-113.356,35.764],[-113.422,35.762],[-113.579,35.801],[-113.636,35.831]],[[-111.473,36.932],[-111.591,36.85],[-111.683,36.748],[-111.788,36.599],[-111.852,36.488],[-111.874,36.414],[-111.865,36.32],[-111.826,36.206],[-111.834,36.126],[-111.891,36.081],[-111.995,36.073],[-112.147,36.102],[-112.256,36.151],[-112.322,36.221],[-112.377,36.246],[-112.42,36.226],[-112.459,36.229],[-112.495,36.254],[-112.499,36.288],[-112.471,36.332],[-112.467,36.366],[-112.489,36.389],[-112.533,36.401],[-112.598,36.402],[-112.693,36.372],[-112.881,36.28]],[[-105.861,40.165],[-106.126,40.093],[-106.285,40.091],[-106.401,40.062],[-106.482,40.019],[-106.638,39.894],[-106.676,39.89],[-106.726,39.92],[-106.793,39.924],[-106.877,39.902],[-106.969,39.828],[-107.071,39.701],[-107.132,39.644],[-107.235,39.602],[-107.541,39.579],[-107.734,39.579],[-107.847,39.557],[-107.944,39.512],[-108.242,39.315],[-108.314,39.178],[-108.434,39.099],[-108.558,39.09],[-108.801,39.184],[-108.867,39.201],[-108.952,39.198],[-109.051,39.141],[-109.196,39.033],[-109.265,38.935],[-109.306,38.812],[-109.363,38.734],[-109.434,38.702],[-109.499,38.651],[-109.556,38.581],[-109.596,38.554],[-109.614,38.561],[-109.635,38.546],[-109.648,38.485],[-109.67,38.453],[-109.7,38.449],[-109.723,38.414],[-109.739,38.35],[-109.785,38.279],[-109.897,38.165],[-110.131,37.962],[-110.248,37.895],[-110.368,37.898]],[[-105.846,40.404],[-105.816,40.215],[-105.821,40.185]]]}},{"type":"Feature","properties":{"name":"Columbia","rank":3},"geometry":{"type":"MultiLineString","coordinates":[[[-122.15,45.594],[-122.203,45.591],[-122.65,45.627],[-122.726,45.674],[-122.746,45.75],[-122.843,45.978],[-122.942,46.115],[-123.042,46.16],[-123.121,46.179],[-123.221,46.154]],[[-118.168,48.232],[-118.232,48.086],[-118.284,48.035],[-118.346,48.032],[-118.368,47.996],[-118.349,47.927],[-118.351,47.879],[-118.375,47.849],[-118.433,47.857],[-118.525,47.903],[-118.665,47.927],[-118.854,47.93],[-118.983,47.982],[-119.052,48.082],[-119.228,48.101],[-119.511,48.04],[-119.681,48.03],[-119.74,48.073],[-119.801,48.085],[-119.864,48.066],[-119.887,48.029],[-119.868,47.975],[-119.87,47.929],[-119.894,47.891],[-119.969,47.813],[-120.04,47.783],[-120.14,47.763],[-120.214,47.693],[-120.262,47.575],[-120.273,47.487],[-120.248,47.429],[-120.194,47.382],[-120.068,47.329],[-120.068,47.275],[-120.049,47.245],[-120.01,47.219],[-119.997,47.176],[-120.011,47.117],[-119.992,46.985],[-119.939,46.78],[-119.838,46.674],[-119.687,46.667],[-119.577,46.681],[-119.506,46.716],[-119.417,46.679],[-119.311,46.569],[-119.256,46.456],[-119.253,46.341],[-119.201,46.269],[-119.085,46.233],[-119.036,46.206],[-118.925,46.08],[-118.931,46.063],[-118.959,46.038],[-119.05,45.981],[-119.177,45.945],[-119.429,45.934],[-119.934,45.838],[-120.156,45.762],[-120.351,45.725],[-120.716,45.69],[-121.045,45.639],[-121.184,45.644],[-121.243,45.687],[-121.402,45.712],[-121.663,45.718],[-121.882,45.689],[-122.085,45.603],[-122.15,45.594]],[[-117.907,49.342],[-117.721,49.331],[-117.676,49.275],[-117.711,49.172],[-117.701,49.098],[-117.648,49.055],[-117.717,48.975],[-117.908,48.858],[-118.021,48.766],[-118.074,48.663]],[[-117.88,50.103],[-117.917,50.092],[-117.925,50.064],[-117.915,50.016],[-117.95,49.971],[-118.029,49.929],[-118.074,49.881],[-118.092,49.802]],[[-115.865,50.287],[-116.081,50.591],[-116.224,50.758],[-116.365,50.89],[-116.545,51.01],[-116.762,51.12],[-116.931,51.244],[-117.052,51.383],[-117.183,51.471],[-117.324,51.507],[-117.425,51.558],[-117.517,51.659]],[[-117.873,51.87],[-118.366,52.09]],[[-118.527,52.102],[-118.581,52.052],[-118.595,51.999],[-118.589,51.925],[-118.611,51.858],[-118.661,51.796],[-118.681,51.742],[-118.672,51.696],[-118.599,51.59],[-118.463,51.426],[-118.359,51.323],[-118.289,51.281],[-118.237,51.214],[-118.205,51.12],[-118.195,51.049],[-118.208,51],[-118.138,50.903],[-117.906,50.683]]]}},{"type":"Feature","properties":{"name":"Copper","rank":6},"geometry":{"type":"MultiLineString","coordinates":[[[-143.658,62.474],[-143.675,62.557],[-143.713,62.605],[-143.776,62.646],[-143.907,62.674],[-144.203,62.699],[-144.458,62.663],[-144.733,62.568],[-145.114,62.403],[-145.336,62.286],[-145.399,62.219],[-145.419,62.157],[-145.384,62.073],[-145.166,61.916],[-144.936,61.81],[-144.621,61.701],[-144.455,61.617],[-144.427,61.526],[-144.486,61.453],[-144.58,61.407],[-144.729,61.366],[-144.828,61.309],[-144.877,61.238],[-144.873,61.151],[-144.815,61.049],[-144.716,60.951],[-144.534,60.833],[-144.523,60.815],[-144.532,60.788],[-144.638,60.69],[-144.691,60.669]]]}},{"type":"Feature","properties":{"name":"Coppermine","rank":6},"geometry":{"type":"MultiLineString","coordinates":[[[-111.212,64.583],[-111.351,64.552],[-111.456,64.562],[-111.572,64.604],[-111.715,64.628],[-111.966,64.638]],[[-112.318,64.96],[-112.343,64.899]],[[-114.173,65.638],[-114.168,65.684],[-114.231,65.728],[-114.36,65.787],[-114.43,65.864],[-114.439,65.958],[-114.403,66.035],[-114.321,66.096],[-114.374,66.233],[-114.56,66.444],[-114.751,66.586],[-114.948,66.658],[-115.265,66.728],[-115.921,66.831],[-116.157,66.81],[-116.266,66.832],[-116.326,66.89],[-116.293,66.972],[-116.166,67.08],[-116.134,67.156],[-116.196,67.201],[-116.074,67.224],[-115.768,67.226],[-115.6,67.236],[-115.571,67.253],[-115.595,67.276],[-115.67,67.303],[-115.713,67.341],[-115.724,67.389],[-115.694,67.44],[-115.625,67.495],[-115.593,67.536],[-115.598,67.563],[-115.553,67.615],[-115.458,67.691],[-115.335,67.747],[-115.133,67.819]]]}},{"type":"Feature","properties":{"name":"Double Mountain Fork Brazos","rank":6},"geometry":{"type":"MultiLineString","coordinates":[[[-101.667,33.54],[-101.426,33.4],[-101.323,33.266],[-101.253,33.201],[-101.18,33.16],[-101.107,33.14],[-100.995,33.14],[-100.832,33.103],[-100.709,33.044],[-100.501,32.905]]]}},{"type":"Feature","properties":{"name":"Finlay","rank":6},"geometry":{"type":"MultiLineString","coordinates":[[[-127.235,56.815],[-126.926,56.916],[-126.915,57.082],[-126.822,57.19],[-126.645,57.296],[-126.551,57.415],[-126.542,57.546],[-126.518,57.627],[-126.478,57.659],[-126.403,57.674],[-126.294,57.674],[-126.167,57.622],[-126.022,57.516],[-125.845,57.439],[-125.634,57.391],[-125.393,57.261],[-125.12,57.049],[-124.946,56.897],[-124.836,56.757]]]}},{"type":"Feature","properties":{"name":"Fraser","rank":5},"geometry":{"type":"MultiLineString","coordinates":[[[-118.319,52.522],[-118.572,52.762],[-118.601,52.825],[-118.721,52.891],[-118.941,52.983],[-119.175,53.023],[-119.425,53.009],[-119.669,53.056],[-119.906,53.161],[-120.244,53.346],[-120.681,53.609],[-121.024,53.778],[-121.396,53.889],[-121.584,53.93],[-121.649,53.963],[-121.654,54.002],[-121.738,54.061],[-121.903,54.141],[-122.089,54.201],[-122.295,54.24],[-122.435,54.245],[-122.509,54.215],[-122.551,54.174],[-122.56,54.121],[-122.611,54.046],[-122.704,53.947],[-122.744,53.816],[-122.733,53.652],[-122.708,53.534],[-122.67,53.461],[-122.709,53.399],[-122.827,53.348],[-122.804,53.266],[-122.64,53.153],[-122.53,53.042],[-122.475,52.932],[-122.457,52.798],[-122.475,52.642],[-122.436,52.508],[-122.34,52.395],[-122.285,52.259],[-122.27,52.097],[-122.272,51.99],[-122.29,51.937],[-122.321,51.902],[-122.365,51.884],[-122.392,51.846],[-122.408,51.758],[-122.268,51.519],[-122.225,51.407],[-122.232,51.345],[-122.143,51.221],[-121.955,51.038],[-121.858,50.901],[-121.85,50.812],[-121.866,50.766],[-121.906,50.763],[-121.924,50.74],[-121.92,50.698],[-121.86,50.615],[-121.744,50.491],[-121.628,50.302],[-121.51,50.047],[-121.449,49.791],[-121.445,49.532],[-121.49,49.387],[-121.582,49.354],[-121.652,49.307],[-121.698,49.246],[-121.874,49.19],[-122.179,49.139],[-122.445,49.141],[-122.673,49.197],[-122.85,49.207],[-123.041,49.151],[-123.08,49.131]]]}},{"type":"Feature","properties":{"name":"Gila","rank":6},"geometry":{"type":"MultiLineString","coordinates":[[[-111.249,33.104],[-111.455,33.04],[-111.648,33.054],[-111.899,33.126],[-112.122,33.222],[-112.32,33.342],[-112.511,33.372],[-112.697,33.311],[-112.767,33.238],[-112.72,33.154],[-112.704,33.087],[-112.717,33.036],[-112.809,33.03],[-112.98,33.067],[-113.084,33.067],[-113.12,33.03],[-113.197,33.001],[-113.317,32.979],[-113.525,32.906],[-113.824,32.782],[-114.005,32.725],[-114.068,32.735],[-114.13,32.725],[-114.19,32.696],[-114.261,32.709],[-114.344,32.763],[-114.428,32.776],[-114.582,32.735]],[[-108.204,33.577],[-108.114,33.413],[-108.246,33.176],[-108.348,33.091],[-108.464,33.079],[-108.555,32.992],[-108.62,32.828],[-108.71,32.718],[-108.825,32.659],[-108.944,32.657],[-109.067,32.711],[-109.156,32.786],[-109.209,32.881],[-109.264,32.94],[-109.321,32.962],[-109.397,32.943],[-109.492,32.884],[-109.591,32.853],[-109.695,32.85],[-109.846,32.932],[-110.042,33.099],[-110.226,33.186],[-110.398,33.193],[-110.554,33.15],[-110.694,33.056],[-110.814,33.038],[-110.916,33.095],[-111.039,33.121],[-111.256,33.112]]]}},{"type":"Feature","properties":{"name":"Great Pee Dee","rank":6},"geometry":{"type":"MultiLineString","coordinates":[[[-80.464,36.232],[-80.456,36.206],[-80.481,36.093],[-80.459,36.011],[-80.392,35.943],[-80.365,35.893],[-80.378,35.86],[-80.406,35.843],[-80.447,35.841],[-80.465,35.817],[-80.46,35.773],[-80.423,35.742],[-80.354,35.724],[-80.27,35.652],[-80.071,35.401],[-80.055,35.312],[-80.058,35.176],[-80.027,35.109],[-79.963,35.113],[-79.915,35.096],[-79.884,35.06],[-79.884,34.976],[-79.915,34.846],[-79.891,34.738],[-79.812,34.652],[-79.781,34.58],[-79.8,34.523],[-79.791,34.505],[-79.754,34.503],[-79.722,34.465],[-79.676,34.359],[-79.634,34.3],[-79.596,34.288],[-79.551,34.195],[-79.471,33.934],[-79.334,33.786],[-79.246,33.715],[-79.162,33.673],[-79.115,33.629],[-79.106,33.583],[-79.123,33.529],[-79.19,33.437],[-79.226,33.405]]]}},{"type":"Feature","properties":{"name":"Holston","rank":5},"geometry":{"type":"MultiLineString","coordinates":[[[-81.42,37.009],[-81.695,36.932],[-81.875,36.853],[-82.589,36.61],[-82.665,36.522],[-82.936,36.401],[-83.387,36.256],[-83.454,36.2],[-83.747,36.076],[-83.9,35.978],[-83.974,35.915],[-83.969,35.87]]]}},{"type":"Feature","properties":{"name":"Hudson","rank":6},"geometry":{"type":"MultiLineString","coordinates":[[[-74.074,44.1],[-74.064,44.016],[-74.08,43.982],[-74.119,43.972],[-74.152,43.942],[-74.176,43.894],[-74.178,43.86],[-74.146,43.832],[-73.971,43.735],[-73.888,43.661],[-73.839,43.576],[-73.83,43.506],[-73.862,43.451],[-73.867,43.383],[-73.846,43.302],[-73.781,43.274],[-73.671,43.297],[-73.617,43.232],[-73.622,43],[-73.728,42.714],[-73.767,42.544],[-73.773,42.394],[-73.818,42.265],[-73.901,42.159],[-73.944,42.02],[-73.948,41.765],[-73.984,41.574],[-73.984,41.46],[-73.96,41.331],[-73.97,41.25]]]}},{"type":"Feature","properties":{"name":"Klamath","rank":5},"geometry":{"type":"MultiLineString","coordinates":[[[-123.78,41.277],[-123.837,41.302],[-123.884,41.362],[-123.938,41.466],[-123.991,41.523],[-124.093,41.54]],[[-121.809,42.251],[-121.785,42.215],[-121.8,42.181],[-121.845,42.137],[-121.901,42.126],[-121.966,42.149],[-122.052,42.119],[-122.157,42.036],[-122.257,41.991],[-122.353,41.986],[-122.447,41.951],[-122.54,41.887],[-122.637,41.867],[-122.738,41.889],[-122.812,41.892],[-122.999,41.826],[-123.1,41.83],[-123.223,41.866],[-123.342,41.811],[-123.458,41.665],[-123.511,41.532],[-123.503,41.411],[-123.535,41.315],[-123.609,41.244],[-123.679,41.225],[-123.78,41.277]]]}},{"type":"Feature","properties":{"name":"Koyukuk","rank":6},"geometry":{"type":"MultiLineString","coordinates":[[[-150.821,68.043],[-150.892,67.854],[-150.988,67.747],[-151.027,67.678],[-151.041,67.611],[-150.991,67.548],[-150.878,67.49],[-150.789,67.426],[-150.726,67.357],[-150.726,67.279],[-150.791,67.193],[-151.032,67.092],[-151.451,66.975],[-151.619,66.918],[-151.676,66.857],[-151.709,66.739],[-151.779,66.658],[-151.885,66.615],[-152.032,66.58],[-152.219,66.555],[-152.396,66.552],[-152.562,66.571],[-152.734,66.551],[-152.914,66.492],[-153.074,66.46],[-153.214,66.456],[-153.296,66.438],[-153.33,66.39],[-153.416,66.411],[-153.6,66.382],[-153.909,66.308],[-154.134,66.195],[-154.276,66.043],[-154.454,65.923],[-154.668,65.834],[-154.847,65.794],[-154.991,65.802],[-155.088,65.852],[-155.222,65.883],[-155.31,65.93],[-155.363,65.921],[-155.39,65.936],[-155.393,65.962],[-155.434,65.994],[-155.521,65.998],[-155.653,65.975],[-155.769,65.98],[-155.869,66.013],[-156.01,66.022],[-156.192,66.008],[-156.219,65.987],[-156.225,65.963],[-156.25,65.947],[-156.328,65.93],[-156.348,65.911],[-156.334,65.886],[-156.349,65.833],[-156.481,65.755],[-156.503,65.726],[-156.475,65.674],[-156.49,65.654],[-156.471,65.63],[-156.391,65.617],[-156.369,65.577],[-156.346,65.559],[-156.336,65.534],[-156.348,65.516],[-156.382,65.504],[-156.391,65.467],[-156.426,65.455],[-156.57,65.458],[-156.638,65.469],[-156.629,65.491],[-156.673,65.517],[-156.77,65.549],[-156.858,65.564],[-156.935,65.564],[-157.028,65.539],[-157.137,65.49],[-157.291,65.475],[-157.492,65.492],[-157.609,65.491],[-157.643,65.47],[-157.684,65.415],[-157.676,65.396],[-157.643,65.389],[-157.624,65.364],[-157.621,65.323],[-157.642,65.299],[-157.627,65.26],[-157.652,65.216],[-157.662,65.164],[-157.647,65.084],[-157.595,65.055],[-157.506,65.078],[-157.432,65.075],[-157.375,65.044],[-157.397,65.027],[-157.499,65.026],[-157.545,65.003],[-157.535,64.961],[-157.582,64.921],[-157.74,64.867],[-157.769,64.85]]]}},{"type":"Feature","properties":{"name":"Kuskokwim","rank":6},"geometry":{"type":"MultiLineString","coordinates":[[[-154.721,63.079],[-154.844,63.02],[-154.926,63.006],[-155.01,63.018],[-155.125,63.005],[-155.271,62.965],[-155.368,62.962],[-155.416,62.996],[-155.492,63],[-155.595,62.972],[-155.619,62.949],[-155.564,62.931],[-155.605,62.886],[-155.741,62.815],[-155.817,62.766],[-155.831,62.739],[-155.823,62.72],[-155.794,62.71],[-155.775,62.678],[-155.767,62.624],[-155.776,62.586],[-155.814,62.554],[-156.025,62.466],[-156.142,62.38],[-156.236,62.268],[-156.256,62.163],[-156.203,62.065],[-156.203,62.007],[-156.256,61.988],[-156.298,61.951],[-156.327,61.895],[-156.519,61.817],[-156.873,61.715],[-157.244,61.725],[-157.632,61.848],[-157.885,61.892],[-158.004,61.856],[-158.081,61.85],[-158.118,61.873],[-158.182,61.821],[-158.273,61.693],[-158.393,61.61],[-158.544,61.573],[-158.71,61.566],[-158.892,61.59],[-159.187,61.594],[-159.801,61.573],[-160.215,61.543],[-160.415,61.504],[-160.538,61.445],[-160.604,61.388],[-160.615,61.334],[-160.652,61.306],[-160.716,61.302],[-160.755,61.28],[-160.77,61.239],[-160.846,61.187],[-160.984,61.123],[-161.068,61.058],[-161.1,60.992],[-161.175,60.938],[-161.292,60.897],[-161.386,60.885],[-161.457,60.903],[-161.487,60.893],[-161.476,60.854],[-161.483,60.827],[-161.508,60.811],[-161.555,60.816],[-161.624,60.844],[-161.661,60.838],[-161.666,60.799],[-161.694,60.78],[-161.745,60.781],[-161.762,60.768],[-161.746,60.74],[-161.774,60.721],[-161.881,60.704],[-161.947,60.685]]]}},{"type":"Feature","properties":{"name":"La Grande Rivière","rank":4},"geometry":{"type":"MultiLineString","coordinates":[[[-70.48,53.406],[-70.42,53.408],[-70.387,53.435],[-70.362,53.487],[-70.473,53.492],[-70.845,53.428]],[[-71.117,53.591],[-71.277,53.664],[-71.452,53.678],[-71.816,53.646]],[[-72.036,53.598],[-72.094,53.602],[-72.102,53.616],[-72.078,53.64],[-72.082,53.655],[-72.113,53.659],[-72.28,53.621],[-72.35,53.63],[-72.389,53.675],[-72.503,53.691],[-72.692,53.679],[-72.727,53.704],[-72.852,53.765],[-73.143,53.866],[-73.328,53.916],[-73.407,53.914],[-73.536,53.877],[-73.714,53.805],[-73.962,53.748],[-74.439,53.684]],[[-77.42,53.798],[-77.626,53.82],[-77.826,53.806],[-78.088,53.764],[-78.39,53.762],[-78.901,53.817],[-78.946,53.832]]]}},{"type":"Feature","properties":{"name":"Liard","rank":6},"geometry":{"type":"MultiLineString","coordinates":[[[-131.373,61.204],[-131.32,61.072],[-131.246,61.043],[-131.132,61.075],[-131.044,61.082],[-130.951,61.054],[-130.619,60.862],[-130.374,60.765],[-130.105,60.698],[-129.845,60.582],[-129.593,60.417],[-129.374,60.309],[-129.185,60.26],[-129.028,60.186],[-128.904,60.087],[-128.791,60.035],[-128.691,60.029],[-128.61,60.003],[-128.547,59.956],[-128.397,59.909],[-128.161,59.863],[-127.991,59.883],[-127.888,59.971],[-127.772,60.005],[-127.644,59.986],[-127.54,59.952],[-127.462,59.902],[-127.446,59.843],[-127.494,59.773],[-127.463,59.738],[-127.354,59.738],[-127.259,59.712],[-127.138,59.636],[-126.987,59.66],[-126.835,59.65],[-126.63,59.614],[-126.404,59.55],[-126.156,59.457],[-125.979,59.425],[-125.872,59.455],[-125.81,59.456],[-125.672,59.384],[-125.447,59.322],[-125.232,59.311],[-125.028,59.349],[-124.88,59.413],[-124.789,59.503],[-124.72,59.553],[-124.646,59.665],[-124.554,59.729],[-124.414,59.724],[-124.16,59.619],[-124.146,59.561],[-124.081,59.558],[-123.931,59.71],[-123.86,59.853],[-123.835,60.025],[-123.713,60.165],[-123.494,60.274],[-123.42,60.366],[-123.49,60.443],[-123.534,60.523],[-123.553,60.605],[-123.552,60.666],[-123.53,60.704],[-123.468,60.735],[-123.395,60.893],[-123.277,61.022],[-123.136,61.097],[-123.003,61.101],[-122.886,61.135],[-122.753,61.218],[-122.405,61.307],[-121.842,61.403],[-121.521,61.482],[-121.442,61.544],[-121.414,61.596],[-121.434,61.64],[-121.384,61.685],[-121.263,61.731],[-121.221,61.777],[-121.28,61.864]]]}},{"type":"Feature","properties":{"name":"Mackenzie","rank":2},"geometry":{"type":"MultiLineString","coordinates":[[[-117.668,61.308],[-117.706,61.367],[-117.86,61.415],[-118.143,61.47],[-118.323,61.455],[-118.402,61.369],[-118.7,61.3],[-119.22,61.248],[-119.773,61.304],[-120.36,61.468],[-120.673,61.567],[-120.714,61.603],[-120.718,61.648],[-120.686,61.704],[-120.684,61.752],[-120.713,61.792],[-120.868,61.821],[-121.148,61.839],[-121.363,61.88],[-121.589,61.974],[-122.235,62.118],[-122.603,62.167],[-122.906,62.17],[-123.139,62.204],[-123.388,62.31],[-123.402,62.326],[-123.356,62.405],[-123.25,62.548],[-123.204,62.709],[-123.218,62.889],[-123.254,63.024],[-123.311,63.113],[-123.419,63.199],[-123.577,63.28],[-123.683,63.379],[-123.736,63.493],[-123.83,63.63],[-123.966,63.79],[-124.084,63.897],[-124.183,63.952],[-124.266,63.978],[-124.333,63.977],[-124.39,63.999],[-124.438,64.046],[-124.451,64.104],[-124.429,64.174],[-124.448,64.232],[-124.506,64.278],[-124.584,64.311],[-124.682,64.333],[-124.789,64.405],[-124.906,64.526],[-124.947,64.615],[-124.912,64.671],[-124.943,64.707],[-125.039,64.724],[-125.109,64.764],[-125.153,64.826],[-125.375,64.875],[-125.775,64.908],[-126.027,64.956],[-126.182,65.049],[-126.459,65.177],[-126.646,65.238],[-126.929,65.291],[-127.061,65.295],[-127.337,65.375],[-128.03,65.608],[-128.401,65.62],[-128.588,65.643],[-128.715,65.681],[-128.75,65.739],[-128.817,65.791],[-128.97,65.867],[-129.065,65.95],[-129.102,66.04],[-129.093,66.109],[-129.038,66.155],[-128.923,66.202],[-128.748,66.251],[-128.666,66.292],[-128.678,66.327],[-128.745,66.358],[-128.867,66.385],[-129.089,66.48],[-129.411,66.644],[-129.699,66.75],[-129.955,66.797],[-130.118,66.86],[-130.189,66.941],[-130.236,67.046],[-130.26,67.174],[-130.306,67.258],[-130.375,67.296],[-130.496,67.325],[-130.705,67.34],[-130.808,67.374],[-130.956,67.461],[-131.16,67.489],[-131.437,67.473],[-131.907,67.403],[-132.569,67.278],[-133.02,67.245],[-133.26,67.304],[-133.433,67.371],[-133.539,67.444],[-133.64,67.479],[-133.737,67.477],[-133.887,67.526],[-134.091,67.625],[-134.199,67.718],[-134.212,67.803],[-134.277,67.889],[-134.394,67.976],[-134.448,68.073],[-134.44,68.177],[-134.366,68.292],[-134.33,68.314],[-134.272,68.318],[-134.199,68.345],[-134.125,68.392],[-134.099,68.429],[-134.075,68.517],[-134.103,68.576],[-134.244,68.706]],[[-134.244,68.706],[-134.391,68.706],[-134.539,68.77],[-134.836,68.964]],[[-134.244,68.706],[-134.545,68.919],[-134.626,69.017],[-134.586,69.071],[-134.503,69.111],[-134.313,69.154],[-134.245,69.192],[-134.174,69.253]],[[-134.836,68.964],[-135.034,68.908],[-135.131,68.903],[-135.195,68.93],[-135.322,68.936],[-135.606,68.911],[-135.638,68.892]],[[-134.836,68.964],[-135.037,69.062],[-135.076,69.11],[-135.02,69.139],[-135.039,69.181],[-135.183,69.263],[-135.255,69.324]]]}},{"type":"Feature","properties":{"name":"Madison","rank":1},"geometry":{"type":"MultiLineString","coordinates":[[[-110.744,44.727],[-110.859,44.668],[-110.933,44.653],[-111.004,44.662],[-111.054,44.689],[-111.1,44.757]],[[-111.309,44.868],[-111.406,44.843],[-111.477,44.852],[-111.553,44.892],[-111.626,44.988],[-111.694,45.141],[-111.719,45.263],[-111.701,45.354],[-111.646,45.458],[-111.553,45.573],[-111.493,45.722],[-111.464,45.904],[-111.43,46.025],[-111.39,46.085],[-111.406,46.177],[-111.516,46.36]]]}},{"type":"Feature","properties":{"name":"Mississippi","rank":1},"geometry":{"type":"MultiLineString","coordinates":[[[-89.376,28.981],[-89.257,29.155],[-89.016,29.203]],[[-89.261,29.155],[-89.289,29.178]],[[-89.289,29.178],[-89.181,29.336]],[[-89.289,29.178],[-89.433,29.294],[-89.519,29.347],[-89.666,29.416],[-89.67,29.444],[-89.714,29.486],[-89.758,29.506],[-89.869,29.608],[-89.973,29.689],[-90.007,29.754],[-90.012,29.811],[-89.987,29.86],[-89.958,29.876],[-89.932,29.878],[-89.923,29.888],[-89.923,29.903],[-89.933,29.914],[-90.041,29.932],[-90.25,29.943],[-90.39,29.976],[-90.464,30.032],[-90.582,30.048],[-90.744,30.023],[-90.849,30.04],[-90.897,30.098],[-90.944,30.127],[-90.99,30.126],[-91.021,30.147],[-91.038,30.181],[-91.074,30.204],[-91.11,30.209],[-91.133,30.227],[-91.13,30.248],[-91.179,30.285],[-91.191,30.307],[-91.187,30.328],[-91.195,30.352],[-91.226,30.368],[-91.235,30.402],[-91.218,30.479],[-91.226,30.505],[-91.258,30.534],[-91.257,30.565],[-91.276,30.615],[-91.338,30.706],[-91.388,30.744],[-91.423,30.753],[-91.529,30.756],[-91.557,30.78],[-91.523,30.854],[-91.546,30.908],[-91.646,30.952],[-91.66,30.972],[-91.653,31.03],[-91.611,31.065],[-91.596,31.11],[-91.631,31.218],[-91.618,31.277],[-91.559,31.288],[-91.529,31.345],[-91.529,31.449],[-91.506,31.519],[-91.459,31.555],[-91.415,31.64],[-91.373,31.774],[-91.286,31.884],[-91.157,31.971],[-91.093,32.046],[-91.089,32.104],[-91.075,32.131],[-91.048,32.146],[-90.948,32.24],[-90.938,32.277],[-90.945,32.331],[-90.99,32.381],[-91.059,32.424],[-91.104,32.49],[-91.101,32.541],[-91.116,32.586],[-91.15,32.625],[-91.142,32.661],[-91.094,32.694],[-91.092,32.726],[-91.136,32.756],[-91.136,32.809],[-91.093,32.885],[-91.096,32.938],[-91.144,32.967],[-91.153,33.041],[-91.107,33.218],[-91.117,33.241],[-91.163,33.294],[-91.168,33.359],[-91.141,33.439],[-91.154,33.5],[-91.193,33.523],[-91.215,33.583],[-91.173,33.617],[-91.17,33.647],[-91.207,33.676],[-91.184,33.716],[-91.1,33.767],[-91.053,33.828],[-91.038,33.901],[-91.05,33.945],[-91.07,33.974],[-91.06,33.989],[-91.043,34.003],[-90.943,34.03],[-90.915,34.049],[-90.909,34.072],[-90.94,34.129],[-90.91,34.189],[-90.817,34.252],[-90.768,34.308],[-90.762,34.356],[-90.718,34.392],[-90.635,34.414],[-90.584,34.504],[-90.564,34.661],[-90.539,34.728],[-90.497,34.738],[-90.475,34.76],[-90.468,34.805],[-90.416,34.852],[-90.32,34.899],[-90.282,34.945],[-90.293,34.97],[-90.294,35.004],[-90.256,35.046],[-90.142,35.114],[-90.093,35.204],[-90.108,35.314],[-90.066,35.414],[-89.967,35.503],[-89.927,35.592],[-89.943,35.679],[-89.895,35.751],[-89.78,35.806],[-89.764,35.828],[-89.77,35.864],[-89.764,35.889],[-89.704,35.907],[-89.689,35.921],[-89.689,35.944],[-89.709,35.983],[-89.698,36.03],[-89.642,36.105],[-89.634,36.168],[-89.675,36.221],[-89.654,36.248],[-89.595,36.259],[-89.584,36.272],[-89.584,36.288],[-89.612,36.322],[-89.604,36.352],[-89.555,36.373],[-89.541,36.427],[-89.56,36.513],[-89.55,36.553],[-89.52,36.555],[-89.497,36.529],[-89.485,36.498],[-89.471,36.489],[-89.452,36.498],[-89.397,36.588],[-89.331,36.616],[-89.256,36.594],[-89.203,36.626],[-89.156,36.716],[-89.13,36.811],[-89.122,36.912],[-89.154,36.992],[-89.225,37.053],[-89.272,37.08],[-89.292,37.071],[-89.29,37.013],[-89.352,37.036],[-89.414,37.102],[-89.487,37.213],[-89.503,37.301],[-89.462,37.366],[-89.462,37.434],[-89.503,37.506],[-89.523,37.576],[-89.523,37.645],[-89.623,37.747],[-89.823,37.884],[-89.97,37.969],[-90.064,38.001],[-90.174,38.069],[-90.299,38.174],[-90.366,38.254],[-90.374,38.31],[-90.317,38.458],[-90.132,38.819],[-90.127,38.833],[-90.134,38.847],[-90.22,38.898],[-90.354,38.93],[-90.478,38.948],[-90.577,38.91],[-90.664,38.987],[-90.737,39.182],[-90.919,39.387],[-91.21,39.603],[-91.379,39.749],[-91.426,39.827],[-91.467,39.943],[-91.502,40.098],[-91.5,40.226],[-91.442,40.379],[-91.391,40.397],[-91.381,40.448],[-91.394,40.537],[-91.339,40.604],[-91.215,40.65],[-91.102,40.75],[-91,40.905],[-90.954,41.016],[-90.964,41.083],[-91.001,41.146],[-91.067,41.206],[-91.082,41.28],[-91.048,41.369],[-90.939,41.426],[-90.754,41.45],[-90.587,41.495],[-90.437,41.56],[-90.348,41.632],[-90.319,41.71],[-90.276,41.77],[-90.218,41.813],[-90.177,41.884],[-90.152,41.982],[-90.149,42.054],[-90.168,42.1],[-90.233,42.154],[-90.347,42.215],[-90.41,42.272],[-90.425,42.326],[-90.485,42.383],[-90.59,42.445],[-90.657,42.521],[-90.688,42.61],[-90.789,42.677],[-90.96,42.72],[-91.07,42.789],[-91.118,42.882],[-91.148,42.986],[-91.161,43.102],[-91.148,43.2],[-91.107,43.278],[-91.117,43.331],[-91.178,43.359],[-91.219,43.395],[-91.238,43.44],[-91.278,43.797],[-91.32,43.936],[-91.383,43.991],[-91.515,44.054],[-91.716,44.126],[-91.841,44.194],[-91.912,44.289],[-92.055,44.4],[-92.149,44.445],[-92.24,44.462],[-92.313,44.498],[-92.367,44.552],[-92.442,44.587],[-92.537,44.601],[-92.644,44.645],[-92.82,44.758],[-92.963,44.79],[-93.03,44.838],[-93.07,44.912],[-93.119,44.937],[-93.175,44.913],[-93.232,44.963],[-93.291,45.087],[-93.349,45.167],[-93.408,45.202],[-94.063,45.439],[-94.133,45.496],[-94.189,45.577],[-94.212,45.632],[-94.202,45.662],[-94.238,45.714],[-94.32,45.789],[-94.371,45.853],[-94.389,45.906],[-94.386,45.972],[-94.363,46.051],[-94.366,46.125],[-94.394,46.194],[-94.333,46.284],[-94.183,46.396],[-94.091,46.482],[-94.057,46.543],[-93.959,46.569],[-93.798,46.559],[-93.692,46.586],[-93.641,46.651],[-93.572,46.698],[-93.486,46.725],[-93.404,46.807],[-93.325,46.944],[-93.309,47.023],[-93.357,47.044],[-93.402,47.09],[-93.445,47.16],[-93.509,47.211],[-93.593,47.243],[-93.676,47.249],[-93.759,47.228],[-93.798,47.242],[-93.795,47.29],[-93.829,47.312],[-93.901,47.306],[-93.976,47.336],[-94.094,47.433]],[[-95.026,47.156],[-94.968,47.318],[-94.877,47.451],[-94.794,47.482],[-94.637,47.44]],[[-94.508,47.457],[-94.326,47.406]]]}},{"type":"Feature","properties":{"name":"Missouri","rank":1},"geometry":{"type":"MultiLineString","coordinates":[[[-98.56,43.06],[-98.143,42.852],[-97.965,42.806],[-97.881,42.85],[-97.698,42.875],[-97.417,42.881],[-97.239,42.861],[-97.164,42.813],[-97.02,42.76],[-96.805,42.701],[-96.676,42.638],[-96.633,42.569],[-96.558,42.525],[-96.451,42.506],[-96.384,42.418],[-96.356,42.26],[-96.295,42.133],[-96.201,42.036],[-96.154,41.965],[-96.154,41.92],[-96.131,41.872],[-96.087,41.821],[-96.069,41.734],[-96.078,41.611],[-96.059,41.546],[-96.011,41.538],[-95.991,41.52],[-95.997,41.494],[-95.982,41.474],[-95.944,41.461],[-95.933,41.425],[-95.95,41.367],[-95.936,41.331],[-95.892,41.316],[-95.884,41.288],[-95.911,41.245],[-95.907,41.212],[-95.871,41.188],[-95.847,41.08],[-95.834,40.889],[-95.838,40.778],[-95.859,40.745],[-95.826,40.676],[-95.74,40.571],[-95.685,40.466],[-95.662,40.363],[-95.607,40.295],[-95.521,40.265],[-95.464,40.198],[-95.434,40.096],[-95.362,40.01],[-95.116,39.872],[-95.056,39.871],[-94.984,39.891],[-94.93,39.861],[-94.893,39.782],[-94.899,39.741],[-94.946,39.739],[-95.005,39.692],[-95.075,39.597],[-95.058,39.509],[-94.953,39.426],[-94.882,39.343],[-94.847,39.259],[-94.778,39.194],[-94.622,39.124],[-94.504,39.124],[-94.421,39.151],[-94.334,39.204],[-94.239,39.207],[-94.136,39.159],[-94.028,39.154],[-93.915,39.19],[-93.773,39.211],[-93.604,39.218],[-93.513,39.237],[-93.501,39.27],[-93.469,39.271],[-93.418,39.24],[-93.343,39.27],[-93.243,39.361],[-93.108,39.359],[-92.939,39.265],[-92.877,39.192],[-92.922,39.141],[-92.933,39.087],[-92.909,39.03],[-92.816,38.993],[-92.654,38.976],[-92.503,38.89],[-92.293,38.659],[-92.124,38.586],[-91.978,38.598],[-91.801,38.67],[-91.619,38.706],[-91.433,38.707],[-91.238,38.667],[-91.034,38.585],[-90.872,38.579],[-90.752,38.648],[-90.661,38.681],[-90.598,38.681],[-90.513,38.732],[-90.404,38.835],[-90.316,38.86],[-90.133,38.819]],[[-100.394,44.436],[-100.345,44.374],[-100.225,44.329],[-100.019,44.286],[-99.922,44.245],[-99.934,44.205],[-99.921,44.171],[-99.883,44.142],[-99.804,44.122],[-99.685,44.113],[-99.647,44.132],[-99.691,44.179],[-99.684,44.205],[-99.626,44.208],[-99.587,44.178],[-99.568,44.115],[-99.51,44.06],[-99.364,43.991]],[[-111.699,46.663],[-111.758,46.671],[-111.814,46.711],[-111.885,46.786],[-111.913,46.837],[-111.898,46.863],[-111.919,46.916],[-111.976,46.997],[-111.989,47.057],[-111.959,47.096],[-111.616,47.342],[-111.454,47.415],[-111.348,47.412],[-111.293,47.439],[-111.29,47.498],[-111.237,47.541],[-111.137,47.567],[-111.037,47.632],[-110.938,47.736],[-110.856,47.784],[-110.792,47.777],[-110.617,47.843],[-110.331,47.984],[-110.167,48.043],[-110.124,48.021],[-110.089,47.968],[-110.062,47.885],[-109.995,47.816],[-109.886,47.762],[-109.609,47.755],[-109.164,47.794],[-108.935,47.795],[-108.922,47.758],[-108.874,47.718],[-108.788,47.677],[-108.607,47.643],[-108.191,47.602]],[[-101.4,47.506],[-101.423,47.484],[-101.407,47.431],[-101.362,47.339],[-101.248,47.282],[-101.066,47.26],[-100.979,47.231],[-100.987,47.196],[-100.967,47.148],[-100.917,47.087],[-100.902,47.034],[-100.921,46.99],[-100.892,46.904],[-100.777,46.714]],[[-106.406,48.021],[-106.367,48.058],[-106.221,48.058],[-105.956,48.033],[-105.729,48.042],[-105.542,48.086],[-105.34,48.1],[-105.125,48.083],[-104.978,48.095],[-104.899,48.136],[-104.75,48.15],[-104.529,48.137],[-104.277,48.093],[-103.996,48.02],[-103.835,47.994],[-103.772,48.027]]]}},{"type":"Feature","properties":{"name":"N. Fork Kuskokwim","rank":6},"geometry":{"type":"MultiLineString","coordinates":[[[-151.674,64.301],[-152.207,64.326],[-152.399,64.235],[-152.499,64.161],[-152.568,64.072],[-152.597,64.008],[-152.585,63.97],[-152.791,63.884],[-153.215,63.751],[-153.455,63.649],[-153.513,63.577],[-153.605,63.515],[-153.733,63.464],[-153.85,63.403],[-153.959,63.332],[-154.009,63.286],[-154.001,63.265],[-154.178,63.211],[-154.721,63.079]]]}},{"type":"Feature","properties":{"name":"Nelson","rank":6},"geometry":{"type":"MultiLineString","coordinates":[[[-97.731,54.082],[-97.595,54.241],[-97.569,54.319],[-97.615,54.373],[-97.622,54.429],[-97.591,54.487],[-97.629,54.53],[-97.791,54.571]],[[-97.901,54.705],[-97.924,54.774],[-97.957,54.807],[-98.008,54.826],[-98.012,54.863],[-97.946,54.948]],[[-97.254,55.236],[-97.074,55.249],[-96.954,55.302],[-96.833,55.4],[-96.768,55.483],[-96.76,55.551],[-96.704,55.671],[-96.602,55.843],[-96.552,55.962],[-96.553,56.063]],[[-95.842,56.291],[-95.431,56.339]],[[-94.779,56.394],[-94.344,56.421],[-93.996,56.549],[-93.591,56.788],[-93.262,56.909],[-92.882,56.915],[-92.802,56.928]]]}},{"type":"Feature","properties":{"name":"Niagara","rank":3},"geometry":{"type":"MultiLineString","coordinates":[[[-79.059,43.278],[-79.066,43.106]]]}},{"type":"Feature","properties":{"name":"North Saskatchewan","rank":4},"geometry":{"type":"MultiLineString","coordinates":[[[-117.132,52.014],[-117.011,52.077],[-116.937,52.072],[-116.838,51.993],[-116.534,52.022],[-116.438,52.079],[-116.448,52.176],[-116.39,52.276],[-116.262,52.379],[-116.053,52.437],[-115.764,52.453],[-115.576,52.44],[-115.488,52.399],[-115.398,52.387],[-115.308,52.404],[-115.211,52.393],[-115.108,52.355],[-115.029,52.345],[-114.975,52.363],[-114.984,52.463],[-115.057,52.644],[-115.111,52.74],[-115.146,52.752],[-115.164,52.785],[-115.166,52.838],[-115.184,52.875],[-115.218,52.895],[-115.227,52.94],[-115.211,53.01],[-115.159,53.05],[-115.071,53.061],[-115.014,53.083],[-114.841,53.276],[-114.729,53.321],[-114.596,53.314],[-114.483,53.338],[-114.388,53.392],[-114.262,53.396],[-114.104,53.348],[-113.947,53.333],[-113.789,53.35],[-113.691,53.389],[-113.651,53.451],[-113.569,53.5],[-113.445,53.536],[-113.306,53.628],[-113.153,53.777],[-113.024,53.876],[-112.919,53.926],[-112.856,53.975],[-112.834,54.023],[-112.732,54.032],[-112.55,54.003],[-112.41,54.006],[-112.313,54.041],[-112.193,54.022],[-112.05,53.948],[-111.92,53.908],[-111.802,53.902],[-111.737,53.87],[-111.726,53.812],[-111.578,53.774],[-111.292,53.755],[-111.094,53.772],[-110.986,53.825],[-110.858,53.851],[-110.712,53.849],[-110.563,53.801],[-110.411,53.707],[-110.302,53.668],[-110.235,53.686],[-110.123,53.661],[-109.967,53.593],[-109.826,53.564],[-109.702,53.573],[-109.613,53.549],[-109.558,53.492],[-109.535,53.452],[-109.543,53.428],[-109.482,53.409],[-109.352,53.393],[-109.236,53.36],[-109.135,53.308],[-109.022,53.216],[-108.897,53.082],[-108.71,52.971],[-108.459,52.882],[-108.343,52.819],[-108.362,52.781],[-108.361,52.755],[-108.328,52.734]],[[-108.334,52.734],[-108.103,52.611],[-107.985,52.567],[-107.904,52.56],[-107.747,52.502],[-107.513,52.394],[-107.357,52.338],[-107.281,52.334],[-107.18,52.343],[-107.057,52.366],[-106.962,52.441],[-106.895,52.568],[-106.691,52.764],[-106.352,53.029],[-106.15,53.171],[-106.085,53.191],[-106.034,53.185],[-105.996,53.154],[-105.88,53.163],[-105.684,53.211],[-105.456,53.236],[-105.065,53.24]]]}},{"type":"Feature","properties":{"name":"Ohio","rank":3},"geometry":{"type":"MultiLineString","coordinates":[[[-85.186,38.694],[-85.247,38.727],[-85.307,38.737],[-85.405,38.73],[-85.445,38.683],[-85.425,38.597],[-85.459,38.53],[-85.546,38.484],[-85.609,38.423],[-85.646,38.347],[-85.706,38.301],[-85.788,38.285],[-85.855,38.215],[-85.906,38.091],[-85.961,38.014],[-86.021,37.984],[-86.103,37.992],[-86.208,38.037],[-86.268,38.083],[-86.284,38.13],[-86.315,38.164],[-86.343,38.179],[-86.361,38.179],[-86.355,38.159],[-86.365,38.145],[-86.43,38.14],[-86.457,38.12],[-86.448,38.086],[-86.463,38.062],[-86.5,38.047],[-86.52,38.015],[-86.522,37.964],[-86.549,37.917],[-86.599,37.875],[-86.673,37.889],[-86.77,37.96],[-86.869,37.976],[-86.969,37.938],[-87.044,37.886],[-87.094,37.821],[-87.141,37.805],[-87.209,37.855],[-87.372,37.923],[-87.457,37.938],[-87.518,37.922],[-87.561,37.929],[-87.587,37.956],[-87.599,37.946],[-87.601,37.887],[-87.615,37.849],[-87.643,37.833],[-87.665,37.846],[-87.679,37.886],[-87.714,37.9],[-87.77,37.885],[-87.825,37.891],[-87.874,37.916],[-87.892,37.913],[-87.906,37.902],[-87.902,37.855],[-87.912,37.818],[-87.938,37.794],[-87.975,37.788],[-88.022,37.8],[-88.073,37.771],[-88.129,37.7],[-88.14,37.621],[-88.108,37.534],[-88.191,37.465],[-88.389,37.411],[-88.495,37.364],[-88.507,37.324],[-88.493,37.262],[-88.453,37.178],[-88.446,37.12],[-88.472,37.088],[-88.614,37.11],[-88.873,37.186],[-89.046,37.183],[-89.135,37.102],[-89.165,37.042],[-89.154,36.992]],[[-79.991,40.448],[-80.149,40.522],[-80.223,40.584],[-80.265,40.661],[-80.344,40.686],[-80.519,40.647],[-80.638,40.603],[-80.659,40.563],[-80.623,40.512],[-80.604,40.445],[-80.602,40.364],[-80.668,40.185],[-80.804,39.909],[-80.872,39.736],[-80.874,39.664],[-80.963,39.571],[-81.139,39.456],[-81.263,39.387],[-81.333,39.363],[-81.392,39.365],[-81.44,39.393],[-81.493,39.374],[-81.552,39.308],[-81.606,39.274],[-81.657,39.272],[-81.701,39.229],[-81.737,39.147],[-81.771,39.099],[-81.803,39.086],[-81.805,39.044],[-81.778,38.973],[-81.78,38.947],[-81.809,38.95],[-81.844,38.934],[-81.882,38.894],[-81.897,38.894],[-81.907,38.9],[-81.919,38.952],[-81.95,38.989],[-82.001,39.011],[-82.072,38.963],[-82.163,38.845],[-82.204,38.768],[-82.188,38.715],[-82.18,38.638],[-82.202,38.606],[-82.252,38.594],[-82.291,38.552],[-82.318,38.48],[-82.387,38.434],[-82.498,38.415],[-82.621,38.451],[-82.758,38.541],[-82.845,38.628],[-82.88,38.71],[-83,38.714],[-83.203,38.639],[-83.357,38.627],[-83.461,38.68],[-83.538,38.7],[-83.616,38.683],[-83.69,38.65],[-83.752,38.669],[-83.828,38.731],[-83.948,38.774],[-84.113,38.798],[-84.227,38.865],[-84.29,38.975],[-84.358,39.05],[-84.43,39.091],[-84.509,39.103],[-84.595,39.086],[-84.661,39.094],[-84.707,39.129],[-84.766,39.125],[-84.837,39.083],[-84.861,39.04],[-84.835,38.996],[-84.837,38.961],[-84.864,38.933],[-84.854,38.913],[-84.807,38.9],[-84.79,38.868],[-84.801,38.819],[-84.901,38.77],[-85.136,38.697],[-85.186,38.694]]]}},{"type":"Feature","properties":{"name":"Ottawa","rank":6},"geometry":{"type":"MultiLineString","coordinates":[[[-76.903,45.892],[-76.824,45.88],[-76.754,45.798],[-76.667,45.643],[-76.553,45.542],[-76.413,45.496],[-76.27,45.484],[-76.123,45.505],[-76.001,45.484],[-75.904,45.42],[-75.626,45.451],[-75.167,45.575],[-74.864,45.642],[-74.717,45.651],[-74.577,45.632],[-74.378,45.561],[-74.315,45.531]],[[-77.371,46.063],[-77.272,45.954],[-77.155,45.912],[-76.902,45.892]],[[-77.683,46.187],[-77.373,46.064]],[[-77.683,46.187],[-77.682,46.187]],[[-77.684,46.187],[-77.683,46.187]],[[-79.166,46.827],[-79.015,46.607],[-78.903,46.486],[-78.781,46.393],[-78.46,46.307],[-77.683,46.187]]]}},{"type":"Feature","properties":{"name":"Peace","rank":2},"geometry":{"type":"MultiLineString","coordinates":[[[-122.222,56.021],[-122.17,55.972],[-122.118,55.962],[-122.048,55.974],[-121.951,56.017],[-121.826,56.091],[-121.631,56.165],[-121.365,56.24],[-121.039,56.238],[-120.654,56.16],[-120.389,56.121],[-120.244,56.122],[-119.735,56.18],[-119.492,56.231],[-119.298,56.294],[-119.145,56.316],[-119.032,56.296],[-118.978,56.267],[-118.984,56.23],[-118.963,56.188],[-118.917,56.14],[-118.907,56.1],[-118.917,56.07],[-118.869,56.017],[-118.716,55.956],[-118.449,55.934],[-118.068,55.949],[-117.739,56.023],[-117.462,56.153],[-117.273,56.288],[-117.171,56.427],[-117.128,56.536],[-117.143,56.616],[-117.177,56.669],[-117.228,56.705],[-117.23,56.733],[-117.291,56.787],[-117.319,56.843],[-117.295,56.925],[-117.219,57.033],[-117.209,57.083],[-117.213,57.117],[-117.195,57.137],[-117.121,57.18],[-117.097,57.229],[-117.106,57.268],[-117.133,57.309],[-117.127,57.357],[-117.083,57.417],[-117.091,57.477],[-117.105,57.507],[-117.095,57.53],[-117.058,57.558],[-117.054,57.6],[-117.076,57.622],[-117.094,57.664],[-117.088,57.692],[-117.106,57.752],[-117.098,57.774],[-117.107,57.795],[-117.1,57.823],[-117.078,57.845],[-117.083,57.886],[-117.133,57.921],[-117.148,57.971],[-117.116,58.024],[-117.053,58.067],[-116.956,58.099],[-116.832,58.112],[-116.68,58.107],[-116.592,58.115],[-116.569,58.137],[-116.573,58.162],[-116.604,58.189],[-116.612,58.216],[-116.598,58.242],[-116.642,58.278],[-116.644,58.292],[-116.6,58.312],[-116.495,58.306],[-116.496,58.278],[-116.482,58.263],[-116.455,58.259],[-116.384,58.293],[-116.271,58.363],[-116.144,58.416],[-116.003,58.45],[-115.767,58.439],[-115.435,58.382],[-115.169,58.359],[-114.968,58.37],[-114.694,58.444],[-114.347,58.58],[-114.086,58.664],[-113.823,58.71]],[[-113.714,58.669],[-113.271,58.779],[-113.127,58.832],[-113.134,58.865],[-113.101,58.889],[-113.026,58.903],[-112.944,58.958],[-112.853,59.054],[-112.769,59.118],[-112.692,59.152],[-112.528,59.143],[-112.277,59.092],[-112.102,59.078],[-112.001,59.102],[-111.944,59.099],[-111.931,59.07],[-111.962,59.035],[-112.037,58.994],[-112.059,58.963],[-112.03,58.941],[-111.966,58.94],[-111.868,58.961],[-111.76,58.953],[-111.642,58.918],[-111.539,58.927],[-111.411,59.005]]]}},{"type":"Feature","properties":{"name":"Pend Oreille","rank":6},"geometry":{"type":"MultiLineString","coordinates":[[[-117.682,49.015],[-117.414,49.027],[-117.337,49.007],[-117.324,48.961],[-117.339,48.905],[-117.383,48.84],[-117.391,48.753],[-117.363,48.645],[-117.325,48.569],[-117.278,48.527],[-117.249,48.447],[-117.239,48.33],[-117.122,48.241],[-116.901,48.182],[-116.761,48.178],[-116.705,48.23],[-116.65,48.254],[-116.569,48.25]]]}},{"type":"Feature","properties":{"name":"Pit","rank":6},"geometry":{"type":"MultiLineString","coordinates":[[[-120.429,41.709],[-120.457,41.558],[-120.514,41.498],[-120.679,41.451],[-120.971,41.397],[-121.115,41.289],[-121.112,41.128],[-121.13,41.023],[-121.171,40.974],[-121.223,40.977],[-121.284,41.032],[-121.347,41.042],[-121.411,41.007],[-121.496,41],[-121.6,41.02],[-121.689,41.015],[-121.763,40.984],[-121.829,40.986],[-121.888,41.02],[-121.932,41.02],[-121.963,40.986],[-121.97,40.947],[-121.952,40.901],[-121.981,40.854],[-122.095,40.784]]]}},{"type":"Feature","properties":{"name":"Porcupine","rank":6},"geometry":{"type":"MultiLineString","coordinates":[[[-139.811,65.65],[-139.728,65.748],[-139.697,65.811],[-139.687,65.903],[-139.698,65.933],[-139.671,65.959],[-139.609,65.989],[-139.488,66.002],[-139.306,65.998],[-139.166,66.016],[-139.066,66.056],[-138.923,66.177],[-138.736,66.38],[-138.554,66.511],[-138.379,66.57],[-138.249,66.642],[-138.163,66.727],[-138.068,66.768],[-137.963,66.767],[-137.886,66.787],[-137.839,66.83],[-137.821,66.862],[-137.826,66.886],[-137.801,66.902],[-137.682,66.928],[-137.603,66.986],[-137.558,67.001],[-137.521,66.992],[-137.499,67.003],[-137.491,67.032],[-137.526,67.054],[-137.604,67.07],[-137.612,67.102],[-137.551,67.152],[-137.561,67.178],[-137.639,67.18],[-137.701,67.237],[-137.788,67.297],[-137.816,67.339],[-137.783,67.361],[-137.773,67.395],[-137.786,67.442],[-137.857,67.469],[-137.988,67.475],[-138.103,67.505],[-138.202,67.558],[-138.335,67.581],[-138.599,67.58],[-138.629,67.594],[-138.637,67.612],[-138.622,67.634],[-138.633,67.648],[-138.67,67.654],[-139.287,67.548],[-139.668,67.575],[-139.826,67.574],[-139.887,67.554],[-139.912,67.535],[-139.9,67.517],[-139.995,67.539],[-140.109,67.538],[-140.27,67.514],[-140.352,67.492],[-140.356,67.471],[-140.511,67.454],[-140.817,67.443],[-141.103,67.409],[-141.501,67.328],[-141.617,67.29],[-141.665,67.252],[-141.683,67.201],[-141.709,67.171],[-141.742,67.162],[-142.111,67.168],[-142.132,67.178],[-142.148,67.211],[-142.181,67.22],[-142.32,67.168],[-142.565,67.054],[-142.861,66.998],[-143.209,67],[-143.457,66.988],[-143.606,66.961],[-143.668,66.936],[-143.644,66.912],[-143.643,66.894],[-143.664,66.884],[-143.781,66.902],[-143.851,66.885],[-143.921,66.835],[-144.041,66.797],[-144.212,66.773],[-144.32,66.773],[-144.363,66.796],[-144.39,66.796],[-144.403,66.771],[-144.465,66.759],[-144.575,66.758],[-144.686,66.729],[-144.797,66.672],[-144.911,66.649],[-145.027,66.66],[-145.197,66.645],[-145.453,66.587]]]}},{"type":"Feature","properties":{"name":"Potomac","rank":6},"geometry":{"type":"MultiLineString","coordinates":[[[-78.325,39.639],[-78.181,39.686],[-78.098,39.678],[-78.027,39.631],[-77.956,39.609],[-77.883,39.611],[-77.855,39.6],[-77.872,39.576],[-77.853,39.548],[-77.798,39.517],[-77.78,39.488],[-77.797,39.461],[-77.792,39.442],[-77.762,39.429],[-77.745,39.4],[-77.739,39.354],[-77.669,39.31],[-77.534,39.266],[-77.479,39.221],[-77.503,39.175],[-77.506,39.143],[-77.481,39.113],[-77.301,39.053],[-77.19,38.969],[-77.053,38.915],[-77.03,38.889]]]}},{"type":"Feature","properties":{"name":"Pánuco","rank":6},"geometry":{"type":"MultiLineString","coordinates":[[[-98.59,21.981],[-98.471,21.965],[-98.425,21.98],[-98.414,22.019],[-98.376,22.041],[-98.311,22.046],[-98.258,22.066],[-98.217,22.102],[-98.178,22.099],[-98.139,22.056],[-98.097,22.047],[-98.051,22.07],[-98.051,22.123],[-98.015,22.178],[-97.966,22.209],[-97.871,22.219],[-97.782,22.279]]]}},{"type":"Feature","properties":{"name":"R. des Outaouais","rank":6},"geometry":{"type":"MultiLineString","coordinates":[[[-76.819,47.517],[-76.891,47.539],[-76.92,47.532],[-76.935,47.488]],[[-77.322,47.573],[-77.361,47.578],[-77.431,47.557],[-77.457,47.556]],[[-78.813,47.656],[-78.987,47.554],[-79.068,47.537],[-79.113,47.572],[-79.225,47.586],[-79.496,47.577]],[[-77.544,47.671],[-77.527,47.744]],[[-77.567,47.83],[-77.621,47.818],[-77.729,47.733],[-77.834,47.728],[-77.933,47.79],[-78.004,47.784],[-78.047,47.709],[-78.127,47.688],[-78.246,47.722],[-78.342,47.764],[-78.414,47.815],[-78.449,47.861],[-78.445,47.903],[-78.485,47.929],[-78.57,47.938],[-78.641,47.925],[-78.698,47.888],[-78.726,47.823],[-78.716,47.709],[-78.724,47.684]]]}},{"type":"Feature","properties":{"name":"Rainy","rank":6},"geometry":{"type":"MultiLineString","coordinates":[[[-93.377,48.617],[-93.464,48.561],[-93.564,48.537],[-93.708,48.525],[-93.804,48.549],[-93.852,48.607],[-94.055,48.659],[-94.414,48.704],[-94.621,48.743],[-94.675,48.774],[-94.705,48.809],[-94.713,48.863]],[[-91.629,48.865],[-91.659,48.792],[-91.757,48.762],[-91.935,48.751],[-92.06,48.76],[-92.132,48.787],[-92.321,48.77],[-92.779,48.678]],[[-90.503,49.329],[-90.613,49.219],[-90.59,49.169],[-90.601,49.13],[-90.637,49.086],[-90.756,49.054],[-90.957,49.032],[-91.123,48.973],[-91.319,48.828]]]}},{"type":"Feature","properties":{"name":"Rio Grande","rank":4},"geometry":{"type":"MultiLineString","coordinates":[[[-99.172,26.564],[-99.108,26.447],[-99.015,26.399],[-98.873,26.381],[-98.765,26.34],[-98.691,26.276],[-98.598,26.238],[-98.486,26.225],[-98.378,26.182],[-98.275,26.111],[-98.083,26.064],[-97.801,26.042],[-97.587,25.984],[-97.44,25.891],[-97.376,25.872],[-97.358,25.871],[-97.339,25.911],[-97.282,25.942],[-97.146,25.961]],[[-101.039,29.46],[-101.016,29.401],[-100.924,29.315],[-100.755,29.183],[-100.659,29.069],[-100.636,28.973],[-100.55,28.821],[-100.399,28.614],[-100.332,28.503],[-100.348,28.486],[-100.336,28.428],[-100.296,28.328],[-100.221,28.243],[-100.112,28.173],[-100.001,28.048],[-99.89,27.867],[-99.754,27.73],[-99.595,27.636],[-99.505,27.548],[-99.484,27.467],[-99.486,27.398],[-99.51,27.34],[-99.5,27.286],[-99.455,27.234],[-99.44,27.17],[-99.457,27.057]],[[-106.566,31.82],[-106.436,31.764],[-106.347,31.679],[-106.256,31.545],[-106.148,31.451],[-106.024,31.398],[-105.813,31.241],[-105.514,30.981],[-105.276,30.807],[-105.098,30.721],[-104.979,30.646],[-104.918,30.583],[-104.836,30.448],[-104.681,30.134],[-104.681,29.991],[-104.622,29.854],[-104.504,29.678],[-104.401,29.574],[-104.312,29.542],[-104.216,29.48],[-104.111,29.386],[-103.99,29.323],[-103.853,29.291],[-103.664,29.207],[-103.423,29.071],[-103.258,29.001],[-103.168,28.998],[-103.09,29.042],[-103.023,29.132],[-102.957,29.19],[-102.892,29.216],[-102.866,29.258],[-102.878,29.315],[-102.834,29.444],[-102.734,29.644],[-102.615,29.752],[-102.476,29.769],[-102.386,29.807],[-102.343,29.865],[-102.269,29.871],[-102.163,29.825],[-101.991,29.796],[-101.752,29.782],[-101.612,29.787],[-101.569,29.809],[-101.546,29.808],[-101.545,29.784],[-101.509,29.773],[-101.44,29.777],[-101.38,29.743],[-101.304,29.634]],[[-107.293,32.91],[-107.24,32.743],[-107.172,32.674],[-107.07,32.649],[-106.975,32.584],[-106.889,32.479],[-106.846,32.399],[-106.847,32.346],[-106.777,32.195],[-106.566,31.82]],[[-107.181,33.173],[-107.28,33.116]],[[-107.427,37.776],[-107.067,37.744],[-106.924,37.809],[-106.814,37.792],[-106.688,37.716],[-106.542,37.678],[-106.374,37.678],[-106.196,37.647],[-106.007,37.584],[-105.879,37.525],[-105.811,37.469],[-105.763,37.406],[-105.735,37.335],[-105.732,37.24],[-105.752,37.119],[-105.743,36.98],[-105.703,36.823],[-105.695,36.651],[-105.719,36.464],[-105.761,36.339],[-105.85,36.244],[-106.006,36.133],[-106.073,36.048],[-106.101,35.951],[-106.166,35.855],[-106.268,35.76],[-106.343,35.648],[-106.392,35.519],[-106.487,35.376],[-106.628,35.218],[-106.692,35.089],[-106.682,34.989],[-106.716,34.781],[-106.796,34.465],[-106.85,34.295],[-106.878,34.269],[-106.886,34.147],[-106.874,33.928],[-106.928,33.749],[-107.048,33.61],[-107.123,33.494],[-107.17,33.356]]]}},{"type":"Feature","properties":{"name":"Rupert","rank":6},"geometry":{"type":"MultiLineString","coordinates":[[[-74.818,51.412],[-74.59,51.48],[-74.491,51.49],[-74.445,51.467],[-74.337,51.46],[-74.256,51.405],[-74.169,51.376],[-74.073,51.371],[-73.966,51.387],[-73.891,51.349],[-73.847,51.257],[-73.837,51.175],[-73.861,51.103],[-73.815,51.07],[-73.641,51.078]],[[-75.204,51.446],[-75.229,51.485],[-75.226,51.508],[-75.242,51.527],[-75.327,51.54],[-75.481,51.546],[-75.822,51.5],[-76.553,51.364]],[[-78.731,51.497],[-78.457,51.397],[-78.157,51.362],[-77.713,51.354],[-77.304,51.378],[-76.931,51.435],[-76.821,51.415]]]}},{"type":"Feature","properties":{"name":"Río Grande de Santiago","rank":6},"geometry":{"type":"MultiLineString","coordinates":[[[-102.78,20.31],[-102.79,20.368],[-102.866,20.398],[-103.07,20.443],[-103.121,20.478],[-103.153,20.525],[-103.147,20.587],[-103.19,20.663],[-103.293,20.735],[-103.341,20.795],[-103.332,20.841],[-103.351,20.91],[-103.398,21.002],[-103.44,21.051],[-103.478,21.059],[-103.521,21.04],[-103.592,20.972]],[[-103.709,20.938],[-103.842,20.989],[-103.885,21.027],[-103.882,21.068],[-103.93,21.118],[-104.079,21.205]],[[-104.079,21.206],[-104.18,21.2],[-104.253,21.22],[-104.33,21.263],[-104.364,21.298],[-104.442,21.433],[-104.526,21.502],[-104.664,21.765],[-104.724,21.817],[-104.779,21.822],[-104.892,21.767],[-105,21.729],[-105.021,21.739],[-105.033,21.777]],[[-105.104,21.822],[-105.207,21.795],[-105.246,21.756],[-105.339,21.705],[-105.411,21.691],[-105.457,21.672]]]}},{"type":"Feature","properties":{"name":"S. Branch Potomac","rank":6},"geometry":{"type":"MultiLineString","coordinates":[[[-79.571,38.415],[-79.385,38.634],[-79.253,38.901],[-79.163,38.999],[-79.071,39.017],[-78.956,39.124],[-78.818,39.32],[-78.705,39.447],[-78.575,39.533],[-78.496,39.533],[-78.46,39.556],[-78.443,39.601],[-78.407,39.628],[-78.325,39.639]]]}},{"type":"Feature","properties":{"name":"Sacramento","rank":5},"geometry":{"type":"MultiLineString","coordinates":[[[-121.581,38.659],[-121.514,38.618],[-121.504,38.58],[-121.528,38.532],[-121.531,38.475],[-121.514,38.41],[-121.519,38.366],[-121.546,38.342],[-121.544,38.311],[-121.512,38.273],[-121.572,38.195],[-121.689,38.148],[-121.749,38.08]],[[-122.411,40.721],[-122.432,40.648],[-122.374,40.574],[-122.244,40.474],[-122.182,40.401],[-122.188,40.354],[-122.177,40.327],[-122.15,40.319],[-122.153,40.282],[-122.187,40.216],[-122.184,40.175],[-122.144,40.159],[-122.104,40.067],[-122.064,39.9],[-122.017,39.794],[-121.964,39.75],[-121.956,39.632],[-121.993,39.44],[-122.005,39.317],[-121.992,39.262],[-121.941,39.186],[-121.853,39.091],[-121.805,39.002],[-121.797,38.919],[-121.762,38.851],[-121.701,38.796],[-121.649,38.769],[-121.606,38.772],[-121.584,38.744],[-121.581,38.659]]]}},{"type":"Feature","properties":{"name":"Saint John","rank":6},"geometry":{"type":"MultiLineString","coordinates":[[[-70.264,46.183],[-70.208,46.315],[-70.161,46.374],[-70.075,46.42],[-70.014,46.494],[-69.96,46.514],[-69.893,46.504],[-69.862,46.518],[-69.867,46.558],[-69.729,46.7],[-69.449,46.943],[-69.261,47.08],[-69.167,47.113],[-69.096,47.122],[-69.05,47.108],[-68.961,47.135],[-68.829,47.203],[-68.669,47.253],[-68.48,47.286],[-68.377,47.316],[-68.358,47.345],[-68.311,47.354],[-68.235,47.346],[-68.097,47.275],[-67.794,47.074],[-67.711,46.984],[-67.698,46.868],[-67.725,46.696],[-67.702,46.584],[-67.628,46.532],[-67.599,46.492],[-67.615,46.462],[-67.598,46.407],[-67.546,46.327],[-67.528,46.227],[-67.545,46.109],[-67.497,46.03],[-67.386,45.993],[-67.292,45.977],[-67.214,45.985],[-67.123,45.964],[-67.02,45.914],[-66.935,45.912],[-66.867,45.959],[-66.796,45.982],[-66.684,45.985],[-66.524,45.899],[-66.394,45.858],[-66.24,45.834],[-66.131,45.757],[-66.065,45.628],[-66.053,45.569],[-66.081,45.52],[-66.179,45.435],[-66.218,45.379],[-66.218,45.355],[-66.183,45.335]]]}},{"type":"Feature","properties":{"name":"San Joaquin","rank":6},"geometry":{"type":"MultiLineString","coordinates":[[[-119.698,37],[-119.78,36.897],[-119.94,36.843],[-120.205,36.805],[-120.393,36.866],[-120.504,37.024],[-120.605,37.118],[-120.695,37.148],[-120.856,37.285],[-121.204,37.652]],[[-118.737,37.096],[-118.808,37.203],[-119.108,37.412],[-119.188,37.456],[-119.223,37.438],[-119.246,37.405],[-119.323,37.253],[-119.404,37.167],[-119.488,37.149],[-119.548,37.12],[-119.601,37.062]],[[-121.204,37.651],[-121.255,37.703],[-121.282,37.78],[-121.303,37.9],[-121.347,37.971],[-121.445,38.004],[-121.525,38.056]]]}},{"type":"Feature","properties":{"name":"Saskatchewan","rank":4},"geometry":{"type":"MultiLineString","coordinates":[[[-99.33,53.159],[-99.23,53.185]],[[-105.065,53.24],[-104.901,53.164],[-104.819,53.157],[-104.765,53.193],[-104.571,53.233],[-104.238,53.276],[-104.027,53.344],[-103.894,53.482]],[[-103.421,53.653],[-103.129,53.752],[-103.045,53.809],[-103.072,53.855],[-103.05,53.922],[-102.978,54.009],[-102.9,54.059],[-102.813,54.071],[-102.686,54.053],[-102.434,53.982]],[[-102.381,53.966],[-102.188,53.904],[-102.04,53.884],[-101.872,53.885],[-101.732,53.904],[-101.62,53.942],[-101.548,53.981],[-101.516,54.021],[-101.46,53.994],[-101.381,53.903],[-101.265,53.862],[-101.112,53.874],[-101.043,53.859],[-101.056,53.817],[-101.026,53.761],[-100.953,53.69],[-100.782,53.66],[-100.514,53.67],[-100.366,53.654],[-100.323,53.591]]]}},{"type":"Feature","properties":{"name":"Savannah","rank":6},"geometry":{"type":"MultiLineString","coordinates":[[[-82.208,33.664],[-82.006,33.523],[-81.936,33.447],[-81.933,33.39],[-81.909,33.349],[-81.864,33.325],[-81.821,33.274],[-81.78,33.195],[-81.699,33.127],[-81.578,33.069],[-81.49,32.936],[-81.434,32.728],[-81.377,32.607],[-81.29,32.557],[-81.171,32.38],[-81.133,32.275],[-81.135,32.182],[-81.075,32.11],[-80.872,32.03]],[[-82.819,34.366],[-82.589,34.017]]]}},{"type":"Feature","properties":{"name":"Skeena","rank":6},"geometry":{"type":"MultiLineString","coordinates":[[[-128.57,57.079],[-128.284,56.907],[-127.851,56.717],[-127.621,56.574],[-127.448,56.417],[-127.384,56.322],[-127.428,56.289],[-127.543,56.278],[-127.728,56.291],[-127.858,56.274],[-127.931,56.228],[-127.967,56.169],[-127.965,56.096],[-127.939,56.03],[-127.89,55.972],[-127.889,55.904],[-127.936,55.829],[-127.891,55.779],[-127.753,55.756],[-127.703,55.721],[-127.739,55.675],[-127.72,55.594],[-127.645,55.478],[-127.627,55.405],[-127.665,55.374],[-127.685,55.33],[-127.685,55.274],[-127.717,55.218],[-127.781,55.162],[-127.903,55.126],[-128.085,55.11],[-128.225,55.073],[-128.323,55.018],[-128.374,54.967],[-128.377,54.923],[-128.351,54.87],[-128.294,54.809],[-128.317,54.725],[-128.47,54.567],[-129.484,54.242],[-129.542,54.228],[-129.626,54.23]]]}},{"type":"Feature","properties":{"name":"Slave","rank":2},"geometry":{"type":"MultiLineString","coordinates":[[[-111.411,59.005],[-111.384,59.153],[-111.408,59.213],[-111.474,59.234],[-111.473,59.262],[-111.404,59.296],[-111.394,59.346],[-111.442,59.411],[-111.453,59.49],[-111.425,59.582],[-111.45,59.683],[-111.631,59.922],[-111.7,59.966],[-111.799,60.005],[-111.923,60.026],[-112.07,60.029],[-112.206,60.097],[-112.33,60.232],[-112.465,60.317],[-112.56,60.346],[-112.551,60.362],[-112.456,60.381],[-112.449,60.41],[-112.461,60.438],[-112.495,60.466],[-112.511,60.52],[-112.547,60.543],[-112.734,60.591],[-112.838,60.643],[-112.857,60.701],[-112.898,60.739],[-112.957,60.754],[-112.978,60.801],[-113.001,60.802],[-113.061,60.777],[-113.13,60.769],[-113.186,60.784],[-113.226,60.832],[-113.247,60.911],[-113.219,60.974],[-113.142,61.02],[-113.134,61.054],[-113.181,61.087],[-113.192,61.12],[-113.16,61.158],[-113.177,61.182],[-113.211,61.188],[-113.223,61.207],[-113.215,61.24],[-113.319,61.253],[-113.704,61.246]]]}},{"type":"Feature","properties":{"name":"Snake","rank":4},"geometry":{"type":"MultiLineString","coordinates":[[[-113.474,42.675],[-113.624,42.578],[-113.785,42.538],[-114.008,42.522],[-114.284,42.554],[-114.614,42.635],[-114.813,42.707],[-114.882,42.771],[-114.913,42.825],[-114.908,42.871],[-114.961,42.9],[-115.072,42.913],[-115.144,42.941],[-115.176,42.985],[-115.257,42.989],[-115.386,42.953],[-115.569,42.956],[-115.806,42.999],[-115.916,42.995],[-115.974,42.978],[-116.079,43.019],[-116.257,43.129],[-116.359,43.212],[-116.386,43.269],[-116.439,43.304],[-116.516,43.316],[-116.606,43.364],[-116.707,43.448],[-116.767,43.514],[-116.785,43.562],[-116.865,43.617],[-117.006,43.679],[-117.064,43.734],[-117.024,43.806],[-116.958,43.964],[-116.944,44.038],[-116.961,44.079],[-116.95,44.119],[-116.911,44.157],[-116.912,44.199],[-116.953,44.245],[-117.029,44.276],[-117.14,44.29],[-117.197,44.344],[-117.202,44.436],[-117.119,44.578],[-116.949,44.77],[-116.856,44.906],[-116.84,44.985],[-116.737,45.169],[-116.549,45.457],[-116.477,45.641],[-116.521,45.722],[-116.617,45.799],[-116.765,45.873],[-116.869,45.958],[-116.93,46.056],[-116.948,46.124],[-116.922,46.164],[-116.943,46.232],[-117.01,46.33],[-117.039,46.397],[-117.029,46.433],[-117.07,46.449],[-117.162,46.445],[-117.214,46.468],[-117.224,46.517],[-117.284,46.582],[-117.393,46.664],[-117.503,46.709],[-117.615,46.715],[-117.702,46.698],[-117.764,46.655],[-117.875,46.618],[-118.035,46.586],[-118.205,46.577],[-118.386,46.59],[-118.546,46.527],[-118.688,46.387],[-118.827,46.291],[-119.036,46.206]],[[-112.864,42.812],[-113.022,42.686],[-113.135,42.646],[-113.316,42.654]],[[-111.188,43.339],[-111.348,43.448],[-111.409,43.51],[-111.425,43.561],[-111.586,43.635],[-111.894,43.73],[-112.043,43.708],[-112.033,43.568],[-112.072,43.446],[-112.159,43.343],[-112.312,43.225],[-112.639,43.024]],[[-110.631,43.837],[-110.727,43.62],[-110.78,43.535],[-110.822,43.512],[-110.837,43.478],[-110.825,43.435],[-110.792,43.402],[-110.738,43.378],[-110.725,43.336],[-110.754,43.274],[-110.837,43.226],[-110.983,43.19],[-111.048,43.207]]]}},{"type":"Feature","properties":{"name":"South Saskatchewan","rank":6},"geometry":{"type":"MultiLineString","coordinates":[[[-106.853,51.263],[-107.015,51.388],[-107.067,51.464],[-107.062,51.533],[-106.993,51.608],[-106.859,51.687],[-106.776,51.748],[-106.744,51.792],[-106.738,51.853],[-106.758,51.932],[-106.755,51.976],[-106.727,51.986],[-106.713,52.012],[-106.713,52.055],[-106.574,52.198],[-106.294,52.441],[-106.148,52.616],[-106.135,52.722],[-106.103,52.808],[-106.054,52.873],[-105.903,52.932],[-105.651,52.983],[-105.497,53.046],[-105.442,53.122],[-105.373,53.153],[-105.289,53.139],[-105.201,53.159],[-105.065,53.24]],[[-116.422,51.667],[-116.357,51.651],[-116.319,51.612],[-116.271,51.51],[-115.86,51.273],[-115.658,51.194],[-115.53,51.194],[-115.414,51.159],[-115.312,51.09],[-115.1,51.103],[-114.781,51.198],[-114.48,51.196],[-114.197,51.094],[-114.041,50.999],[-114.01,50.909],[-113.94,50.85],[-113.832,50.825],[-113.581,50.799],[-113.447,50.813],[-113.31,50.848],[-113.19,50.838],[-113.088,50.783],[-113.003,50.767],[-112.933,50.788],[-112.809,50.789],[-112.632,50.77],[-112.524,50.729],[-112.485,50.665],[-112.444,50.631],[-112.4,50.626],[-112.357,50.574],[-112.316,50.475],[-112.263,50.422],[-112.197,50.415],[-112.168,50.393],[-112.173,50.355],[-112.151,50.303],[-112.101,50.238],[-112.031,50.205],[-111.941,50.204],[-111.825,50.176],[-111.684,50.121],[-111.609,50.065],[-111.6,50.01],[-111.643,49.937],[-111.607,49.904],[-111.523,49.909],[-111.422,49.934],[-111.342,50.001],[-111.264,50.041],[-111.188,50.055],[-110.775,50.046],[-110.66,50.059],[-110.681,50.095],[-110.664,50.12],[-110.609,50.134],[-110.58,50.155],[-110.577,50.185],[-110.594,50.211],[-110.632,50.235],[-110.632,50.299],[-110.594,50.404],[-110.529,50.448],[-110.436,50.433],[-110.391,50.463],[-110.393,50.537],[-110.344,50.59],[-110.245,50.62],[-110.158,50.661],[-110.084,50.714],[-110.054,50.754],[-110.068,50.781],[-110.054,50.81],[-110.013,50.838],[-109.998,50.863],[-110.011,50.884],[-109.977,50.909],[-109.897,50.938],[-109.634,50.97],[-109.188,51.004],[-108.925,51.002],[-108.846,50.965],[-108.73,50.939],[-108.576,50.925],[-108.441,50.858],[-108.326,50.737],[-108.203,50.672],[-108.006,50.658]]]}},{"type":"Feature","properties":{"name":"Sprague","rank":5},"geometry":{"type":"MultiLineString","coordinates":[[[-120.882,42.4],[-121.048,42.441],[-121.437,42.482],[-121.604,42.525],[-121.679,42.583],[-121.776,42.579],[-121.889,42.512],[-121.921,42.475]]]}},{"type":"Feature","properties":{"name":"St. Clair","rank":3},"geometry":{"type":"MultiLineString","coordinates":[[[-82.417,43.017],[-82.488,42.74],[-82.545,42.625],[-82.645,42.558]]]}},{"type":"Feature","properties":{"name":"St. Lawrence","rank":2},"geometry":{"type":"MultiLineString","coordinates":[[[-74.709,45.004],[-74.857,45.004],[-74.996,44.97],[-75.179,44.899],[-75.401,44.772],[-75.792,44.497]]]}},{"type":"Feature","properties":{"name":"Stikine","rank":5},"geometry":{"type":"MultiLineString","coordinates":[[[-128.13,57.292],[-127.939,57.37],[-127.833,57.394],[-127.705,57.389],[-127.601,57.432],[-127.596,57.49],[-127.656,57.576],[-127.664,57.639],[-127.62,57.678],[-127.723,57.706],[-127.974,57.722],[-128.128,57.762],[-128.186,57.826],[-128.286,57.89],[-128.428,57.956],[-128.615,57.976],[-128.846,57.952],[-129.04,57.949],[-129.196,57.966],[-129.332,57.96],[-129.449,57.931],[-129.733,57.975],[-130.185,58.093],[-130.475,58.148],[-130.605,58.14],[-130.76,58.105],[-130.939,58.041],[-131.055,57.988],[-131.108,57.945],[-131.19,57.909],[-131.302,57.882],[-131.418,57.821],[-131.598,57.679],[-131.728,57.553],[-131.767,57.467],[-131.757,57.379],[-131.775,57.333],[-131.821,57.329],[-131.841,57.306],[-131.833,57.263],[-131.794,57.214],[-131.725,57.159],[-131.71,57.116],[-131.751,57.086],[-131.775,56.978],[-131.781,56.792],[-131.801,56.753],[-131.834,56.715],[-131.881,56.703],[-132.075,56.711],[-132.206,56.696],[-132.311,56.639],[-132.358,56.626]]]}},{"type":"Feature","properties":{"name":"Susitna","rank":6},"geometry":{"type":"MultiLineString","coordinates":[[[-146.684,62.505],[-146.829,62.576],[-146.879,62.615],[-146.884,62.646],[-146.959,62.676],[-147.103,62.705],[-147.228,62.702],[-147.335,62.668],[-147.493,62.689],[-147.705,62.765],[-147.89,62.812],[-148.125,62.838],[-148.51,62.849],[-148.68,62.839],[-148.763,62.811],[-148.867,62.813],[-148.993,62.844],[-149.188,62.859],[-149.453,62.855],[-149.694,62.803],[-149.912,62.702],[-150.044,62.619],[-150.113,62.519],[-150.159,62.434],[-150.162,62.355],[-150.136,62.255],[-150.138,62.193],[-150.168,62.169],[-150.161,62.14],[-150.114,62.106],[-150.094,62.049],[-150.099,61.968],[-150.172,61.843],[-150.313,61.676],[-150.425,61.577],[-150.509,61.547],[-150.559,61.488],[-150.57,61.364],[-150.567,61.307]]]}},{"type":"Feature","properties":{"name":"Tanana","rank":6},"geometry":{"type":"MultiLineString","coordinates":[[[-142.022,62.027],[-142.071,62.066],[-142.087,62.109],[-142.085,62.171],[-142.051,62.217],[-141.951,62.264],[-141.817,62.306],[-141.743,62.355],[-141.685,62.424],[-141.602,62.48],[-141.494,62.523],[-141.425,62.564],[-141.395,62.604],[-141.413,62.673],[-141.479,62.771],[-141.552,62.829],[-141.633,62.847],[-141.656,62.872],[-141.622,62.905],[-141.738,62.983],[-142.004,63.105],[-142.192,63.165],[-142.302,63.165],[-142.42,63.186],[-142.544,63.227],[-142.632,63.279],[-142.686,63.34],[-142.744,63.368],[-142.807,63.362],[-142.879,63.378],[-142.961,63.417],[-143.038,63.43],[-143.149,63.411],[-143.617,63.404],[-143.789,63.42],[-143.822,63.457],[-143.827,63.499],[-143.803,63.544],[-143.827,63.593],[-143.899,63.645],[-144.101,63.688],[-144.433,63.722],[-144.678,63.791],[-144.835,63.894],[-144.895,63.958],[-144.887,64],[-144.915,64.034],[-145.032,64.068],[-145.158,64.084],[-145.294,64.083],[-145.439,64.108],[-145.594,64.16],[-145.726,64.18],[-145.834,64.168],[-146.029,64.192],[-146.309,64.254],[-146.505,64.278],[-146.672,64.256],[-146.934,64.383],[-147.021,64.456],[-147.021,64.516],[-147.08,64.582],[-147.197,64.653],[-147.322,64.711],[-147.456,64.754],[-147.626,64.782],[-147.832,64.796],[-147.993,64.783],[-148.163,64.726],[-148.566,64.62],[-148.801,64.583],[-149.116,64.582],[-149.138,64.594],[-149.14,64.647],[-149.123,64.741],[-149.131,64.783],[-149.156,64.804],[-149.156,64.824],[-149.129,64.853],[-149.139,64.878],[-149.187,64.901],[-149.307,64.911],[-149.499,64.909],[-149.676,64.877],[-149.839,64.814],[-150.082,64.832],[-150.404,64.93],[-150.674,64.977],[-150.89,64.973],[-151.09,64.947],[-151.273,64.9],[-151.415,64.905],[-151.517,64.962],[-151.553,64.995],[-151.544,65.025],[-151.565,65.034],[-151.623,65.016],[-151.675,65.029],[-151.697,65.085],[-151.793,65.127],[-152.048,65.165]]]}},{"type":"Feature","properties":{"name":"Tennessee","rank":5},"geometry":{"type":"MultiLineString","coordinates":[[[-87.7,34.773],[-87.814,34.763],[-87.965,34.844],[-88.191,35.012],[-88.306,35.126],[-88.311,35.185],[-88.282,35.239],[-88.218,35.287],[-88.188,35.329],[-88.19,35.366],[-88.139,35.391],[-88.034,35.404],[-87.994,35.418],[-88.018,35.434],[-88.015,35.464],[-87.986,35.511],[-87.987,35.579],[-88.02,35.67],[-88.01,35.767],[-87.958,35.868],[-87.943,35.925],[-87.975,35.945]],[[-83.969,35.87],[-84.229,35.767],[-84.344,35.736],[-84.4,35.743],[-84.457,35.775],[-84.542,35.863],[-84.598,35.803],[-84.63,35.789],[-84.656,35.803],[-84.701,35.749],[-84.766,35.629],[-84.82,35.566],[-84.862,35.559],[-84.89,35.528],[-84.902,35.472],[-84.924,35.45],[-84.957,35.461],[-85.013,35.391],[-85.092,35.242],[-85.182,35.132],[-85.285,35.062],[-85.347,35.05],[-85.367,35.095],[-85.392,35.096],[-85.424,35.055],[-85.46,35.05],[-85.501,35.081],[-85.559,35.08],[-85.635,35.049],[-85.68,35.01],[-85.694,34.963],[-85.839,34.803],[-86.115,34.528],[-86.294,34.403],[-86.378,34.427],[-86.462,34.478],[-86.546,34.557],[-86.666,34.591],[-86.899,34.575]],[[-88.283,37.022],[-88.472,37.088]]]}},{"type":"Feature","properties":{"name":"Teslin","rank":3},"geometry":{"type":"MultiLineString","coordinates":[[[-131.208,59.087],[-131.393,59.072],[-131.513,59.084],[-131.689,59.135],[-131.792,59.141],[-131.861,59.178],[-131.93,59.248],[-131.997,59.364],[-132.095,59.607]],[[-133.245,60.449],[-134.288,61.089],[-134.647,61.352],[-134.667,61.45],[-134.737,61.517],[-134.913,61.57]]]}},{"type":"Feature","properties":{"name":"Thelon","rank":5},"geometry":{"type":"MultiLineString","coordinates":[[[-105.942,62.356],[-105.664,62.41],[-105.305,62.439],[-104.772,62.461],[-104.586,62.486],[-104.544,62.5],[-104.55,62.517],[-104.598,62.551],[-104.734,62.589],[-104.757,62.605],[-104.735,62.622],[-104.743,62.659],[-104.763,62.682],[-104.772,62.709],[-104.744,62.729],[-104.761,62.762],[-104.819,62.808],[-104.801,62.864],[-104.769,62.906],[-104.767,62.937],[-104.817,62.948],[-104.846,62.983],[-104.834,63.071]],[[-104.706,63.27],[-104.681,63.352],[-104.612,63.44],[-104.489,63.562],[-104.452,63.63],[-104.501,63.644],[-104.468,63.691],[-104.354,63.772],[-104.214,63.836],[-104.05,63.884],[-103.901,63.974],[-103.766,64.108],[-103.696,64.193],[-103.692,64.227],[-103.532,64.269],[-103.217,64.317],[-102.966,64.328],[-102.779,64.302],[-102.676,64.263],[-102.657,64.211],[-102.626,64.178],[-102.585,64.165],[-102.409,64.184],[-102.098,64.235],[-101.91,64.298],[-101.811,64.411]],[[-94.225,64.076],[-93.656,63.973]],[[-101.536,64.493],[-100.795,64.604]],[[-97.103,64.761],[-96.728,64.697],[-96.58,64.655],[-96.536,64.614],[-96.504,64.554],[-96.484,64.474],[-96.423,64.401],[-96.273,64.301]]]}},{"type":"Feature","properties":{"name":"Tugaloo","rank":6},"geometry":{"type":"MultiLineString","coordinates":[[[-83.356,34.708],[-83.167,34.6]]]}},{"type":"Feature","properties":{"name":"Usumacinta","rank":5},"geometry":{"type":"MultiLineString","coordinates":[[[-90.417,16.391],[-90.471,16.44],[-90.576,16.468],[-90.634,16.511],[-90.634,16.565],[-90.66,16.631],[-90.711,16.708],[-90.816,16.787],[-90.976,16.868],[-91.112,16.976],[-91.224,17.112],[-91.319,17.2],[-91.392,17.236],[-91.417,17.264],[-91.417,17.287],[-91.4,17.314],[-91.414,17.35],[-91.466,17.384],[-91.496,17.42],[-91.504,17.458],[-91.488,17.481],[-91.449,17.488],[-91.45,17.515],[-91.49,17.563],[-91.473,17.589],[-91.398,17.594],[-91.366,17.627],[-91.378,17.686],[-91.4,17.711],[-91.433,17.701],[-91.446,17.715],[-91.44,17.751],[-91.456,17.779],[-91.494,17.798],[-91.524,17.794],[-91.546,17.766],[-91.567,17.773],[-91.587,17.813],[-91.613,17.818],[-91.645,17.787],[-91.652,17.764],[-91.64,17.75],[-91.641,17.736],[-91.69,17.732],[-91.732,17.762],[-91.79,17.844],[-91.85,17.878],[-91.912,17.862],[-91.993,17.887],[-92.093,17.954],[-92.137,18.013],[-92.127,18.062],[-92.144,18.122],[-92.189,18.191],[-92.212,18.204]],[[-92.212,18.204],[-92.296,18.255],[-92.464,18.316],[-92.572,18.335],[-92.621,18.312],[-92.652,18.333],[-92.67,18.431],[-92.679,18.543],[-92.688,18.578],[-92.71,18.612]],[[-92.212,18.204],[-92.263,18.361],[-92.31,18.426],[-92.371,18.467],[-92.422,18.531],[-92.485,18.665]]]}},{"type":"Feature","properties":{"name":"Verde","rank":6},"geometry":{"type":"MultiLineString","coordinates":[[[-100.344,22.117],[-99.993,21.945],[-99.902,21.864],[-99.84,21.756],[-99.782,21.703],[-99.73,21.705],[-99.69,21.692],[-99.665,21.664],[-99.621,21.673],[-99.559,21.719],[-99.46,21.719],[-99.324,21.672],[-99.191,21.699],[-99.06,21.799],[-98.952,21.851],[-98.868,21.855],[-98.807,21.89],[-98.769,21.957],[-98.728,21.988],[-98.59,21.981]]]}},{"type":"Feature","properties":{"name":"Wabash","rank":6},"geometry":{"type":"MultiLineString","coordinates":[[[-84.755,40.359],[-84.647,40.356],[-84.639,40.371],[-84.757,40.44],[-84.767,40.483],[-84.759,40.525],[-84.794,40.567],[-84.886,40.588],[-85.007,40.65],[-85.156,40.752],[-85.317,40.826],[-85.49,40.872],[-85.677,40.863],[-85.877,40.801],[-86.113,40.763],[-86.383,40.75],[-86.618,40.66],[-86.818,40.494],[-86.955,40.412],[-87.029,40.415],[-87.117,40.39],[-87.218,40.337],[-87.404,40.214],[-87.445,40.127],[-87.438,40.018],[-87.419,39.941],[-87.388,39.895],[-87.378,39.808],[-87.388,39.682],[-87.413,39.568],[-87.452,39.467],[-87.507,39.392],[-87.579,39.344],[-87.611,39.291],[-87.603,39.234],[-87.615,39.193],[-87.647,39.169],[-87.632,39.107],[-87.568,39.007],[-87.53,38.909],[-87.518,38.812],[-87.529,38.742],[-87.584,38.679],[-87.636,38.543],[-87.681,38.488],[-87.735,38.47],[-87.784,38.419],[-87.827,38.336],[-87.873,38.295],[-87.921,38.298],[-87.957,38.282],[-87.98,38.249],[-87.977,38.214],[-87.949,38.178],[-87.958,38.144],[-88.006,38.113],[-88.005,38.098],[-87.99,38.089],[-87.996,38.074],[-88.026,38.06],[-88.045,38.013],[-88.043,37.937],[-88.059,37.898],[-88.091,37.897],[-88.095,37.876],[-88.042,37.789]]]}},{"type":"Feature","properties":{"name":"Willamette","rank":6},"geometry":{"type":"MultiLineString","coordinates":[[[-122.095,43.422],[-122.219,43.485],[-122.371,43.515],[-122.424,43.574],[-122.427,43.672],[-122.458,43.746],[-122.517,43.795],[-122.684,43.888],[-122.96,44.024],[-123.119,44.15],[-123.184,44.323],[-123.22,44.513],[-123.189,44.599],[-123.103,44.644],[-123.077,44.68],[-123.112,44.707],[-123.116,44.747],[-123.09,44.802],[-123.098,44.836],[-123.14,44.849],[-123.124,44.887],[-123.05,44.947],[-123.024,44.999],[-123.046,45.042],[-123.036,45.081],[-122.993,45.117],[-122.987,45.157],[-123.018,45.202],[-123.016,45.238],[-122.981,45.267],[-122.902,45.288],[-122.718,45.306],[-122.621,45.368],[-122.603,45.427],[-122.634,45.502],[-122.677,45.56],[-122.732,45.603],[-122.745,45.649],[-122.726,45.674]]]}},{"type":"Feature","properties":{"name":"Winnipeg","rank":6},"geometry":{"type":"MultiLineString","coordinates":[[[-94.615,49.993],[-94.651,50.024],[-94.639,50.101],[-94.668,50.135],[-94.809,50.15],[-94.931,50.131],[-94.999,50.141],[-95.013,50.18],[-95.073,50.22],[-95.179,50.261],[-95.207,50.34],[-95.276,50.366],[-95.398,50.369],[-95.506,50.323],[-95.6,50.228],[-95.726,50.17],[-95.883,50.148],[-95.987,50.148],[-96.036,50.168],[-96.052,50.205],[-96.026,50.283]],[[-95.989,50.404],[-96.005,50.451],[-96.081,50.506],[-96.295,50.625]]]}},{"type":"Feature","properties":{"name":"Yadkin","rank":6},"geometry":{"type":"MultiLineString","coordinates":[[[-81.576,36.074],[-81.522,36.047],[-81.465,36.055],[-81.349,36.106],[-80.899,36.225],[-80.674,36.259],[-80.49,36.242],[-80.464,36.232]]]}},{"type":"Feature","properties":{"name":"Yukon","rank":3},"geometry":{"type":"MultiLineString","coordinates":[[[-134.916,61.568],[-134.87,61.628],[-134.885,61.685],[-134.946,61.759],[-134.964,61.816],[-134.941,61.856],[-134.94,61.889],[-134.961,61.912],[-135.121,61.957],[-135.419,62.024],[-135.629,62.049],[-135.75,62.032],[-135.928,62.046],[-136.307,62.121],[-136.362,62.145],[-136.378,62.197],[-136.354,62.275],[-136.583,62.428],[-137.356,62.781],[-137.452,62.809],[-137.733,62.82],[-138.398,62.801],[-139.418,63.011],[-139.532,63.071],[-139.564,63.161],[-139.545,63.234],[-139.472,63.288],[-139.506,63.353],[-139.646,63.427],[-139.73,63.513],[-139.76,63.609],[-139.759,63.674],[-139.728,63.707],[-139.723,63.75],[-139.744,63.805],[-139.743,63.865],[-139.721,63.932],[-139.653,63.983],[-139.541,64.017],[-139.482,64.057],[-139.476,64.102],[-139.511,64.158],[-139.587,64.227],[-139.849,64.297],[-140.296,64.367],[-140.453,64.405],[-140.477,64.426],[-140.465,64.498],[-140.479,64.526],[-140.545,64.518],[-140.589,64.528],[-140.61,64.558],[-140.649,64.572],[-140.705,64.57],[-140.73,64.585],[-140.724,64.616],[-140.746,64.627],[-140.796,64.62],[-140.882,64.641],[-140.933,64.674],[-141.006,64.689],[-141.065,64.726],[-141.059,64.749],[-141.093,64.775],[-141.164,64.802],[-141.176,64.833],[-141.128,64.867],[-141.129,64.888],[-141.179,64.895],[-141.198,64.913],[-141.187,64.943],[-141.23,64.954],[-141.327,64.945],[-141.373,64.966],[-141.369,65.041],[-141.404,65.086],[-141.533,65.129],[-141.768,65.183],[-141.924,65.241],[-142.002,65.3],[-142.147,65.335],[-142.359,65.344],[-142.502,65.363],[-142.576,65.392],[-142.655,65.393],[-142.738,65.366],[-142.929,65.355],[-143.227,65.359],[-143.447,65.383],[-143.589,65.427],[-143.673,65.472],[-143.698,65.518],[-143.781,65.554],[-143.922,65.579],[-144.023,65.613],[-144.085,65.655],[-144.087,65.722],[-144.03,65.812],[-144.017,65.876],[-144.048,65.914],[-144.251,66.027],[-144.624,66.215],[-144.832,66.335],[-144.874,66.386],[-145.003,66.453],[-145.219,66.537],[-145.453,66.587],[-145.828,66.611]],[[-163.259,62.016],[-163.241,61.94],[-163.242,61.886],[-163.289,61.847],[-163.388,61.829],[-163.539,61.832],[-163.644,61.816],[-163.705,61.783],[-163.774,61.777],[-163.836,61.797],[-163.845,61.835],[-163.86,61.851],[-163.898,61.853],[-163.959,61.839],[-164.002,61.851],[-164.026,61.891],[-164.087,61.879],[-164.183,61.816],[-164.264,61.789],[-164.331,61.798],[-164.429,61.782],[-164.56,61.742],[-164.646,61.744],[-164.746,61.762],[-164.831,61.739],[-164.879,61.698],[-164.869,61.665],[-164.766,61.629],[-164.743,61.591],[-164.778,61.551],[-164.888,61.507],[-165.007,61.48],[-165.188,61.392],[-165.206,61.33],[-165.201,61.286],[-165.244,61.269]],[[-163.259,62.016],[-163.434,62.061],[-163.731,62.092],[-163.904,62.134],[-163.953,62.184],[-163.948,62.248],[-163.889,62.325],[-163.859,62.392],[-163.861,62.448],[-163.93,62.532],[-164.067,62.643],[-164.222,62.71],[-164.482,62.745],[-164.522,62.737],[-164.589,62.709]],[[-145.828,66.611],[-146.664,66.508],[-147.015,66.445],[-147.159,66.386],[-147.323,66.352],[-147.509,66.344],[-147.596,66.321],[-147.585,66.284],[-147.746,66.264],[-148.079,66.261],[-148.364,66.225],[-148.601,66.155],[-148.729,66.104],[-148.764,66.067],[-148.79,66.062],[-148.812,66.085],[-148.873,66.09],[-148.971,66.077],[-149.014,66.056],[-149,66.029],[-149.054,66.007],[-149.175,65.991],[-149.251,65.957],[-149.284,65.905],[-149.438,65.889],[-149.714,65.91],[-149.92,65.89],[-150.058,65.83],[-150.048,65.798],[-149.89,65.795],[-149.827,65.755],[-149.858,65.679],[-149.93,65.65],[-150.041,65.669],[-150.125,65.641],[-150.183,65.565],[-150.324,65.52],[-150.549,65.505],[-150.792,65.446],[-151.054,65.343],[-151.401,65.26],[-152.048,65.165],[-152.349,65.124],[-152.534,65.134],[-152.699,65.182],[-152.857,65.201],[-153.007,65.191],[-153.126,65.166],[-153.215,65.124],[-153.331,65.112],[-153.476,65.129],[-153.74,65.084],[-154.122,64.976],[-154.402,64.927],[-154.581,64.936],[-155.134,64.867],[-155.381,64.79],[-155.575,64.756],[-155.754,64.764],[-155.998,64.721],[-156.202,64.713],[-156.425,64.68],[-156.733,64.664],[-156.76,64.696],[-156.809,64.718],[-156.917,64.73],[-156.993,64.755],[-157.036,64.795],[-157.271,64.826],[-157.396,64.82],[-157.51,64.844],[-157.769,64.85],[-157.842,64.869],[-157.913,64.858],[-158.169,64.681],[-158.286,64.643],[-158.501,64.464],[-158.678,64.343],[-158.691,64.311],[-158.659,64.223],[-158.674,64.138],[-158.734,64.058],[-158.826,63.994],[-159.01,63.925],[-159.149,63.884],[-159.203,63.848],[-159.217,63.802],[-159.256,63.767],[-159.318,63.743],[-159.386,63.679],[-159.458,63.575],[-159.479,63.494],[-159.448,63.437],[-159.502,63.372],[-159.642,63.301],[-159.725,63.214],[-159.753,63.111],[-159.826,63.035],[-159.945,62.987],[-160.019,62.916],[-160.049,62.822],[-160.09,62.756],[-160.144,62.717],[-160.17,62.66],[-160.17,62.586],[-160.133,62.523],[-160.058,62.471],[-159.975,62.371],[-159.956,62.28],[-159.913,62.253],[-159.805,62.236],[-159.744,62.214],[-159.73,62.188],[-159.742,62.154],[-159.782,62.114],[-159.852,62.086],[-159.952,62.071],[-160.032,62.033],[-160.093,61.973],[-160.336,61.941],[-160.762,61.936],[-161.067,61.907],[-161.253,61.853],[-161.339,61.805],[-161.326,61.764],[-161.346,61.72],[-161.401,61.673],[-161.528,61.637],[-161.754,61.617],[-161.92,61.576],[-161.956,61.597],[-161.963,61.656],[-162.023,61.745],[-162.135,61.863],[-162.249,61.923],[-162.367,61.924],[-162.44,61.948],[-162.47,61.994],[-162.527,62.006],[-162.613,61.984],[-162.668,61.957],[-162.691,61.923],[-162.74,61.918],[-162.814,61.942],[-162.888,61.94],[-162.962,61.913],[-163.043,61.908],[-163.132,61.923],[-163.204,61.959],[-163.259,62.016]],[[-145.828,66.611],[-145.833,66.611]],[[-145.825,66.611],[-145.828,66.611]]]}},{"type":"Feature","properties":{"name":null,"rank":6},"geometry":{"type":"MultiLineString","coordinates":[[[-103.55,58.455],[-103.665,58.545]],[[-103.786,58.691],[-103.959,58.772],[-103.999,58.809],[-103.962,58.829],[-103.95,58.868],[-103.963,58.927],[-104.144,58.979],[-104.495,59.023],[-104.792,59.037],[-104.92,59.08],[-104.951,59.142],[-105.012,59.173]],[[-105.55,59.15],[-105.572,59.221],[-105.689,59.251],[-106.018,59.271]]]}},{"type":"Feature","properties":{"name":null,"rank":6},"geometry":{"type":"MultiLineString","coordinates":[[[-137,61.227],[-137.069,60.952],[-137.09,60.91],[-137.177,60.874],[-137.348,60.824],[-137.511,60.797],[-137.664,60.794],[-137.768,60.757],[-137.822,60.687],[-137.845,60.607],[-137.836,60.517],[-137.878,60.412],[-137.972,60.293],[-137.997,60.231],[-137.967,60.178],[-137.863,60.067],[-137.851,60.027],[-137.863,59.984],[-137.966,59.927],[-137.991,59.881],[-137.936,59.846],[-137.929,59.811],[-137.969,59.776],[-137.972,59.738],[-137.83,59.587],[-137.817,59.544],[-137.824,59.51],[-138.021,59.439],[-138.061,59.437],[-138.184,59.401],[-138.233,59.372],[-138.26,59.32],[-138.25,59.291],[-138.209,59.266],[-138.185,59.224],[-138.182,59.202],[-138.202,59.18],[-138.221,59.174],[-138.438,59.183],[-138.515,59.166]]]}},{"type":"Feature","properties":{"name":null,"rank":6},"geometry":{"type":"MultiLineString","coordinates":[[[-123.472,65.152],[-123.737,65.062],[-124.205,65.026],[-124.966,65.014],[-125.41,64.982],[-125.619,64.895]]]}},{"type":"Feature","properties":{"name":null,"rank":5},"geometry":{"type":"MultiLineString","coordinates":[[[-72.991,46.177],[-73.079,46.16],[-73.146,46.124],[-73.177,46.071],[-73.164,46.044]]]}},{"type":"Feature","properties":{"name":null,"rank":5},"geometry":{"type":"MultiLineString","coordinates":[[[-103.447,61.366],[-103.468,61.283],[-103.55,61.212],[-103.699,61.126],[-103.759,61.05],[-103.716,60.952]],[[-103.158,61.836],[-103.236,61.773],[-103.251,61.734],[-103.22,61.681]],[[-99.618,62.301],[-98.574,62.252],[-98.209,62.252],[-98.175,62.285],[-98.206,62.38],[-98.35,62.616]],[[-101.366,62.35],[-101.318,62.345]],[[-100.735,62.356],[-100.552,62.355]],[[-102.737,62.41],[-102.919,62.319]],[[-101.831,62.52],[-101.529,62.664]],[[-102.035,62.925],[-102.118,62.915],[-102.181,62.884],[-102.25,62.828],[-102.379,62.79],[-102.66,62.76]],[[-97.63,62.979],[-97.61,63.047],[-97.567,63.092],[-97.459,63.157]],[[-97.288,63.514],[-97.235,63.573],[-97.182,63.593],[-97.111,63.593],[-97.084,63.604],[-97.071,63.635],[-96.952,63.637]],[[-95.878,63.656],[-95.811,63.669],[-95.799,63.694],[-95.809,63.719],[-95.799,63.746],[-95.723,63.766],[-95.677,63.798],[-95.677,63.846],[-95.631,63.898],[-95.537,63.956],[-95.492,64.001],[-95.497,64.05]]]}},{"type":"Feature","properties":{"name":null,"rank":5},"geometry":{"type":"MultiLineString","coordinates":[[[-101.163,62.367],[-101.318,62.345]]]}}]}