id,name,states,tier,story,source facts,photos,street frames,moment frames,miniature,strip,picture,needs
alaska-railroad-12399,Alaska Railroad,AK,state,draft,3,1,0,0,no,yes,photo,miniature
alaska-s-marine-highway-12398,Alaska's Marine Highway,AK,national,draft,4,1,0,0,no,yes,photo,miniature
copper-river-highway-81453,Copper River Highway,AK,state,draft,3,1,0,0,no,yes,photo,miniature
dalton-highway-12400,Dalton Highway,AK,state,draft,3,1,0,0,no,yes,photo,miniature
denali-highway-980004,Denali Highway,AK,classic drive,none,0,1,0,0,no,yes,photo,story + miniature
glenn-highway-2483,Glenn Highway,AK,national,draft,3,1,2,0,no,yes,photo,miniature
haines-highway-valley-of-the-eagles-12395,Haines Highway - Valley of the Eagles,AK,national,draft,3,1,3,0,no,yes,photo,miniature
prince-of-wales-island-road-system-81454,Prince of Wales Island Road System,AK,state,draft,3,1,2,0,no,yes,photo,miniature
richardson-highway-12397,Richardson Highway,AK,state,draft,3,1,2,0,no,yes,photo,miniature
seward-highway-10390,Seward Highway,AK,national,draft,3,1,3,1,no,yes,photo,miniature
steese-highway-12394,Steese Highway,AK,state,draft,3,1,0,0,no,yes,photo,miniature
sterling-highway-2347,Sterling Highway,AK,state,none,3,1,3,0,no,no,photo,story + miniature + strip
taylor-top-of-the-world-highway-12396,Taylor Top-of-the-World Highway,AK,state,draft,3,1,3,0,no,yes,photo,miniature
the-george-parks-highway-scenic-byway-12302,The George Parks Highway Scenic Byway,AK,national,draft,3,1,2,0,no,yes,photo,miniature
walden-point-road-81476,Walden Point Road,AK,state,draft,3,1,0,0,no,yes,photo,miniature
alabama-s-coastal-connection-2442,Alabama's Coastal Connection,AL,national,draft,3,1,3,0,no,yes,photo,miniature
alabama-s-stagecoach-route-through-leeds-2440,Alabama's Stagecoach Route Through Leeds,AL,state,none,3,1,1,0,no,no,photo,story + miniature + strip
appalachian-highlands-scenic-byway-2339,Appalachian Highlands Scenic Byway,AL,state,draft,3,1,2,0,no,yes,photo,miniature
barbour-county-governor-s-trail-2558,Barbour County Governor's Trail,AL,state,draft,3,1,1,0,no,yes,photo,miniature
black-belt-nature-and-heritage-trail-2443,Black Belt Nature and Heritage Trail,AL,state,draft,3,1,2,0,no,yes,photo,miniature
lookout-mountain-parkway-2441,Lookout Mountain Parkway,AL,state,draft,3,1,0,0,no,yes,photo,miniature
natchez-trace-parkway-2285,Natchez Trace Parkway,AL MS TN,national,draft,9,1,3,0,no,yes,photo,miniature
selma-to-montgomery-march-byway-2050,Selma to Montgomery March Byway,AL,national,draft,3,1,1,2,no,yes,photo,miniature
talladega-scenic-drive-2057,Talladega Scenic Drive,AL,national,draft,3,1,0,0,no,yes,photo,miniature
arkansas-scenic-7-byway-2155,Arkansas Scenic 7 Byway,AR,state,draft,3,1,1,0,no,yes,photo,miniature
boston-mountains-scenic-loop-990502,Boston Mountains Scenic Loop,AR,state,none,2,1,2,0,no,yes,photo,story + miniature
camden-expedition-scenic-byway-990501,Camden Expedition Scenic Byway,AR,state,none,2,1,2,0,no,no,photo,story + miniature + strip
crowley-s-ridge-parkway-2588,Crowley's Ridge Parkway,AR MO,national,draft,6,1,2,0,no,yes,photo,miniature
great-river-road-2279,Great River Road,AR IA IL KY LA MN MO MS TN WI,national,draft,27,12,2,1,no,yes,photo,miniature
interstate-530-990503,Interstate 530,AR,state,none,2,1,3,0,no,yes,photo,story + miniature
mount-magazine-scenic-byway-2158,Mount Magazine Scenic Byway,AR,other,draft,3,1,3,0,no,yes,photo,miniature
ozark-highlands-scenic-byway-2157,Ozark Highlands Scenic Byway,AR,other,draft,3,1,0,0,no,yes,photo,miniature
pig-trail-scenic-byway-2156,Pig Trail Scenic Byway,AR,other,draft,3,1,3,0,no,yes,photo,miniature
st-francis-scenic-byway-2160,St. Francis Scenic Byway,AR,other,none,1,1,0,0,no,yes,photo,story + miniature
sylamore-scenic-byway-2159,Sylamore Scenic Byway,AR,other,none,2,1,0,0,no,yes,photo,story + miniature
talimena-scenic-drive-2485,Talimena Scenic Drive,AR OK,national,draft,6,1,0,0,no,yes,photo,miniature
west-northwest-scenic-byway-990504,West-Northwest Scenic Byway,AR,state,draft,3,1,2,0,no,yes,photo,miniature
apache-trail-historic-road-2058,Apache Trail Historic Road,AZ,other,draft,3,1,3,2,no,yes,photo,miniature
black-hills-back-country-byway-68912,Black Hills Back Country Byway,AZ,other,none,0,1,0,0,no,yes,photo,story + miniature
copper-corridor-scenic-road-sr-177-990402,Copper Corridor Scenic Road (SR 177),AZ,state,draft,3,0,3,0,no,yes,street frame,miniature
copper-corridor-scenic-road-sr-77-990401,Copper Corridor Scenic Road (SR 77),AZ,state,draft,3,0,3,0,no,yes,street frame,miniature
coronado-trail-scenic-byway-2059,Coronado Trail Scenic Byway,AZ,national,draft,3,1,3,0,no,yes,photo,miniature
dine-tah-among-the-people-scenic-road-50185,"Dine' Tah ""Among the People"" Scenic Road",AZ,state,draft,3,1,1,0,no,yes,photo,miniature
dry-creek-scenic-road-11294,Dry Creek Scenic Road,AZ,state,draft,3,0,3,0,no,yes,street frame,miniature
fredonia-vermillion-cliffs-scenic-road-11300,Fredonia-Vermillion Cliffs Scenic Road,AZ,state,draft,3,1,3,0,no,yes,photo,miniature
from-the-desert-to-tall-pines-scenic-road-50187,From the Desert to Tall Pines Scenic Road,AZ,state,draft,3,0,0,0,no,yes,illustration only,picture + miniature
gila-pinal-scenic-road-11289,Gila-Pinal Scenic Road,AZ,state,draft,3,1,3,0,no,yes,photo,miniature
harquahala-mountain-back-country-byway-68910,Harquahala Mountain Back Country Byway,AZ,other,none,0,0,0,0,no,no,illustration only,story + picture + miniature + strip
historic-route-66-2489,Historic Route 66,AZ IL NM OK,national,draft,9,1,3,1,no,yes,photo,miniature
jerome-clarkdale-and-cottonwood-historic-road-11295,"Jerome, Clarkdale, and Cottonwood Historic Road",AZ,other,draft,3,1,3,0,no,yes,photo,miniature
joshua-forest-scenic-road-11293,Joshua Forest Scenic Road,AZ,state,draft,3,1,3,0,no,yes,photo,miniature
kaibab-plateau-north-rim-parkway-10465,Kaibab Plateau-North Rim Parkway,AZ,national,draft,3,1,3,0,no,yes,photo,miniature
kayenta-monument-valley-scenic-road-11301,Kayenta-Monument Valley Scenic Road,AZ,state,draft,3,1,3,0,no,yes,photo,miniature
mingus-mountain-scenic-road-11296,Mingus Mountain Scenic Road,AZ,state,none,3,0,3,0,no,no,street frame,story + miniature + strip
naat-tsis-aan-navajo-mountain-scenic-road-59473,Naat' tsis' aan - Navajo Mountain Scenic Road,AZ,state,draft,3,1,3,0,no,yes,photo,miniature
old-route-66-oatman-road-68911,Old Route 66 - Oatman Road,AZ,other,none,0,1,3,0,no,yes,photo,story + miniature
organ-pipe-cactus-parkway-990403,Organ Pipe Cactus Parkway,AZ,state,draft,3,1,3,0,no,yes,photo,miniature
patagonia-sonoita-scenic-road-11288,Patagonia-Sonoita Scenic Road,AZ,state,draft,3,1,3,0,no,yes,photo,miniature
red-rock-scenic-byway-11290,Red Rock Scenic Byway,AZ,national,draft,3,1,3,0,no,yes,photo,miniature
san-francisco-peaks-scenic-road-11292,San Francisco Peaks Scenic Road,AZ,state,draft,3,1,3,0,no,yes,photo,miniature
sedona-oak-creek-canyon-scenic-road-11287,Sedona-Oak Creek Canyon Scenic Road,AZ,state,draft,3,1,2,0,no,yes,photo,miniature
sky-island-scenic-byway-50186,Sky Island Scenic Byway,AZ,national,draft,3,1,3,0,no,yes,photo,miniature
swift-trail-parkway-11298,Swift Trail Parkway,AZ,other,draft,3,1,3,0,no,yes,photo,miniature
tse-nikani-flat-mesa-rock-scenic-byway-59474,Tse' nikani - Flat Mesa Rock Scenic Byway,AZ,state,draft,3,1,3,0,no,yes,photo,miniature
walker-scenic-road-990404,Walker Scenic Road,AZ,state,draft,3,1,1,0,no,yes,photo,miniature
white-mountain-scenic-road-2060,White Mountain Scenic Road,AZ,state,draft,3,1,3,0,no,yes,photo,miniature
white-river-scenic-road-11297,White River Scenic Road,AZ,state,none,3,0,0,0,no,no,illustration only,story + picture + miniature + strip
ancient-bristlecone-scenic-byway-route-168-2303,Ancient Bristlecone Scenic Byway (Route 168),CA,state,none,2,1,2,0,no,no,photo,story + miniature + strip
angeles-crest-scenic-byway-route-2-10245,Angeles Crest Scenic Byway (Route 2),CA,state,draft,3,1,3,0,no,yes,photo,miniature
arroyo-seco-historic-parkway-route-110-10246,Arroyo Seco Historic Parkway - Route 110,CA,national,draft,1,1,2,1,no,yes,photo,miniature
barrel-springs-back-country-byway-2333,Barrel Springs Back Country Byway,CA NV,other,none,2,1,0,0,no,yes,photo,story + miniature
bigfoot-scenic-byway-62352,Bigfoot Scenic Byway,CA,other,none,1,1,3,0,no,yes,photo,story + miniature
bradshaw-trail-2172,Bradshaw Trail,CA,other,none,0,1,1,0,no,no,photo,story + miniature + strip
buckhorn-back-country-byway-2332,Buckhorn Back Country Byway,CA NV,other,none,0,1,0,0,no,yes,photo,story + miniature
carson-pass-highway-route-88-2291,Carson Pass Highway (Route 88),CA,state,draft,3,1,3,0,no,yes,photo,miniature
chimney-peak-back-country-byway-68952,Chimney Peak Back Country Byway,CA,other,none,0,1,0,0,no,no,photo,story + miniature + strip
death-valley-scenic-byway-2176,Death Valley Scenic Byway,CA,national,draft,3,1,3,2,no,yes,photo,miniature
ebbetts-pass-scenic-byway-2305,Ebbetts Pass Scenic Byway,CA,national,draft,3,1,3,2,no,yes,photo,miniature
emigrant-trail-2318,Emigrant Trail,CA OR,other,none,2,1,2,0,no,yes,photo,story + miniature
feather-river-scenic-byway-2196,Feather River Scenic Byway,CA,other,none,0,1,1,0,no,yes,photo,story + miniature
interlake-road-lockwood-to-the-san-luis-obispo-county-line-990614,Interlake Road (Lockwood to the San Luis Obispo County line),CA,state,none,1,0,3,0,no,yes,street frame,story + miniature
interlake-road-and-nacimiento-drive-990615,Interlake Road and Nacimiento Drive,CA,state,none,1,0,1,0,no,yes,street frame,story + miniature
jacinto-reyes-scenic-byway-route-33-2310,Jacinto Reyes Scenic Byway (Route 33),CA,state,draft,3,1,3,0,no,yes,photo,miniature
kings-canyon-scenic-byway-2299,Kings Canyon Scenic Byway,CA,other,draft,3,1,3,0,no,yes,photo,miniature
lake-boulevard-county-road-a-18-990616,Lake Boulevard (County Road A-18),CA,state,none,1,0,3,0,no,no,street frame,story + miniature + strip
lassen-scenic-byway-2195,Lassen Scenic Byway,CA,other,none,0,1,3,0,no,yes,photo,story + miniature
laureles-grade-road-990612,Laureles Grade Road,CA,state,none,1,0,3,0,no,yes,street frame,story + miniature
lee-vining-canyon-scenic-byway-2298,Lee Vining Canyon Scenic Byway,CA,other,none,0,1,3,0,no,yes,photo,story + miniature
malibu-canyon-las-virgenes-highway-n1-990617,Malibu Canyon-Las Virgenes Highway (N1),CA,state,none,1,0,3,0,no,yes,street frame,story + miniature
modoc-volcanic-scenic-byway-2297,Modoc Volcanic Scenic Byway,CA,other,none,1,0,2,0,no,yes,street frame,story + miniature
mulholland-highway-990618,Mulholland Highway,CA,state,none,1,0,3,0,no,yes,street frame,story + miniature
pacific-coast-highway-california-s-route-1-12744,Pacific Coast Highway - California's Route 1,CA,state,none,0,1,3,0,no,yes,photo,story + miniature
palms-to-pines-scenic-byway-2326,Palms to Pines Scenic Byway,CA,other,draft,3,1,3,0,no,yes,photo,miniature
parker-dam-road-68951,Parker Dam Road,CA,other,none,0,1,0,0,no,yes,photo,story + miniature
ramona-expressway-2181,Ramona Expressway,CA,state,none,0,1,3,0,no,yes,photo,story + miniature
rim-of-the-world-scenic-byway-2595,Rim of the World Scenic Byway,CA,other,none,1,1,1,0,no,yes,photo,story + miniature
river-road-sacramento-county-990613,River Road (Sacramento County),CA,state,none,1,0,3,0,no,yes,street frame,story + miniature
route-1-big-sur-coast-highway-2301,Route 1 - Big Sur Coast Highway,CA,national,draft,3,6,3,0,yes,yes,photo,complete
route-1-san-luis-obispo-north-coast-byway-2475,Route 1 - San Luis Obispo North Coast Byway,CA,national,draft,2,1,3,1,no,yes,photo,miniature
route-1-san-mateo-county-990601,"Route 1, San Mateo County",CA,state,none,2,0,3,0,no,yes,street frame,story + miniature
route-1-santa-barbara-county-las-cruces-to-lompoc-990602,"Route 1, Santa Barbara County (Las Cruces to Lompoc)",CA,state,draft,3,0,2,0,no,yes,street frame,miniature
route-101-redwood-highway-2198,Route 101--Redwood Highway,CA,state,none,2,1,3,0,no,yes,photo,story + miniature
route-101-gaviota-coast-990609,"Route 101, Gaviota Coast",CA,state,draft,3,0,3,0,no,yes,street frame,miniature
route-116-sonoma-county-10256,Route 116--Sonoma County,CA,state,none,2,1,3,0,no,yes,photo,story + miniature
route-12-valley-of-the-moon-highway-2202,Route 12--Valley of the Moon Highway,CA,state,none,2,1,3,0,no,yes,photo,story + miniature
route-125-lemon-grove-10249,Route 125--Lemon Grove,CA,state,none,2,1,0,0,no,no,photo,story + miniature + strip
route-140-mariposa-county-2307,Route 140--Mariposa County,CA,state,draft,3,1,3,0,no,yes,photo,miniature
route-151-shasta-dam-boulevard-10250,Route 151--Shasta Dam Boulevard,CA,state,draft,3,1,3,0,no,yes,photo,miniature
route-152-pacheco-pass-road-10258,Route 152--Pacheco Pass Road,CA,state,draft,3,1,3,0,no,yes,photo,miniature
route-154-san-marcos-pass-road-2313,Route 154--San Marcos Pass Road,CA,state,none,2,0,3,0,no,yes,street frame,story + miniature
route-156-monterey-county-2312,Route 156--Monterey County,CA,state,draft,3,1,2,0,no,yes,photo,miniature
route-160-river-road-10259,Route 160--River Road,CA,state,draft,3,1,3,0,no,yes,photo,miniature
route-163-cabrillo-freeway-10248,Route 163--Cabrillo Freeway,CA,state,none,2,1,0,0,no,no,photo,story + miniature + strip
route-168-bishop-creek-990610,"Route 168, Bishop Creek",CA,state,draft,3,0,0,0,no,yes,illustration only,picture + miniature
route-20-nevada-county-990603,"Route 20, Nevada County",CA,state,none,2,0,3,0,no,yes,street frame,story + miniature
route-24-alameda-county-10253,Route 24--Alameda County,CA,state,draft,3,1,3,0,no,yes,photo,miniature
route-247-high-desert-barstow-to-yucca-valley-990611,"Route 247, High Desert (Barstow to Yucca Valley)",CA,state,draft,3,0,1,0,no,yes,street frame,miniature
route-27-topanga-canyon-boulevard-990604,"Route 27, Topanga Canyon Boulevard",CA,state,none,2,0,3,0,no,yes,street frame,story + miniature
route-280-father-junipero-serra-freeway-10251,Route 280--Father Junipero Serra Freeway,CA,state,draft,3,1,0,0,no,yes,photo,miniature
route-35-skyline-boulevard-2210,Route 35--Skyline Boulevard,CA,state,draft,3,1,3,0,no,yes,photo,miniature
route-38-san-bernardino-mountains-990605,"Route 38, San Bernardino Mountains",CA,state,draft,3,0,2,0,no,yes,street frame,miniature
route-395-inyo-county-2309,Route 395--Inyo County,CA,state,none,2,1,3,0,no,yes,photo,story + miniature
route-395-mono-county-10688,Route 395--Mono County,CA,state,draft,3,1,3,0,no,yes,photo,miniature
route-49-sierra-county-990606,"Route 49, Sierra County",CA,state,draft,3,0,3,0,no,yes,street frame,miniature
route-50-el-dorado-county-2306,Route 50--El Dorado County,CA,state,draft,3,1,3,0,no,yes,photo,miniature
route-52-mission-trails-990607,"Route 52, Mission Trails",CA,state,none,2,0,3,0,no,yes,street frame,story + miniature
route-580-macarthur-freeway-10252,Route 580--MacArthur Freeway,CA,state,none,2,1,3,0,no,yes,photo,story + miniature
route-62-twentynine-palms-highway-2173,Route 62--Twentynine Palms Highway,CA,state,none,2,1,3,0,no,no,photo,story + miniature + strip
route-68-monterey-county-2311,Route 68--Monterey County,CA,state,none,2,1,3,0,no,yes,photo,story + miniature
route-680-alameda-county-10687,Route 680--Alameda County,CA,state,none,2,1,2,0,no,yes,photo,story + miniature
route-680-contra-costa-county-10254,Route 680--Contra Costa County,CA,state,none,2,1,3,0,no,yes,photo,story + miniature
route-75-san-diego-coronado-bridge-and-silver-strand-highway-2169,Route 75--San Diego-Coronado Bridge and Silver Strand Highway,CA,state,draft,3,1,3,0,no,yes,photo,miniature
route-78-anza-borrego-desert-state-park-road-2171,Route 78--Anza-Borrego Desert State Park Road,CA,state,draft,3,1,3,0,no,yes,photo,miniature
route-84-niles-canyon-road-990608,"Route 84, Niles Canyon Road",CA,state,draft,3,0,3,0,no,yes,street frame,miniature
route-89-monitor-pass-and-luther-pass-highways-and-lake-tahoe-road-2308,Route 89--Monitor Pass & Luther Pass Highways & Lake Tahoe Road,CA,state,draft,3,1,3,0,no,yes,photo,miniature
route-9-saratoga-los-gatos-road-10255,Route 9--Saratoga-Los Gatos Road,CA,state,draft,3,1,1,0,no,yes,photo,miniature
route-91-riverside-freeway-10247,Route 91--Riverside Freeway,CA,state,none,2,1,2,0,no,yes,photo,story + miniature
routes-5-and-580-west-side-freeway-10260,Routes 5 & 580--West Side Freeway,CA,state,draft,3,1,3,0,no,yes,photo,miniature
saline-valley-road-back-country-byway-2177,Saline Valley Road Back Country Byway,CA,other,none,0,1,0,0,no,yes,photo,story + miniature
sierra-heritage-scenic-byway-route-168-2314,Sierra Heritage Scenic Byway (Route 168),CA,other,none,1,1,2,0,no,yes,photo,story + miniature
sierra-vista-scenic-byway-2300,Sierra Vista Scenic Byway,CA,other,none,1,1,3,0,no,yes,photo,story + miniature
smith-river-scenic-byway-2197,Smith River Scenic Byway,CA,other,none,0,1,3,0,no,yes,photo,story + miniature
state-of-jefferson-scenic-byway-2192,State of Jefferson Scenic Byway,CA OR,other,draft,3,1,2,0,no,yes,photo,miniature
sunrise-scenic-byway-2170,Sunrise Scenic Byway,CA,other,none,2,1,3,0,no,yes,photo,story + miniature
tioga-road-big-oak-flat-road-2302,Tioga Road/Big Oak Flat Road,CA,national,draft,2,1,3,2,no,yes,photo,miniature
trinity-heritage-scenic-byway-2193,Trinity Heritage Scenic Byway,CA,other,none,1,1,2,0,no,yes,photo,story + miniature
trinity-scenic-byway-2194,Trinity Scenic Byway,CA,other,none,1,1,3,0,no,yes,photo,story + miniature
volcanic-legacy-scenic-byway-2587,Volcanic Legacy Scenic Byway,CA OR,national,draft,4,1,3,0,no,yes,photo,miniature
wild-horse-canyon-scenic-backcountry-byway-2175,Wild Horse Canyon Scenic Backcountry Byway,CA,state,none,0,1,0,0,no,no,photo,story + miniature + strip
alpine-loop-2105,Alpine Loop,CO,state,draft,3,1,1,0,no,yes,photo,miniature
cache-la-poudre-north-park-scenic-and-historic-byway-2104,Cache La Poudre-North Park Scenic and Historic Byway,CO,state,draft,3,1,3,0,no,yes,photo,miniature
collegiate-peaks-byway-67936,Collegiate Peaks Byway,CO,state,draft,3,1,3,0,no,yes,photo,miniature
colorado-river-headwaters-byway-2106,Colorado River Headwaters Byway,CO,national,draft,3,1,3,0,no,yes,photo,miniature
dinosaur-diamond-prehistoric-highway-2474,Dinosaur Diamond Prehistoric Highway,CO UT,national,draft,6,1,3,1,no,yes,photo,miniature
flat-tops-trail-scenic-byway-2107,Flat Tops Trail Scenic Byway,CO,other,draft,3,1,0,0,no,yes,photo,miniature
frontier-pathways-scenic-and-historic-byway-2108,Frontier Pathways Scenic and Historic Byway,CO,national,draft,3,1,2,0,no,yes,photo,miniature
gold-belt-tour-scenic-and-historic-byway-2109,Gold Belt Tour Scenic and Historic Byway,CO,national,draft,3,1,2,1,no,yes,photo,miniature
grand-mesa-scenic-and-historic-byway-2103,Grand Mesa Scenic and Historic Byway,CO,national,draft,3,1,3,1,no,yes,photo,miniature
guanella-pass-road-2110,Guanella Pass Road,CO,state,draft,3,1,3,0,no,yes,photo,miniature
highway-of-legends-2100,Highway of Legends,CO,other,draft,3,1,1,0,no,yes,photo,miniature
lariat-loop-scenic-and-historic-byway-49776,Lariat Loop Scenic and Historic Byway,CO,national,draft,3,1,3,1,no,yes,photo,miniature
los-caminos-antiguos-2111,Los Caminos Antiguos,CO,state,draft,3,1,3,0,no,yes,photo,miniature
mount-evans-scenic-byway-2112,Mount Evans Scenic Byway,CO,state,draft,3,1,1,0,no,yes,photo,miniature
pawnee-pioneer-trails-2113,Pawnee Pioneer Trails,CO,state,draft,3,1,1,0,no,yes,photo,miniature
peak-to-peak-scenic-and-historic-byway-2114,Peak to Peak Scenic and Historic Byway,CO,state,draft,3,1,3,0,no,yes,photo,miniature
san-juan-skyway-2101,San Juan Skyway,CO,national,draft,3,8,3,0,no,yes,photo,miniature
santa-fe-trail-2287,Santa Fe Trail,CO NM,national,draft,6,1,2,0,no,yes,photo,miniature
silver-thread-scenic-byway-2116,Silver Thread Scenic Byway,CO,state,draft,3,1,0,0,no,yes,photo,miniature
south-platte-river-trail-2117,South Platte River Trail,CO,state,draft,3,1,2,0,no,yes,photo,miniature
top-of-the-rockies-2119,Top of the Rockies,CO,national,draft,3,1,1,2,no,yes,photo,miniature
tracks-across-borders-990801,Tracks Across Borders,CO,state,draft,3,1,1,0,no,yes,photo,miniature
trail-of-the-ancients-2597,Trail of the Ancients,CO UT,national,draft,6,1,3,0,no,yes,photo,miniature
trail-ridge-road-beaver-meadow-road-2102,Trail Ridge Road/Beaver Meadow Road,CO,national,draft,3,1,3,1,no,yes,photo,miniature
unaweep-tabeguache-scenic-and-historic-byway-2121,Unaweep/Tabeguache Scenic and Historic Byway,CO,other,draft,3,1,3,0,no,yes,photo,miniature
west-elk-loop-2120,West Elk Loop,CO,state,draft,3,1,3,0,no,yes,photo,miniature
barkhamsted-reservoir-roads-990912,Barkhamsted Reservoir roads,CT,state,draft,4,1,3,0,no,yes,photo,miniature
colebrook-990914,Colebrook,CT,state,draft,3,1,3,0,no,yes,photo,miniature
connecticut-state-route-169-2451,Connecticut State Route 169,CT,national,draft,4,1,3,0,no,yes,photo,miniature
east-haddam-bridge-and-route-149-990928,East Haddam Bridge and Route 149,CT,state,draft,4,1,3,0,no,yes,photo,miniature
farmington-river-to-collinsville-990909,Farmington River to Collinsville,CT,state,draft,3,1,3,0,no,yes,photo,miniature
harwinton-990908,Harwinton,CT,state,none,2,1,2,0,no,yes,photo,story + miniature
lake-waramaug-and-new-preston-990905,Lake Waramaug and New Preston,CT,state,draft,5,1,3,0,no,yes,photo,miniature
litchfield-990907,Litchfield,CT,state,draft,4,1,3,0,no,yes,photo,miniature
lyme-hadlyme-ferry-road-and-hamburg-990929,Lyme: Hadlyme ferry road and Hamburg,CT,state,draft,3,1,3,0,no,yes,photo,miniature
merritt-parkway-2452,Merritt Parkway,CT,national,draft,5,1,3,0,no,yes,photo,miniature
route-10-farmington-990911,"Route 10, Farmington",CT,state,draft,3,1,2,0,no,yes,photo,miniature
route-109-washington-990906,"Route 109, Washington",CT,state,none,2,1,3,0,no,yes,photo,story + miniature
route-136-westport-990920,"Route 136, Westport",CT,state,none,2,1,3,0,no,yes,photo,story + miniature
route-146-branford-to-guilford-990923,"Route 146, Branford to Guilford",CT,state,draft,3,1,3,0,no,yes,photo,miniature
route-151-middle-haddam-990930,"Route 151, Middle Haddam",CT,state,none,2,1,3,0,no,yes,photo,story + miniature
route-154-haddam-990927,"Route 154, Haddam",CT,state,draft,3,1,3,0,no,yes,photo,miniature
route-154-old-saybrook-and-fenwick-990926,"Route 154, Old Saybrook and Fenwick",CT,state,none,2,1,3,0,no,yes,photo,story + miniature
route-160-glastonbury-ferry-road-990931,"Route 160, Glastonbury ferry road",CT,state,draft,3,1,3,0,no,yes,photo,miniature
route-164-preston-city-990935,"Route 164, Preston City",CT,state,none,2,1,3,0,no,yes,photo,story + miniature
route-207-hebron-to-sprague-990938,"Route 207, Hebron to Sprague",CT,state,draft,3,1,3,0,no,yes,photo,miniature
route-234-pequot-trail-990937,"Route 234, Pequot Trail",CT,state,none,2,1,3,0,no,yes,photo,story + miniature
route-244-pomfret-990934,"Route 244, Pomfret",CT,state,none,2,1,3,0,no,yes,photo,story + miniature
route-27-old-mystic-990936,"Route 27, Old Mystic",CT,state,none,2,1,3,0,no,yes,photo,story + miniature
route-272-norfolk-990915,"Route 272, Norfolk",CT,state,draft,3,1,3,0,no,yes,photo,miniature
route-33-wilton-990917,"Route 33, Wilton",CT,state,draft,3,1,3,0,no,yes,photo,miniature
route-4-sharon-to-cornwall-bridge-990902,"Route 4, Sharon to Cornwall Bridge",CT,state,draft,3,1,3,0,no,yes,photo,miniature
route-41-sharon-and-salisbury-990903,"Route 41, Sharon and Salisbury",CT,state,draft,5,1,3,0,no,yes,photo,miniature
route-53-redding-990918,"Route 53, Redding",CT,state,draft,3,1,3,0,no,yes,photo,miniature
route-58-easton-990919,"Route 58, Easton",CT,state,draft,3,1,3,0,no,yes,photo,miniature
route-69-burlington-990910,"Route 69, Burlington",CT,state,none,2,1,3,0,no,yes,photo,story + miniature
route-75-suffield-990940,"Route 75, Suffield",CT,state,none,2,1,3,0,no,yes,photo,story + miniature
route-77-guilford-to-durham-990924,"Route 77, Guilford to Durham",CT,state,draft,3,1,3,0,no,yes,photo,miniature
route-97-abington-to-pomfret-center-990933,"Route 97, Abington to Pomfret Center",CT,state,none,2,1,3,0,no,yes,photo,story + miniature
routes-79-and-80-north-madison-990922,"Routes 79 and 80, North Madison",CT,state,draft,3,0,3,0,no,yes,street frame,miniature
roxbury-990916,Roxbury,CT,state,draft,3,1,3,0,no,yes,photo,miniature
state-routes-49-and-14a-2461,State Routes 49 & 14A,CT,state,draft,4,1,3,0,no,yes,photo,miniature
tolland-green-990939,Tolland Green,CT,state,none,2,1,2,0,no,yes,photo,story + miniature
us-1-madison-990921,"US 1, Madison",CT,state,none,2,1,3,0,no,yes,photo,story + miniature
us-1-old-lyme-990925,"US 1, Old Lyme",CT,state,none,2,1,2,0,no,yes,photo,story + miniature
us-202-new-hartford-990913,"US 202, New Hartford",CT,state,none,2,1,3,0,no,yes,photo,story + miniature
us-44-salisbury-990904,"US 44, Salisbury",CT,state,draft,3,1,3,0,no,yes,photo,miniature
us-7-kent-to-canaan-990901,"US 7, Kent to Canaan",CT,state,draft,4,1,3,0,no,yes,photo,miniature
windham-center-and-scotland-990932,Windham Center and Scotland,CT,state,draft,4,1,3,0,no,yes,photo,miniature
brandywine-valley-scenic-byway-57779,Brandywine Valley Scenic Byway,DE,national,draft,4,1,3,0,no,yes,photo,miniature
harriet-tubman-underground-railroad-byway-991001,Harriet Tubman Underground Railroad Byway,DE,state,draft,3,1,3,0,no,yes,photo,miniature
historic-lewes-byway-gateway-to-the-bayshore-991002,"Historic Lewes Byway, Gateway to the Bayshore",DE,state,draft,3,1,2,0,no,yes,photo,miniature
nanticoke-heritage-byway-991003,Nanticoke Heritage Byway,DE,state,draft,3,1,1,0,no,yes,photo,miniature
red-clay-valley-scenic-byway-61897,Red Clay Valley Scenic Byway,DE,state,draft,3,1,2,0,no,yes,photo,miniature
route-9-coastal-heritage-scenic-byway-2334,Route 9 Coastal Heritage Scenic Byway,DE,state,draft,4,1,2,0,no,yes,photo,miniature
a1a-ocean-islands-trail-991201,A1A Ocean Islands Trail,FL,state,draft,3,1,3,0,no,yes,photo,miniature
a1a-ocean-shore-scenic-highway-2556,A1A Ocean Shore Scenic Highway,FL,state,none,0,1,3,0,no,yes,photo,story + miniature
a1a-river-to-sea-trail-2557,A1A River to Sea Trail,FL,state,none,0,1,3,0,no,yes,photo,story + miniature
a1a-scenic-and-historic-coastal-byway-2477,A1A Scenic & Historic Coastal Byway,FL,national,draft,4,1,2,1,no,yes,photo,miniature
apalachee-savannahs-scenic-byway-55330,Apalachee Savannahs Scenic Byway,FL,other,draft,4,0,1,0,no,yes,street frame,miniature
big-bend-scenic-byway-2599,Big Bend Scenic Byway,FL,national,draft,4,1,3,0,no,yes,photo,miniature
bradenton-beach-scenic-highway-2465,Bradenton Beach Scenic Highway,FL,state,none,2,1,3,0,no,yes,photo,story + miniature
broward-county-a1a-scenic-highway-81355,Broward County A1A Scenic Highway,FL,state,draft,3,1,3,0,no,yes,photo,miniature
courtney-campbell-scenic-highway-71112,Courtney Campbell Scenic Highway,FL,state,draft,4,1,3,0,no,yes,photo,miniature
florida-black-bear-scenic-byway-75864,Florida Black Bear Scenic Byway,FL,national,draft,3,1,3,1,no,yes,photo,miniature
florida-keys-scenic-highway-2555,Florida Keys Scenic Highway,FL,national,draft,3,1,3,1,no,yes,photo,miniature
green-mountain-scenic-byway-2327,Green Mountain Scenic Byway,FL,state,draft,3,1,3,0,no,yes,photo,miniature
heritage-crossroads-miles-of-history-heritage-highway-75865,Heritage Crossroads: Miles of History Heritage Highway,FL,state,draft,4,0,3,0,no,yes,street frame,miniature
indian-river-lagoon-treasure-coast-scenic-highway-71113,Indian River Lagoon - Treasure Coast Scenic Highway,FL,state,draft,3,1,3,0,no,yes,photo,miniature
indian-river-lagoon-national-scenic-byway-16199,Indian River Lagoon National Scenic Byway,FL,national,draft,3,1,3,0,no,yes,photo,miniature
j-c-penney-memorial-scenic-highway-991202,J.C. Penney Memorial Scenic Highway,FL,state,draft,3,1,2,0,no,yes,photo,miniature
lemon-bay-myakka-trail-2492,Lemon Bay/Myakka Trail,FL,state,none,2,1,3,0,no,yes,photo,story + miniature
martin-grade-scenic-highway-991203,Martin Grade Scenic Highway,FL,state,draft,3,1,3,0,no,yes,photo,miniature
old-florida-heritage-highway-2464,Old Florida Heritage Highway,FL,state,draft,3,1,3,0,no,yes,photo,miniature
ormond-scenic-loop-and-trail-75866,Ormond Scenic Loop & Trail,FL,national,draft,4,1,3,1,no,yes,photo,miniature
palma-sola-scenic-highway-2328,Palma Sola Scenic Highway,FL,state,draft,3,0,1,0,no,yes,street frame,miniature
pensacola-scenic-bluffs-highway-10735,Pensacola Scenic Bluffs Highway,FL,state,draft,3,0,3,0,no,yes,street frame,miniature
river-of-lakes-heritage-corridor-scenic-highway-81354,River of Lakes Heritage Corridor Scenic Highway,FL,state,draft,3,1,2,0,no,yes,photo,miniature
scenic-highway-30-a-81351,Scenic Highway 30-A,FL,state,draft,4,0,3,0,no,yes,street frame,miniature
scenic-sumter-heritage-byway-991204,Scenic Sumter Heritage Byway,FL,state,draft,3,1,3,0,no,yes,photo,miniature
suncoast-scenic-parkway-71114,Suncoast Scenic Parkway,FL,other,none,2,1,3,0,no,yes,photo,story + miniature
tamiami-trail-windows-to-the-gulf-coast-waters-scenic-highway-2329,Tamiami Trail - Windows to the Gulf Coast Waters Scenic Highway,FL,state,draft,3,0,2,0,no,yes,street frame,miniature
the-ridge-scenic-highway-71115,The Ridge Scenic Highway,FL,state,draft,3,1,3,0,no,yes,photo,miniature
william-bartram-scenic-and-historic-trail-71029,William Bartram Scenic and Historic Trail,FL,state,none,2,0,3,0,no,yes,street frame,story + miniature
altamaha-historic-scenic-byway-53911,Altamaha Historic Scenic Byway,GA,state,draft,3,1,0,0,no,yes,photo,miniature
cohutta-chattahoochee-scenic-byway-53910,Cohutta-Chattahoochee Scenic Byway,GA,state,none,3,1,2,0,no,yes,photo,story + miniature
enduring-farmlands-scenic-byway-81456,Enduring Farmlands Scenic Byway,GA,state,none,2,1,2,0,no,yes,photo,story + miniature
historic-effingham-ebenezer-scenic-byway-81455,Historic Effingham-Ebenezer Scenic Byway,GA,state,none,2,1,1,0,no,yes,photo,story + miniature
historic-piedmont-scenic-byway-53912,Historic Piedmont Scenic Byway,GA,state,none,2,1,2,0,no,yes,photo,story + miniature
interstate-185-2336,Interstate 185,GA,state,none,2,1,3,0,no,yes,photo,story + miniature
meriwether-pike-scenic-byway-69743,Meriwether-Pike Scenic Byway,GA,state,none,3,1,3,0,no,yes,photo,story + miniature
millen-jenkins-county-scenic-byway-2335,Millen-Jenkins County Scenic Byway,GA,state,none,3,1,0,0,no,yes,photo,story + miniature
monticello-crossroads-scenic-byway-13245,Monticello Crossroads Scenic Byway,GA,state,none,2,1,2,0,no,yes,photo,story + miniature
ocmulgee-piedmont-scenic-byway-70282,Ocmulgee-Piedmont Scenic Byway,GA,state,none,3,1,3,0,no,yes,photo,story + miniature
ridge-and-valley-scenic-byway-15724,Ridge and Valley Scenic Byway,GA,state,none,3,1,3,0,no,yes,photo,story + miniature
russell-brasstown-national-scenic-byway-13739,Russell-Brasstown National Scenic Byway,GA,national,draft,3,1,3,0,no,yes,photo,miniature
south-fulton-scenic-byway-15766,South Fulton Scenic Byway,GA,state,none,2,1,2,0,no,yes,photo,story + miniature
warren-county-piedmont-scenic-byway-extension-72977,Warren County-Piedmont Scenic Byway Extension,GA,state,none,2,1,1,0,no,yes,photo,story + miniature
chain-of-craters-road-13751,Chain of Craters Road,HI,other,none,2,1,3,0,no,yes,photo,story + miniature
hwy-137-the-red-road-scenic-byway-991502,HWY 137 – The Red Road Scenic Byway,HI,state,none,3,1,3,0,no,yes,photo,story + miniature
ka-u-scenic-byway-the-slopes-of-mauna-loa-991501,Kaʻū Scenic Byway – The Slopes of Mauna Loa,HI,state,none,3,1,3,0,no,yes,photo,story + miniature
mamalahoa-kona-heritage-corridor-81305,Mamalahoa Kona Heritage Corridor,HI,state,none,3,1,1,0,no,yes,photo,story + miniature
road-to-hana-980002,Road to Hana,HI,classic drive,none,0,1,2,0,no,yes,photo,story + miniature
royal-footsteps-along-the-kona-coast-81463,Royal Footsteps Along the Kona Coast,HI,state,none,3,1,1,0,no,yes,photo,story + miniature
covered-bridges-scenic-byway-991902,Covered Bridges Scenic Byway,IA,state,none,3,1,0,0,no,yes,photo,story + miniature
delaware-crossing-scenic-byway-72938,Delaware Crossing Scenic Byway,IA,state,none,3,1,0,0,no,yes,photo,story + miniature
driftless-area-scenic-byway-2315,Driftless Area Scenic Byway,IA,state,none,3,1,0,0,no,yes,photo,story + miniature
grant-wood-scenic-byway-2183,Grant Wood Scenic Byway,IA,state,none,3,1,1,0,no,yes,photo,story + miniature
historic-hills-scenic-byway-2185,Historic Hills Scenic Byway,IA,state,none,3,1,1,0,no,yes,photo,story + miniature
iowa-valley-scenic-byway-2316,Iowa Valley Scenic Byway,IA,state,none,3,1,2,0,no,yes,photo,story + miniature
jefferson-highway-heritage-byway-991903,Jefferson Highway Heritage Byway,IA,state,none,3,1,2,0,no,yes,photo,story + miniature
lincoln-highway-heritage-byway-991901,Lincoln Highway Heritage Byway,IA,state,none,3,1,2,0,no,yes,photo,story + miniature
loess-hills-scenic-byway-2187,Loess Hills Scenic Byway,IA,national,draft,4,1,1,1,no,yes,photo,miniature
old-o-brien-glacial-trail-scenic-byway-2317,Old O'Brien Glacial Trail Scenic Byway,IA,state,none,3,1,0,0,no,yes,photo,story + miniature
river-bluffs-scenic-byway-2184,River Bluffs Scenic Byway,IA,state,none,3,1,1,0,no,yes,photo,story + miniature
western-skies-scenic-byway-2186,Western Skies Scenic Byway,IA,state,none,3,1,0,0,no,yes,photo,story + miniature
white-pole-road-scenic-byway-991904,White Pole Road Scenic Byway,IA,state,none,3,1,0,0,no,yes,photo,story + miniature
city-of-rocks-back-country-byway-10998,City of Rocks Back Country Byway,ID,state,none,3,1,2,0,no,yes,photo,story + miniature
elk-river-backcountry-byway-64475,Elk River Backcountry Byway,ID,state,none,3,1,0,0,no,yes,photo,story + miniature
fort-henry-historic-byway-2594,Fort Henry Historic Byway,ID,state,none,3,1,0,0,no,yes,photo,story + miniature
gold-rush-historic-byway-2591,Gold Rush Historic Byway,ID,state,none,3,1,0,0,no,yes,photo,story + miniature
hells-canyon-scenic-byway-idaho-2048,Hells Canyon Scenic Byway - Idaho,ID,state,none,3,1,0,0,no,yes,photo,story + miniature
international-selkirk-loop-2486,International Selkirk Loop,ID WA,national,draft,6,1,3,1,no,yes,photo,miniature
lake-coeur-d-alene-scenic-byway-2039,Lake Coeur d'Alene Scenic Byway,ID,state,none,3,1,1,0,no,yes,photo,story + miniature
lewis-and-clark-back-country-byway-13545,Lewis and Clark Back Country Byway,ID,state,draft,4,1,0,0,no,yes,photo,miniature
lost-gold-trails-loop-2592,Lost Gold Trails Loop,ID,state,none,3,0,1,0,no,yes,street frame,story + miniature
lower-payette-river-heritage-byway-991601,Lower Payette River Heritage Byway,ID,state,none,3,1,0,0,no,yes,photo,story + miniature
main-oregon-trail-back-country-byway-81053,Main Oregon Trail Back Country Byway,ID,state,none,3,1,1,0,no,no,photo,story + miniature + strip
mesa-falls-scenic-byway-2047,Mesa Falls Scenic Byway,ID,state,none,3,1,0,0,no,yes,photo,story + miniature
northwest-passage-scenic-byway-2043,Northwest Passage Scenic Byway,ID,national,draft,3,1,2,1,no,yes,photo,miniature
oregon-trail-bear-lake-scenic-byway-2045,Oregon Trail-Bear Lake Scenic Byway,ID,state,none,3,1,0,0,no,yes,photo,story + miniature
owyhee-uplands-back-country-byway-13544,Owyhee Uplands Back Country Byway,ID,state,none,3,1,0,0,no,yes,photo,story + miniature
panhandle-historic-rivers-passage-scenic-byway-13574,Panhandle Historic Rivers Passage Scenic Byway,ID,state,none,3,1,0,0,no,yes,photo,story + miniature
payette-river-scenic-byway-2037,Payette River Scenic Byway,ID,national,draft,3,1,3,1,no,yes,photo,miniature
peaks-to-craters-scenic-byway-77822,Peaks to Craters Scenic Byway,ID,state,none,3,1,2,0,no,yes,photo,story + miniature
pend-oreille-scenic-byway-2044,Pend Oreille Scenic Byway,ID,national,draft,3,1,3,1,no,yes,photo,miniature
pioneer-historic-byway-2049,Pioneer Historic Byway,ID,national,draft,3,1,1,0,no,yes,photo,miniature
ponderosa-pine-scenic-byway-2041,Ponderosa Pine Scenic Byway,ID,state,none,3,1,3,0,no,yes,photo,story + miniature
sacajawea-historic-byway-52933,Sacajawea Historic Byway,ID,state,none,3,1,0,0,no,yes,photo,story + miniature
salmon-river-scenic-byway-2042,Salmon River Scenic Byway,ID,state,none,3,1,1,0,no,yes,photo,story + miniature
sawtooth-scenic-byway-2400,Sawtooth Scenic Byway,ID,state,none,3,1,3,0,no,yes,photo,story + miniature
snake-river-canyon-scenic-byway-2337,Snake River Canyon Scenic Byway,ID,state,none,3,1,0,0,no,yes,photo,story + miniature
st-joe-river-scenic-byway-64460,St. Joe River Scenic Byway,ID,state,none,3,1,0,0,no,yes,photo,story + miniature
teton-scenic-byway-2046,Teton Scenic Byway,ID,state,none,3,1,3,0,no,yes,photo,story + miniature
thousand-springs-scenic-byway-2038,Thousand Springs Scenic Byway,ID,state,none,3,1,1,0,no,yes,photo,story + miniature
western-heritage-historic-byway-2593,Western Heritage Historic Byway,ID,national,draft,3,1,3,0,no,yes,photo,miniature
white-pine-scenic-byway-2040,White Pine Scenic Byway,ID,state,none,3,1,0,0,no,yes,photo,story + miniature
wild-horse-trail-scenic-byway-52865,Wild Horse Trail Scenic Byway,ID,state,none,3,1,2,0,no,yes,photo,story + miniature
wildlife-canyon-scenic-byway-13603,Wildlife Canyon Scenic Byway,ID,state,none,3,1,0,0,no,yes,photo,story + miniature
historic-national-road-2278,Historic National Road,IL IN MD OH PA WV,national,draft,20,1,3,1,no,yes,photo,miniature
illinois-river-road-58611,Illinois River Road,IL,national,draft,3,1,1,2,no,yes,photo,miniature
lincoln-highway-13750,Lincoln Highway,IL,national,draft,3,1,1,0,no,yes,photo,miniature
meeting-of-the-great-rivers-scenic-route-10393,Meeting of the Great Rivers Scenic Route,IL,national,draft,4,1,1,0,no,yes,photo,miniature
ohio-river-scenic-byway-2286,Ohio River Scenic Byway,IL IN OH,national,draft,9,1,3,1,no,yes,photo,miniature
indiana-s-historic-pathways-76130,Indiana's Historic Pathways,IN,national,draft,3,1,3,1,no,yes,photo,miniature
river-road-scenic-byway-74703,River Road Scenic Byway,IN,state,none,2,1,3,0,no,no,photo,story + miniature + strip
the-historic-michigan-road-byway-81469,The Historic Michigan Road Byway,IN,state,none,2,1,1,0,no,yes,photo,story + miniature
the-indiana-lincoln-highway-byway-81470,The Indiana Lincoln Highway Byway,IN,state,none,3,1,2,0,no,yes,photo,story + miniature
whitewater-canal-scenic-byway-74696,Whitewater Canal Scenic Byway,IN,state,none,3,1,1,0,no,yes,photo,story + miniature
flint-hills-scenic-byway-2095,Flint Hills Scenic Byway,KS,national,draft,5,1,3,1,no,yes,photo,miniature
frontier-military-historic-byway-2096,Frontier Military Historic Byway,KS,state,draft,5,1,3,0,no,yes,photo,miniature
glacial-hills-scenic-byway-43415,Glacial Hills Scenic Byway,KS,state,draft,4,1,3,0,no,yes,photo,miniature
gypsum-hills-scenic-byway-2266,Gypsum Hills Scenic Byway,KS,state,draft,5,0,2,0,no,yes,street frame,miniature
kansas-historic-route-66-byway-81471,Kansas Historic Route 66 Byway,KS,state,none,3,1,3,0,no,yes,photo,story + miniature
kansas-pony-express-historic-byway-992002,Kansas Pony Express Historic Byway,KS,state,none,3,1,3,0,no,yes,photo,story + miniature
land-and-sky-scenic-byway-992001,Land and Sky Scenic Byway,KS,state,draft,4,1,1,0,no,yes,photo,miniature
native-stone-scenic-byway-72337,Native Stone Scenic Byway,KS,state,draft,4,1,3,0,no,yes,photo,miniature
post-rock-scenic-byway-12859,Post Rock Scenic Byway,KS,state,none,3,1,0,0,no,no,photo,story + miniature + strip
prairie-trail-scenic-byway-2338,Prairie Trail Scenic Byway,KS,state,draft,4,1,0,0,no,yes,photo,miniature
smoky-valley-scenic-byway-54099,Smoky Valley Scenic Byway,KS,state,draft,4,1,1,0,no,yes,photo,miniature
western-vistas-historic-byway-81451,Western Vistas Historic Byway,KS,state,none,3,1,3,0,no,yes,photo,story + miniature
wetlands-and-wildlife-scenic-byway-59011,Wetlands and Wildlife Scenic Byway,KS,national,draft,4,1,2,0,no,yes,photo,miniature
big-bone-lick-scenic-byway-2126,Big Bone Lick Scenic Byway,KY,state,none,3,0,0,0,no,yes,illustration only,story + picture + miniature
blues-to-bluegrass-scenic-byway-bill-monroe-bluegrass-trail-992101,Blues to Bluegrass Scenic Byway (Bill Monroe Bluegrass Trail),KY,state,none,3,0,1,0,no,yes,street frame,story + miniature
blues-to-bluegrass-scenic-byway-everly-brothers-rock-n-roll-trail-992102,Blues to Bluegrass Scenic Byway (Everly Brothers Rock-N-Roll Trail),KY,state,none,3,1,3,0,no,yes,photo,story + miniature
blues-to-bluegrass-scenic-byway-w-c-handy-blues-trail-992103,Blues to Bluegrass Scenic Byway (W.C. Handy Blues Trail),KY,state,none,3,1,1,0,no,yes,photo,story + miniature
boone-creek-scenic-byway-2125,Boone Creek Scenic Byway,KY,state,none,3,0,0,0,no,yes,illustration only,story + picture + miniature
cordell-hull-highway-2124,Cordell Hull Highway,KY,state,none,3,1,3,0,no,yes,photo,story + miniature
country-music-highway-2567,Country Music Highway,KY,national,draft,3,1,3,0,no,yes,photo,miniature
cumberland-cultural-heritage-highway-2565,Cumberland Cultural Heritage Highway,KY,other,none,3,0,3,0,no,yes,street frame,story + miniature
daniel-boone-heritage-trail-992117,Daniel Boone Heritage Trail,KY,state,none,0,0,0,0,no,yes,illustration only,story + picture + miniature
duncan-hines-scenic-road-2098,Duncan Hines Scenic Road,KY,state,none,3,1,3,0,no,yes,photo,story + miniature
highway-524-loop-992104,Highway 524 Loop,KY,state,none,2,0,0,0,no,yes,illustration only,story + picture + miniature
hughes-lane-992105,Hughes Lane,KY,state,none,2,0,0,0,no,no,illustration only,story + picture + miniature + strip
ironworks-pike-992106,Ironworks Pike,KY,state,none,2,0,0,0,no,yes,illustration only,story + picture + miniature
ky-160-black-mountain-992107,KY 160-Black Mountain,KY,state,none,3,1,0,0,no,yes,photo,story + miniature
ky-89-992108,KY 89,KY,state,none,2,0,0,0,no,yes,illustration only,story + picture + miniature
lincoln-heritage-scenic-highway-2348,Lincoln Heritage Scenic Highway,KY,national,draft,3,1,2,0,no,yes,photo,miniature
mary-ingles-highway-992109,Mary Ingles Highway,KY,state,none,3,1,2,0,no,yes,photo,story + miniature
midway-versailles-road-us-62-2122,Midway-Versailles Road (US-62),KY,state,none,2,1,0,0,no,yes,photo,story + miniature
north-cleveland-road-992110,North Cleveland Road,KY,state,none,2,0,0,0,no,yes,illustration only,story + picture + miniature
old-frankfort-pike-2099,Old Frankfort Pike,KY,state,none,3,1,0,0,no,yes,photo,story + miniature
old-kentucky-turnpike-2133,Old Kentucky Turnpike,KY,state,none,3,1,0,0,no,yes,photo,story + miniature
old-richmond-road-and-grimes-mill-road-992111,Old Richmond Road and Grimes Mill Road,KY,state,none,0,0,1,0,no,yes,street frame,story + miniature
pine-mountain-road-2132,Pine Mountain Road,KY,state,none,3,0,0,0,no,yes,illustration only,story + picture + miniature
pisgah-pike-scenic-byway-2131,Pisgah Pike Scenic Byway,KY,state,none,2,0,0,0,no,yes,illustration only,story + picture + miniature
red-river-gorge-scenic-byway-2482,Red River Gorge Scenic Byway,KY,national,draft,3,1,1,0,no,yes,photo,miniature
ridgetop-scenic-byway-992112,Ridgetop Scenic Byway,KY,state,none,0,0,0,0,no,yes,illustration only,story + picture + miniature
river-road-2130,River Road,KY,state,none,2,0,2,0,no,yes,street frame,story + miniature
riverboat-row-scenic-byway-2129,Riverboat Row Scenic Byway,KY,state,none,2,0,1,0,no,no,street frame,story + miniature + strip
russell-cave-road-992113,Russell Cave Road,KY,state,none,3,0,0,0,no,yes,illustration only,story + picture + miniature
shakertown-road-2128,Shakertown Road,KY,state,none,2,1,0,0,no,yes,photo,story + miniature
us-42-74950,US 42,KY,state,none,2,1,0,0,no,yes,photo,story + miniature
us-68-scenic-byway-2127,US 68 Scenic Byway,KY,state,none,3,1,3,0,no,yes,photo,story + miniature
van-meter-rice-and-elkchester-roads-992114,"Van Meter, Rice, and Elkchester Roads",KY,state,none,3,0,0,0,no,yes,illustration only,story + picture + miniature
wilderness-road-heritage-highway-2566,Wilderness Road Heritage Highway,KY,national,draft,3,1,3,0,no,yes,photo,miniature
winchester-road-corridor-992115,Winchester Road Corridor,KY,state,none,2,0,0,0,no,yes,illustration only,story + picture + miniature
woodlands-trace-2345,Woodlands Trace,KY TN,national,draft,6,1,0,0,no,yes,photo,miniature
zollicoffer-thomas-scenic-byway-992116,Zollicoffer-Thomas Scenic Byway,KY,state,none,0,1,0,0,no,yes,photo,story + miniature
attakapas-coushatta-scenic-byway-52924,Attakapas-Coushatta Scenic Byway,LA,state,none,3,1,3,0,no,yes,photo,story + miniature
bayou-teche-scenic-byway-2066,Bayou Teche Scenic Byway,LA,state,none,3,1,3,0,no,yes,photo,story + miniature
bienville-trace-scenic-byway-2067,Bienville Trace Scenic Byway,LA,state,none,0,1,3,0,no,yes,photo,story + miniature
cajun-corridor-byway-992201,Cajun Corridor Byway,LA,state,none,3,1,3,0,no,yes,photo,story + miniature
cane-river-national-heritage-trail-scenic-byway-992205,Cane River National Heritage Trail Scenic Byway,LA,state,none,3,1,3,0,no,yes,photo,story + miniature
colonial-trails-scenic-byway-52925,Colonial Trails Scenic Byway,LA,state,none,2,1,3,0,no,yes,photo,story + miniature
creole-nature-trail-2454,Creole Nature Trail,LA,national,draft,3,1,3,1,no,yes,photo,miniature
flyway-byway-992202,Flyway Byway,LA,state,none,3,1,3,0,no,yes,photo,story + miniature
historic-us-80-992203,Historic US 80,LA,state,none,3,1,3,0,no,yes,photo,story + miniature
jean-lafitte-scenic-byway-2069,Jean Lafitte Scenic Byway,LA,state,none,0,1,2,0,no,yes,photo,story + miniature
longleaf-trail-scenic-byway-2070,Longleaf Trail Scenic Byway,LA,state,none,3,1,0,0,no,yes,photo,story + miniature
louisiana-scenic-bayou-byway-2074,Louisiana Scenic Bayou Byway,LA,state,none,0,1,3,0,no,yes,photo,story + miniature
northup-trail-992208,Northup Trail,LA,state,none,3,1,3,0,no,yes,photo,story + miniature
northwest-louisiana-scenic-byway-2068,Northwest Louisiana Scenic Byway,LA,state,draft,4,1,3,0,no,yes,photo,miniature
promised-land-scenic-byway-2073,Promised Land Scenic Byway,LA,state,none,0,1,3,0,no,yes,photo,story + miniature
river-road-scenic-byway-2075,River Road Scenic Byway,LA,state,none,0,1,3,0,no,yes,photo,story + miniature
san-bernardo-scenic-byway-2076,San Bernardo Scenic Byway,LA,state,none,3,1,2,0,no,yes,photo,story + miniature
southern-swamp-byway-992206,Southern Swamp Byway,LA,state,none,3,1,3,0,no,yes,photo,story + miniature
the-real-french-destination-scenic-byway-2071,The Real French Destination Scenic Byway,LA,state,none,0,1,3,0,no,yes,photo,story + miniature
toledo-bend-forest-scenic-byway-2077,Toledo Bend Forest Scenic Byway,LA,state,none,3,1,2,0,no,yes,photo,story + miniature
tunica-trace-scenic-byway-2078,Tunica Trace Scenic Byway,LA,state,none,3,1,3,0,no,yes,photo,story + miniature
wetlands-cultural-trail-2072,Wetlands Cultural Trail,LA,state,none,3,1,3,0,no,yes,photo,story + miniature
zachary-taylor-parkway-992207,Zachary Taylor Parkway,LA,state,none,3,1,3,0,no,yes,photo,story + miniature
zydeco-cajun-prairie-scenic-byway-992204,Zydeco Cajun Prairie Scenic Byway,LA,state,none,3,1,3,0,no,yes,photo,story + miniature
battle-road-scenic-byway-75243,Battle Road Scenic Byway,MA,state,none,3,1,3,0,no,no,photo,story + miniature + strip
blackstone-canal-heritage-highway-992501,Blackstone Canal Heritage Highway,MA,state,none,3,1,3,0,no,yes,photo,story + miniature
chappaquiddick-road-992502,Chappaquiddick Road,MA,state,none,3,1,0,0,no,yes,photo,story + miniature
connecticut-river-byway-2487,Connecticut River Byway,MA NH VT,national,draft,10,1,3,0,no,yes,photo,miniature
essex-coastal-scenic-byway-66285,Essex Coastal Scenic Byway,MA,state,none,3,1,1,0,no,yes,photo,story + miniature
jacob-s-ladder-trail-route-20-13418,Jacob's Ladder Trail (Route 20),MA,state,none,3,1,3,0,no,yes,photo,story + miniature
lost-villages-scenic-byway-81478,Lost Villages Scenic Byway,MA,state,none,3,1,1,0,no,yes,photo,story + miniature
minuteman-highway-992503,Minuteman Highway,MA,state,none,2,1,3,0,no,no,photo,story + miniature + strip
mohawk-trail-ma-2585,Mohawk Trail - MA,MA,state,draft,4,1,3,0,no,yes,photo,miniature
mount-greylock-scenic-byway-2569,Mount Greylock Scenic Byway,MA,state,none,3,1,3,0,no,yes,photo,story + miniature
old-king-s-highway-route-6a-13419,Old King's Highway (Route 6A),MA,state,none,3,1,3,0,no,yes,photo,story + miniature
route-112-scenic-byway-75246,Route 112 Scenic Byway,MA,state,none,3,1,3,0,no,yes,photo,story + miniature
route-116-scenic-byway-992504,Route 116 Scenic Byway,MA,state,none,3,1,3,0,no,yes,photo,story + miniature
taconic-trail-992505,Taconic Trail,MA,state,none,3,0,3,0,no,no,street frame,story + miniature + strip
antietam-campaign-byway-69085,Antietam Campaign Byway,MD,state,none,3,1,3,0,no,yes,photo,story + miniature
baltimore-s-historic-charles-street-2271,Baltimore's Historic Charles Street,MD,national,draft,3,1,1,0,no,yes,photo,miniature
blue-crab-scenic-byway-60591,Blue Crab Scenic Byway,MD,state,none,0,1,3,0,no,yes,photo,story + miniature
booth-s-escape-2269,Booth's Escape,MD,state,none,3,1,3,0,no,yes,photo,story + miniature
cape-to-cape-992401,Cape to Cape,MD,state,draft,4,1,3,0,no,yes,photo,miniature
chesapeake-and-ohio-canal-byway-69089,Chesapeake and Ohio Canal Byway,MD,state,draft,4,1,2,0,no,yes,photo,miniature
chesapeake-country-scenic-byway-2261,Chesapeake Country Scenic Byway,MD,national,draft,4,1,3,1,no,yes,photo,miniature
falls-road-2272,Falls Road,MD,state,none,3,1,3,0,no,yes,photo,story + miniature
harriet-tubman-underground-railroad-byway-2260,Harriet Tubman Underground Railroad Byway,MD,national,draft,3,1,2,1,no,yes,photo,miniature
horses-and-hounds-scenic-byway-2265,Horses and Hounds Scenic Byway,MD,state,none,3,1,3,0,no,yes,photo,story + miniature
journey-through-hallowed-ground-byway-2343,Journey Through Hallowed Ground Byway,MD PA VA,national,draft,9,1,3,1,no,yes,photo,miniature
lower-susquehanna-scenic-byway-2263,Lower Susquehanna Scenic Byway,MD,state,draft,4,1,3,0,no,yes,photo,miniature
mason-and-dixon-byway-2262,Mason and Dixon Byway,MD,state,draft,4,1,3,0,no,yes,photo,miniature
mountain-maryland-byway-69083,Mountain Maryland Byway,MD,state,draft,5,1,3,0,no,yes,photo,miniature
national-historic-seaport-2270,National Historic Seaport,MD,state,none,0,1,1,0,no,yes,photo,story + miniature
old-main-streets-69091,Old Main Streets,MD,state,none,3,1,3,0,no,yes,photo,story + miniature
religious-freedom-byway-40532,Religious Freedom Byway,MD,national,draft,3,1,3,1,no,yes,photo,miniature
roots-and-tides-byway-2275,Roots and Tides Byway,MD,state,none,3,1,3,0,no,yes,photo,story + miniature
star-spangled-banner-byway-2274,Star-Spangled Banner Byway,MD,state,none,3,1,1,0,no,yes,photo,story + miniature
acadia-all-american-road-13791,Acadia All American Road,ME,national,draft,3,1,3,0,no,yes,photo,miniature
blackwoods-byway-11511,Blackwoods Byway,ME,state,none,3,1,3,0,no,yes,photo,story + miniature
bold-coast-national-scenic-byway-992301,Bold Coast National Scenic Byway,ME,state,draft,4,1,3,1,no,yes,photo,miniature
grafton-notch-scenic-byway-11515,Grafton Notch Scenic Byway,ME,state,none,3,1,0,0,no,yes,photo,story + miniature
grindstone-scenic-byway-71995,Grindstone Scenic Byway,ME,state,none,3,1,1,0,no,yes,photo,story + miniature
million-dollar-view-scenic-byway-11512,Million Dollar View Scenic Byway,ME,state,none,3,1,3,0,no,yes,photo,story + miniature
old-canada-road-scenic-byway-11510,Old Canada Road Scenic Byway,ME,national,draft,4,1,1,0,no,yes,photo,miniature
pequawket-trail-scenic-byway-71996,Pequawket Trail Scenic Byway,ME,state,none,3,1,3,0,no,yes,photo,story + miniature
rangeley-lakes-scenic-byway-13830,Rangeley Lakes Scenic Byway,ME,national,draft,3,1,2,0,no,yes,photo,miniature
schoodic-scenic-byway-13792,Schoodic Scenic Byway,ME,national,draft,4,1,3,0,no,yes,photo,miniature
seboomook-scenic-byway-71994,Seboomook Scenic Byway,ME,state,none,3,1,0,0,no,yes,photo,story + miniature
state-route-11-11513,State Route 11,ME,state,none,3,1,0,0,no,yes,photo,story + miniature
state-route-27-11514,State Route 27,ME,state,none,3,1,0,0,no,yes,photo,story + miniature
black-river-scenic-byway-10780,Black River Scenic Byway,MI,other,draft,4,1,0,0,no,yes,photo,miniature
chief-noonday-992609,Chief Noonday,MI,state,none,3,1,0,0,no,yes,photo,story + miniature
copper-country-trail-13828,Copper Country Trail,MI,national,draft,4,1,3,0,no,yes,photo,miniature
i-69-recreational-992606,I-69 Recreational,MI,state,none,3,1,3,0,no,yes,photo,story + miniature
i-94-marshall-s-territorial-road-992614,I-94 Marshall's Territorial Road,MI,state,draft,4,1,0,0,no,yes,photo,miniature
m-123-tahquamenon-992603,M-123 Tahquamenon,MI,state,draft,4,1,3,0,no,yes,photo,miniature
m-134-north-huron-992610,M-134 North Huron,MI,state,draft,4,1,3,0,no,yes,photo,miniature
m-15-and-m-25-center-avenue-bay-city-992615,M-15 and M-25 Center Avenue/Bay City,MI,state,none,3,1,3,0,no,yes,photo,story + miniature
m-15-pathway-to-family-fun-992607,M-15 Pathway to Family Fun,MI,state,none,3,1,2,0,no,yes,photo,story + miniature
m-22-byway-992601,M-22 Byway,MI,state,draft,4,1,3,0,no,yes,photo,miniature
m-35-hidden-coast-992608,M-35 Hidden Coast,MI,state,none,3,1,3,0,no,yes,photo,story + miniature
m-37-old-mission-peninsula-992602,M-37 Old Mission Peninsula,MI,state,none,3,1,3,0,no,yes,photo,story + miniature
monroe-street-m125-13755,Monroe Street (M125),MI,state,none,3,1,0,0,no,no,photo,story + miniature + strip
river-road-scenic-byway-10781,River Road Scenic Byway,MI,national,draft,4,1,0,0,no,yes,photo,miniature
tunnel-of-trees-m-119-980005,Tunnel of Trees (M-119),MI,classic drive,draft,4,1,3,0,no,yes,photo,miniature
us-12-heritage-trail-992612,US-12 Heritage Trail,MI,state,draft,4,1,3,0,no,yes,photo,miniature
us-2-iron-county-heritage-trail-992613,US-2 Iron County Heritage Trail,MI,state,none,3,1,3,0,no,yes,photo,story + miniature
us-2-top-of-the-lake-992604,US-2 Top of the Lake,MI,state,none,3,1,3,0,no,yes,photo,story + miniature
us-23-sunrise-coast-992605,US-23 Sunrise Coast,MI,state,none,3,1,3,0,no,yes,photo,story + miniature
us-31-west-michigan-pike-992611,US-31 West Michigan Pike,MI,state,draft,4,1,2,0,no,yes,photo,miniature
whitefish-bay-scenic-byway-10782,Whitefish Bay Scenic Byway,MI,other,none,3,1,3,0,no,yes,photo,story + miniature
woodward-avenue-m-1-automotive-heritage-trail-13754,Woodward Avenue (M-1) - Automotive Heritage Trail,MI,national,draft,4,1,1,0,no,yes,photo,miniature
apple-blossom-scenic-drive-2238,Apple Blossom Scenic Drive,MN,state,none,3,1,2,0,no,yes,photo,story + miniature
avenue-of-pines-th-46-deer-river-to-northome-13551,"Avenue of Pines - TH 46, Deer River to Northome",MN,state,none,3,0,1,0,no,yes,street frame,story + miniature
edge-of-the-wilderness-2455,Edge of the Wilderness,MN,national,draft,3,1,0,0,no,yes,photo,miniature
glacial-ridge-trail-scenic-byway-11186,Glacial Ridge Trail Scenic Byway,MN,state,none,3,0,0,0,no,yes,illustration only,story + picture + miniature
grand-rounds-scenic-byway-2243,Grand Rounds Scenic Byway,MN,national,draft,3,0,3,0,no,yes,street frame,miniature
gunflint-trail-scenic-byway-13548,Gunflint Trail Scenic Byway,MN,national,draft,3,1,2,0,no,yes,photo,miniature
highway-75-king-of-trails-scenic-byway-54108,Highway 75- King of Trails Scenic Byway,MN,state,none,2,1,1,0,no,yes,photo,story + miniature
historic-bluff-country-scenic-byway-2240,Historic Bluff Country Scenic Byway,MN,national,draft,3,1,2,0,no,yes,photo,miniature
lady-slipper-scenic-byway-13550,Lady Slipper Scenic Byway,MN,state,none,3,1,0,0,no,yes,photo,story + miniature
lake-country-scenic-byway-13546,Lake Country Scenic Byway,MN,state,none,3,0,2,0,no,yes,street frame,story + miniature
lake-mille-lacs-scenic-byway-992701,Lake Mille Lacs Scenic Byway,MN,state,none,3,1,2,0,no,yes,photo,story + miniature
minnesota-river-valley-scenic-byway-2211,Minnesota River Valley Scenic Byway,MN,national,draft,3,1,1,0,no,yes,photo,miniature
north-shore-scenic-drive-11185,North Shore Scenic Drive,MN,national,draft,3,1,3,0,no,yes,photo,miniature
otter-trail-scenic-byway-2242,Otter Trail Scenic Byway,MN,state,none,3,1,0,0,no,yes,photo,story + miniature
paul-bunyan-scenic-byway-11180,Paul Bunyan Scenic Byway,MN,national,draft,3,1,1,0,no,yes,photo,miniature
shooting-star-wildflower-and-historic-route-scenic-byway-2241,Shooting Star Wildflower and Historic Route Scenic Byway,MN,state,none,3,1,0,0,no,yes,photo,story + miniature
skyline-parkway-scenic-byway-13549,Skyline Parkway Scenic Byway,MN,state,none,3,1,2,0,no,yes,photo,story + miniature
st-croix-scenic-byway-53918,St. Croix Scenic Byway,MN,state,none,3,1,3,0,no,yes,photo,story + miniature
superior-national-forest-scenic-byway-13552,Superior National Forest Scenic Byway,MN,state,none,3,0,1,0,no,yes,street frame,story + miniature
veterans-evergreen-memorial-drive-11184,Veterans Evergreen Memorial Drive,MN,state,none,3,1,0,0,no,yes,photo,story + miniature
waters-of-the-dancing-sky-scenic-byway-11175,Waters of the Dancing Sky Scenic Byway,MN,state,none,3,1,2,0,no,yes,photo,story + miniature
blue-buck-knob-scenic-byway-2295,Blue Buck Knob Scenic Byway,MO,other,none,2,1,0,0,no,yes,photo,story + miniature
cliff-drive-2178,Cliff Drive,MO,state,none,3,1,3,0,no,yes,photo,story + miniature
glade-top-trail-2294,Glade Top Trail,MO,other,none,3,1,0,0,no,yes,photo,story + miniature
great-river-road-missouri-2247,Great River Road - Missouri,MO,other,none,2,1,3,0,no,yes,photo,story + miniature
historic-route-66-mo-71755,Historic Route 66 - MO,MO,state,draft,4,1,3,0,no,yes,photo,miniature
old-trails-road-64976,Old Trails Road,MO,state,none,3,1,2,0,no,yes,photo,story + miniature
ozark-mountain-highroad-73303,Ozark Mountain Highroad,MO,state,none,2,1,2,0,no,yes,photo,story + miniature
ozark-mountain-parkway-64978,Ozark Mountain Parkway,MO,state,none,3,1,3,0,no,no,photo,story + miniature + strip
sho-me-santa-fe-trails-73302,Sho-Me Santa Fe Trails,MO,state,none,3,1,2,0,no,yes,photo,story + miniature
spirit-of-kansas-city-73301,Spirit of Kansas City,MO,state,none,3,1,1,0,no,no,photo,story + miniature + strip
stars-and-stripes-historical-cultural-byway-73304,Stars and Stripes Historical/Cultural Byway,MO,state,none,3,1,0,0,no,no,photo,story + miniature + strip
sugar-camp-scenic-byway-2296,Sugar Camp Scenic Byway,MO,other,none,3,1,1,0,no,no,photo,story + miniature + strip
beach-boulevard-scenic-byway-81464,Beach Boulevard Scenic Byway,MS,state,none,2,1,0,0,no,yes,photo,story + miniature
brice-s-crossroads-battlefield-chief-tishomingo-scenic-byway-81466,Brice's Crossroads Battlefield-Chief Tishomingo Scenic Byway,MS,state,none,3,1,0,0,no,yes,photo,story + miniature
grand-gulf-raymond-scenic-byway-64064,Grand Gulf - Raymond Scenic Byway,MS,state,none,3,1,0,0,no,yes,photo,story + miniature
lower-mississippi-historic-scenic-byway-62295,Lower Mississippi Historic Scenic Byway,MS,national,draft,3,1,2,0,no,yes,photo,miniature
mississippi-delta-great-river-road-64069,Mississippi Delta Great River Road,MS,state,none,3,1,1,0,no,yes,photo,story + miniature
nasa-scenic-byway-to-space-81465,NASA Scenic Byway to Space,MS,state,none,3,1,1,0,no,yes,photo,story + miniature
beartooth-highway-2281,Beartooth Highway,MT WY,national,draft,7,1,3,1,yes,yes,photo,complete
big-sheep-creek-back-country-byway-2138,Big Sheep Creek Back Country Byway,MT,other,none,3,1,0,0,no,no,photo,story + miniature + strip
big-sky-back-country-byway-68956,Big Sky Back Country Byway,MT,other,none,3,1,2,0,no,yes,photo,story + miniature
garnet-back-country-byway-2139,Garnet Back Country Byway,MT,other,none,3,1,0,0,no,yes,photo,story + miniature
giant-springs-road-993001,Giant Springs Road,MT,state,draft,4,1,0,0,no,yes,photo,miniature
going-to-the-sun-road-980001,Going-to-the-Sun Road,MT,classic drive,none,0,1,3,0,no,yes,photo,story + miniature
kings-hill-scenic-byway-2055,Kings Hill Scenic Byway,MT,other,draft,4,1,2,0,no,yes,photo,miniature
lake-koocanusa-scenic-byway-2135,Lake Koocanusa Scenic Byway,MT,state,draft,4,1,0,0,no,no,photo,miniature + strip
missouri-breaks-back-country-byway-2140,Missouri Breaks Back Country Byway,MT,other,none,3,1,0,0,no,yes,photo,story + miniature
pioneer-mountains-scenic-byway-2136,Pioneer Mountains Scenic Byway,MT,other,none,3,1,0,0,no,yes,photo,story + miniature
st-regis-paradise-scenic-byway-2137,St. Regis-Paradise Scenic Byway,MT,other,draft,4,1,1,0,no,yes,photo,miniature
airlie-road-993701,Airlie Road,NC,state,none,3,1,1,0,no,yes,photo,story + miniature
alligator-river-route-12810,Alligator River Route,NC,state,none,3,1,2,0,no,yes,photo,story + miniature
appalachian-medley-12811,Appalachian Medley,NC,state,none,3,0,2,0,no,yes,street frame,story + miniature
averasboro-battlefield-scenic-byway-81457,Averasboro Battlefield Scenic Byway,NC,state,none,3,1,2,0,no,yes,photo,story + miniature
big-horse-creek-byway-993702,Big Horse Creek Byway,NC,state,none,3,0,0,0,no,yes,illustration only,story + picture + miniature
birkhead-wilderness-route-12812,Birkhead Wilderness Route,NC,state,none,3,0,0,0,no,yes,illustration only,story + picture + miniature
black-mountain-rag-12813,Black Mountain Rag,NC,state,none,3,0,2,0,no,no,street frame,story + miniature + strip
blue-ridge-parkway-2280,Blue Ridge Parkway,NC VA,national,draft,6,8,3,0,no,yes,photo,miniature
blue-gray-scenic-byway-12843,Blue-Gray Scenic Byway,NC,state,none,3,0,2,0,no,yes,street frame,story + miniature
brunswick-town-road-12814,Brunswick Town Road,NC,state,none,3,1,1,0,no,yes,photo,story + miniature
cape-fear-historic-byway-73108,Cape Fear Historic Byway,NC,state,none,3,1,2,0,no,yes,photo,story + miniature
cherohala-skyway-2282,Cherohala Skyway,NC TN,national,draft,6,1,3,0,no,yes,photo,miniature
clayton-bypass-scenic-byway-993703,Clayton Bypass Scenic Byway,NC,state,none,3,1,3,0,no,yes,photo,story + miniature
colonial-heritage-byway-11642,Colonial Heritage Byway,NC,state,none,3,1,2,0,no,yes,photo,story + miniature
crowders-mountain-drive-12815,Crowders Mountain Drive,NC,state,none,3,0,0,0,no,yes,illustration only,story + picture + miniature
devil-s-stompin-ground-road-12816,Devil's Stompin' Ground Road,NC,state,none,3,1,0,0,no,yes,photo,story + miniature
drovers-road-12817,Drovers Road,NC,state,none,3,0,2,0,no,no,street frame,story + miniature + strip
east-connecticut-avenue-993704,East Connecticut Avenue,NC,state,none,3,1,0,0,no,yes,photo,story + miniature
edenton-windsor-loop-12818,Edenton-Windsor Loop,NC,state,none,3,1,2,0,no,yes,photo,story + miniature
flint-hill-ramble-12819,Flint Hill Ramble,NC,state,none,3,0,0,0,no,yes,illustration only,story + picture + miniature
football-road-12820,Football Road,NC,state,none,3,0,0,0,no,yes,illustration only,story + picture + miniature
forest-heritage-national-scenic-byway-77229,Forest Heritage National Scenic Byway,NC,national,draft,0,1,3,0,no,yes,photo,miniature
forest-heritage-scenic-byway-12821,Forest Heritage Scenic Byway,NC,state,none,3,1,3,0,no,yes,photo,story + miniature
french-broad-overview-12822,French Broad Overview,NC,state,none,3,0,1,0,no,yes,street frame,story + miniature
grassy-island-crossing-12823,Grassy Island Crossing,NC,state,none,3,0,0,0,no,yes,illustration only,story + picture + miniature
green-swamp-byway-12824,Green Swamp Byway,NC,state,none,3,1,0,0,no,yes,photo,story + miniature
hanging-rock-scenic-byway-11582,Hanging Rock Scenic Byway,NC,state,none,3,1,1,0,no,yes,photo,story + miniature
highlands-of-the-roan-byway-993705,Highlands of the Roan Byway,NC,state,none,3,1,0,0,no,yes,photo,story + miniature
historic-flat-rock-scenic-byway-81458,Historic Flat Rock Scenic Byway,NC,state,none,3,1,3,0,no,no,photo,story + miniature + strip
indian-heritage-trail-12825,Indian Heritage Trail,NC,state,none,3,0,0,0,no,yes,illustration only,story + picture + miniature
indian-lakes-scenic-byway-12826,Indian Lakes Scenic Byway,NC,state,none,3,0,2,0,no,yes,street frame,story + miniature
interstate-26-scenic-highway-81459,Interstate 26 Scenic Highway,NC,state,none,3,1,3,0,no,no,photo,story + miniature + strip
lafayette-s-tour-12827,Lafayette's Tour,NC,state,none,3,0,1,0,no,yes,street frame,story + miniature
little-parkway-12828,Little Parkway,NC,state,none,3,1,3,0,no,yes,photo,story + miniature
mcauley-road-scenic-byway-993706,McAuley Road Scenic Byway,NC,state,none,3,0,0,0,no,no,illustration only,story + picture + miniature + strip
meteor-lakes-byway-12829,Meteor Lakes Byway,NC,state,none,3,1,0,0,no,yes,photo,story + miniature
millbridge-scenic-byway-12830,Millbridge Scenic Byway,NC,state,none,3,1,1,0,no,yes,photo,story + miniature
mission-crossing-12831,Mission Crossing,NC,state,none,3,1,3,0,no,yes,photo,story + miniature
mountain-waters-scenic-byway-2320,Mountain Waters Scenic Byway,NC,other,none,0,1,1,0,no,yes,photo,story + miniature
mt-mitchell-scenic-drive-993707,Mt. Mitchell Scenic Drive,NC,state,none,3,1,3,0,no,yes,photo,story + miniature
nantahala-byway-11612,Nantahala Byway,NC,state,none,3,1,3,0,no,yes,photo,story + miniature
new-river-valley-byway-12832,New River Valley Byway,NC,state,none,3,1,2,0,no,yes,photo,story + miniature
newfound-gap-road-scenic-byway-993708,Newfound Gap Road Scenic Byway,NC,state,none,3,1,3,0,no,yes,photo,story + miniature
north-durham-country-byway-12833,North Durham Country Byway,NC,state,none,3,1,2,0,no,yes,photo,story + miniature
outer-banks-scenic-byway-12834,Outer Banks Scenic Byway,NC,national,draft,3,1,2,1,no,yes,photo,miniature
pacolet-river-byway-12835,Pacolet River Byway,NC,state,none,3,1,3,0,no,yes,photo,story + miniature
pamlico-scenic-byway-12836,Pamlico Scenic Byway,NC,state,none,3,1,2,0,no,yes,photo,story + miniature
pee-dee-valley-drive-12837,Pee Dee Valley Drive,NC,state,none,3,0,2,0,no,yes,street frame,story + miniature
perquiman-s-crossing-12838,Perquiman's Crossing,NC,state,none,3,0,0,0,no,no,illustration only,story + picture + miniature + strip
pisgah-loop-scenic-byway-81460,Pisgah Loop Scenic Byway,NC,state,none,3,1,1,0,no,yes,photo,story + miniature
pottery-road-12839,Pottery Road,NC,state,none,3,1,0,0,no,yes,photo,story + miniature
roanoke-voyages-corridor-12840,Roanoke Voyages Corridor,NC,state,none,3,1,2,0,no,yes,photo,story + miniature
rolling-kansas-byway-12841,Rolling Kansas Byway,NC,state,none,3,0,0,0,no,yes,illustration only,story + picture + miniature
sandhills-scenic-drive-12842,Sandhills Scenic Drive,NC,state,none,3,1,3,0,no,yes,photo,story + miniature
scots-welsh-heritage-byway-81461,Scots-Welsh Heritage Byway,NC,state,none,3,1,0,0,no,yes,photo,story + miniature
south-mountain-scenery-12844,South Mountain Scenery,NC,state,none,3,1,3,0,no,yes,photo,story + miniature
tail-of-the-dragon-980003,Tail of the Dragon,NC,classic drive,none,0,1,2,0,no,yes,photo,story + miniature
tar-heel-trace-12845,Tar Heel Trace,NC,state,none,3,1,0,0,no,yes,photo,story + miniature
the-college-town-ride-993709,The College Town Ride,NC,state,none,3,1,3,0,no,yes,photo,story + miniature
turkey-creek-byway-993710,Turkey Creek Byway,NC,state,none,3,1,3,0,no,yes,photo,story + miniature
upper-yadkin-way-12846,Upper Yadkin Way,NC,state,none,3,0,0,0,no,yes,illustration only,story + picture + miniature
us-421-scenic-byway-81462,US 421 Scenic Byway,NC,state,none,3,1,3,0,no,no,photo,story + miniature + strip
uwharrie-scenic-road-11494,Uwharrie Scenic Road,NC,state,none,3,1,3,0,no,yes,photo,story + miniature
waterfall-byway-11509,Waterfall Byway,NC,state,none,3,1,3,0,no,yes,photo,story + miniature
whitewater-way-12847,Whitewater Way,NC,state,none,3,1,3,0,no,yes,photo,story + miniature
yadkin-valley-scenic-byway-993711,Yadkin Valley Scenic Byway,NC,state,none,3,1,0,0,no,yes,photo,story + miniature
chan-sansan-scenic-backway-69070,Chan SanSan Scenic Backway,ND,state,none,3,1,0,0,no,yes,photo,story + miniature
des-lacs-national-wildlife-refuge-scenic-backway-16407,Des Lacs National Wildlife Refuge Scenic Backway,ND,state,none,3,1,0,0,no,yes,photo,story + miniature
killdeer-mountain-four-bears-scenic-byway-16405,Killdeer Mountain Four Bears Scenic Byway,ND,state,none,3,1,0,0,no,no,photo,story + miniature + strip
native-american-scenic-byway-2596,Native American Scenic Byway,ND SD,national,draft,6,1,0,0,no,yes,photo,miniature
old-red-old-ten-scenic-byway-75154,Old Red Old Ten Scenic Byway,ND,state,none,3,1,0,0,no,yes,photo,story + miniature
rendezvous-region-scenic-backway-16408,Rendezvous Region Scenic Backway,ND,state,draft,4,1,0,0,no,yes,photo,miniature
sakakawea-scenic-byway-57638,Sakakawea Scenic Byway,ND,state,none,3,1,0,0,no,yes,photo,story + miniature
sheyenne-river-valley-scenic-byway-16406,Sheyenne River Valley Scenic Byway,ND,national,draft,4,1,0,0,no,yes,photo,miniature
theodore-roosevelt-national-park-north-unit-scenic-byway-16409,Theodore Roosevelt National Park North Unit Scenic Byway,ND,state,none,3,1,0,0,no,yes,photo,story + miniature
turtle-mountain-scenic-byway-16404,Turtle Mountain Scenic Byway,ND,state,none,3,1,0,0,no,yes,photo,story + miniature
bridges-to-buttes-byway-16471,Bridges to Buttes Byway,NE,state,none,3,1,3,0,no,yes,photo,story + miniature
gold-rush-byway-16468,Gold Rush Byway,NE,state,none,3,1,3,0,no,yes,photo,story + miniature
heritage-highway-16431,Heritage Highway,NE,state,none,3,1,3,0,no,yes,photo,story + miniature
lewis-and-clark-scenic-byway-16462,Lewis & Clark Scenic Byway,NE,state,none,3,1,0,0,no,yes,photo,story + miniature
lincoln-highway-scenic-and-historic-byway-16472,Lincoln Highway Scenic & Historic Byway,NE,state,none,3,1,3,0,no,yes,photo,story + miniature
loup-rivers-scenic-byway-16473,Loup Rivers Scenic Byway,NE,state,none,3,1,0,0,no,yes,photo,story + miniature
outlaw-trail-16469,Outlaw Trail,NE,state,none,3,1,2,0,no,yes,photo,story + miniature
sandhills-journey-16470,Sandhills Journey,NE,state,none,3,1,3,0,no,yes,photo,story + miniature
western-trails-scenic-and-historic-byway-10790,Western Trails Scenic and Historic Byway,NE,state,none,3,1,3,0,no,yes,photo,story + miniature
amoskeag-millyard-scenic-and-cultural-byway-2255,Amoskeag Millyard Scenic and Cultural Byway,NH,state,none,0,1,0,0,no,no,photo,story + miniature + strip
branch-river-valley-trail-2253,Branch River Valley Trail,NH,state,none,3,1,2,0,no,yes,photo,story + miniature
canterbury-shaker-village-byway-15789,Canterbury Shaker Village Byway,NH,state,none,0,1,1,0,no,yes,photo,story + miniature
coastal-byway-15787,Coastal Byway,NH,state,draft,4,1,3,0,no,yes,photo,miniature
currier-and-ives-trail-15790,Currier & Ives Trail,NH,state,draft,4,1,2,0,no,yes,photo,miniature
enfield-shaker-village-scenic-byway-993301,Enfield Shaker Village Scenic Byway,NH,state,none,2,1,1,0,no,yes,photo,story + miniature
general-john-stark-scenic-byway-76111,General John Stark Scenic Byway,NH,other,none,3,1,3,0,no,yes,photo,story + miniature
independence-byway-15788,Independence Byway,NH,state,none,3,1,3,0,no,yes,photo,story + miniature
kancamagus-scenic-byway-2458,Kancamagus Scenic Byway,NH,national,draft,3,1,3,0,yes,yes,photo,complete
lake-sunapee-scenic-byway-2252,Lake Sunapee Scenic Byway,NH,state,none,2,1,3,0,no,yes,photo,story + miniature
lakes-region-tour-15792,Lakes Region Tour,NH,state,none,3,1,3,0,no,yes,photo,story + miniature
mills-scenic-byway-993302,Mills Scenic Byway,NH,state,none,3,1,2,0,no,yes,photo,story + miniature
moose-path-trail-15800,Moose Path Trail,NH,state,draft,4,1,1,0,no,yes,photo,miniature
mountain-road-scenic-byway-993303,Mountain Road Scenic Byway,NH,state,none,3,1,0,0,no,yes,photo,story + miniature
old-stagecoach-scenic-byway-993304,Old Stagecoach Scenic Byway,NH,state,none,3,1,1,0,no,yes,photo,story + miniature
presidential-range-tour-15798,Presidential Range Tour,NH,state,none,3,1,3,0,no,yes,photo,story + miniature
river-heritage-tour-15793,River Heritage Tour,NH,state,none,3,1,3,0,no,yes,photo,story + miniature
robert-frost-scenic-byway-993305,Robert Frost Scenic Byway,NH,state,none,3,1,2,0,no,yes,photo,story + miniature
the-apple-way-of-londonderry-2254,The Apple Way of Londonderry,NH,other,none,3,1,2,0,no,no,photo,story + miniature + strip
upper-lamprey-scenic-byway-993306,Upper Lamprey Scenic Byway,NH,state,none,3,1,3,0,no,yes,photo,story + miniature
white-mountain-trail-2256,White Mountain Trail,NH,national,draft,3,1,3,1,no,yes,photo,miniature
woodland-heritage-trail-15799,Woodland Heritage Trail,NH,state,none,3,1,1,0,no,yes,photo,story + miniature
bayshore-heritage-byway-80449,Bayshore Heritage Byway,NJ,state,draft,4,1,1,0,no,yes,photo,miniature
delaware-river-scenic-byway-2463,Delaware River Scenic Byway,NJ,national,draft,3,1,3,0,no,yes,photo,miniature
millstone-valley-scenic-byway-2462,Millstone Valley Scenic Byway,NJ,national,draft,3,1,1,0,no,yes,photo,miniature
palisades-scenic-byway-68569,Palisades Scenic Byway,NJ,state,none,3,1,1,0,no,yes,photo,story + miniature
pine-barrens-byway-68570,Pine Barrens Byway,NJ,state,none,3,1,0,0,no,yes,photo,story + miniature
upper-freehold-historic-farmland-byway-69815,Upper Freehold Historic Farmland Byway,NJ,state,none,3,1,3,0,no,yes,photo,story + miniature
warren-heritage-scenic-byway-80452,Warren Heritage Scenic Byway,NJ,state,none,3,1,0,0,no,yes,photo,story + miniature
abo-pass-trail-11306,Abo Pass Trail,NM,other,none,3,1,0,0,no,yes,photo,story + miniature
billy-the-kid-trail-2062,Billy the Kid Trail,NM,national,draft,3,1,2,1,no,yes,photo,miniature
chain-of-craters-back-country-byway-68990,Chain of Craters Back Country Byway,NM,state,none,3,1,0,0,no,no,photo,story + miniature + strip
corrales-road-2085,Corrales Road,NM,other,none,3,1,0,0,no,no,photo,story + miniature + strip
el-camino-real-2065,El Camino Real,NM,national,draft,3,1,3,1,no,yes,photo,miniature
enchanted-circle-scenic-byway-2082,Enchanted Circle Scenic Byway,NM,other,none,3,1,2,0,no,yes,photo,story + miniature
geronimo-trail-scenic-byway-2091,Geronimo Trail Scenic Byway,NM,national,draft,3,1,0,0,no,yes,photo,miniature
guadalupe-back-country-byway-11304,Guadalupe Back Country Byway,NM,state,none,3,1,0,0,no,yes,photo,story + miniature
high-road-to-taos-52023,High Road to Taos,NM,state,draft,4,1,3,0,no,yes,photo,miniature
jemez-mountain-trail-2061,Jemez Mountain Trail,NM,national,draft,3,1,3,0,no,yes,photo,miniature
la-frontera-del-llano-byway-51378,La Frontera del Llano Byway,NM,state,none,3,1,0,0,no,yes,photo,story + miniature
lake-valley-back-country-byway-11303,Lake Valley Back Country Byway,NM,state,none,3,1,0,0,no,yes,photo,story + miniature
mesalands-scenic-byway-2163,Mesalands Scenic Byway,NM,other,draft,4,1,2,0,no,yes,photo,miniature
narrow-gauge-scenic-byway-2080,Narrow-Gauge Scenic Byway,NM,other,none,3,1,0,0,no,yes,photo,story + miniature
puye-cliffs-scenic-byway-2584,Puye Cliffs Scenic Byway,NM,state,none,3,1,0,0,no,no,photo,story + miniature + strip
quebradas-back-country-byway-2090,Quebradas Back Country Byway,NM,state,none,3,0,0,0,no,yes,illustration only,story + picture + miniature
salt-missions-trail-2089,Salt Missions Trail,NM,other,none,3,1,2,0,no,yes,photo,story + miniature
sandia-crest-byway-2086,Sandia Crest Byway,NM,other,none,3,1,0,0,no,yes,photo,story + miniature
santa-fe-national-forest-scenic-byway-2084,Santa Fe National Forest Scenic Byway,NM,other,draft,4,1,3,0,no,yes,photo,miniature
socorro-historical-district-scenic-byway-2473,Socorro Historical District Scenic Byway,NM,other,none,3,1,0,0,no,no,photo,story + miniature + strip
sunspot-scenic-byway-2093,Sunspot Scenic Byway,NM,other,none,3,1,0,0,no,yes,photo,story + miniature
trail-of-the-ancients-nm-52214,Trail of the Ancients - NM,NM,state,draft,4,1,2,0,no,yes,photo,miniature
trail-of-the-mountain-spirits-scenic-byway-2092,Trail of the Mountain Spirits Scenic Byway,NM,national,draft,3,1,0,0,no,yes,photo,miniature
turquoise-trail-2094,Turquoise Trail,NM,national,draft,3,1,3,1,no,yes,photo,miniature
wild-rivers-back-country-scenic-byway-2081,Wild Rivers Back Country Scenic Byway,NM,state,none,3,1,0,0,no,yes,photo,story + miniature
angel-lake-road-2028,Angel Lake Road,NV,state,none,3,1,0,0,no,yes,photo,story + miniature
baker-road-993202,Baker Road,NV,state,none,3,1,2,0,no,yes,photo,story + miniature
bitter-springs-back-country-byway-68962,Bitter Springs Back Country Byway,NV,other,none,1,1,0,0,no,no,photo,story + miniature + strip
california-trail-back-country-byway-68964,California Trail Back Country Byway,NV,other,none,1,1,0,0,no,no,photo,story + miniature + strip
city-of-las-vegas-las-vegas-boulevard-state-scenic-byway-39538,"City of Las Vegas, Las Vegas Boulevard State Scenic Byway",NV,national,draft,4,1,3,1,no,yes,photo,miniature
deer-creek-road-state-route-158-71119,Deer Creek Road (State Route 158),NV,state,none,0,1,0,0,no,no,photo,story + miniature + strip
extraterrestrial-highway-2029,Extraterrestrial Highway,NV,state,none,2,1,0,0,no,yes,photo,story + miniature
fort-churchill-to-wellington-back-country-byway-68958,Fort Churchill to Wellington Back Country Byway,NV,other,none,2,1,0,0,no,yes,photo,story + miniature
gold-butte-back-country-byway-68960,Gold Butte Back Country Byway,NV,other,none,2,1,0,0,no,yes,photo,story + miniature
highway-93-2031,Highway 93,NV,state,none,3,1,0,0,no,yes,photo,story + miniature
hoover-dam-road-993203,Hoover Dam Road,NV,state,none,3,1,1,0,no,yes,photo,story + miniature
kyle-canyon-road-state-route-157-71118,Kyle Canyon Road (State Route 157),NV,state,none,0,1,3,0,no,yes,photo,story + miniature
lake-tahoe-eastshore-drive-2456,Lake Tahoe - Eastshore Drive,NV,national,draft,3,1,3,1,no,yes,photo,miniature
lamoille-canyon-road-2030,Lamoille Canyon Road,NV,state,draft,4,1,0,0,no,yes,photo,miniature
las-vegas-strip-2032,Las Vegas Strip,NV,national,draft,3,1,3,1,no,yes,photo,miniature
lehman-caves-road-993201,Lehman Caves Road,NV,state,none,3,1,0,0,no,yes,photo,story + miniature
lovelock-cave-back-country-byway-68957,Lovelock Cave Back Country Byway,NV,other,none,2,1,0,0,no,no,photo,story + miniature + strip
lunar-crater-back-country-byway-68963,Lunar Crater Back Country Byway,NV,other,none,2,1,0,0,no,no,photo,story + miniature + strip
mount-rose-highway-2034,Mount Rose Highway,NV,state,none,3,1,3,0,no,yes,photo,story + miniature
mt-charleston-scenic-byway-39806,Mt. Charleston Scenic Byway,NV,state,none,3,1,2,0,no,yes,photo,story + miniature
mt-wilson-back-country-byway-68959,Mt. Wilson Back Country Byway,NV,other,none,2,1,0,0,no,yes,photo,story + miniature
pyramid-lake-scenic-byway-2457,Pyramid Lake Scenic Byway,NV,national,draft,4,1,3,0,no,yes,photo,miniature
red-rock-canyon-back-country-byway-68961,Red Rock Canyon Back Country Byway,NV,other,none,2,1,3,0,no,yes,photo,story + miniature
red-rock-canyon-road-2035,Red Rock Canyon Road,NV,state,none,3,0,3,0,no,yes,street frame,story + miniature
the-loneliest-road-in-america-2033,The Loneliest Road in America,NV,state,none,2,1,3,0,no,yes,photo,story + miniature
valley-of-fire-state-park-roadways-2036,Valley of Fire State Park Roadways,NV,state,none,3,1,3,0,no,yes,photo,story + miniature
adirondack-trail-2583,Adirondack Trail,NY,state,none,3,1,2,0,no,yes,photo,story + miniature
black-river-trail-2223,Black River Trail,NY,state,none,3,1,3,0,no,yes,photo,story + miniature
blue-ridge-road-993602,Blue Ridge Road,NY,state,none,3,1,0,0,no,yes,photo,story + miniature
bronx-river-parkway-73140,Bronx River Parkway,NY,state,none,3,1,3,0,no,yes,photo,story + miniature
catskill-mountains-scenic-byway-993603,Catskill Mountains Scenic Byway,NY,state,none,3,1,3,0,no,yes,photo,story + miniature
cayuga-lake-scenic-byway-57183,Cayuga Lake Scenic Byway,NY,state,none,3,1,2,0,no,yes,photo,story + miniature
central-adirondack-trail-2224,Central Adirondack Trail,NY,state,none,3,1,3,0,no,yes,photo,story + miniature
dude-ranch-trail-2220,Dude Ranch Trail,NY,state,none,2,1,3,0,no,yes,photo,story + miniature
durham-valley-scenic-byway-993604,Durham Valley Scenic Byway,NY,state,none,3,1,2,0,no,yes,photo,story + miniature
great-lakes-seaway-trail-2488,Great Lakes Seaway Trail,NY PA,national,draft,6,1,2,0,no,yes,photo,miniature
high-peaks-scenic-byway-nys-route-73-10499,High Peaks Scenic Byway (NYS Route 73),NY,state,none,3,1,3,0,no,yes,photo,story + miniature
historic-parkways-of-long-island-993605,Historic Parkways of Long Island,NY,state,none,3,1,3,0,no,yes,photo,story + miniature
lakes-to-locks-passage-2479,Lakes to Locks Passage,NY,national,draft,4,1,3,2,no,yes,photo,miniature
maple-traditions-993606,Maple Traditions,NY,state,none,3,1,3,0,no,yes,photo,story + miniature
military-trail-2221,Military Trail,NY,state,none,2,1,3,0,no,yes,photo,story + miniature
mohawk-towpath-byway-57185,Mohawk Towpath Byway,NY,national,draft,2,1,3,1,no,yes,photo,miniature
mountain-cloves-993607,Mountain Cloves,NY,state,none,3,1,3,0,no,yes,photo,story + miniature
north-fork-trail-63611,North Fork Trail,NY,state,none,3,1,3,0,no,yes,photo,story + miniature
olympic-trail-2225,Olympic Trail,NY,state,none,2,1,2,0,no,yes,photo,story + miniature
palisades-scenic-byway-national-scenic-byway-993601,"Palisades Scenic Byway, National Scenic Byway",NY,state,draft,4,1,3,0,no,yes,photo,miniature
revolutionary-trail-2222,Revolutionary Trail,NY,state,none,2,1,2,0,no,yes,photo,story + miniature
roosevelt-marcy-trail-2217,Roosevelt-Marcy Trail,NY,state,none,3,1,1,0,no,yes,photo,story + miniature
route-20-scenic-byway-68467,Route 20 Scenic Byway,NY,state,none,2,1,3,0,no,yes,photo,story + miniature
scenic-route-90-2267,Scenic Route 90,NY,state,none,2,1,2,0,no,yes,photo,story + miniature
seneca-lake-byway-993608,Seneca Lake Byway,NY,state,none,3,1,2,0,no,yes,photo,story + miniature
shawangunk-mountains-scenic-byway-65807,Shawangunk Mountains Scenic Byway,NY,state,none,2,1,3,0,no,yes,photo,story + miniature
southern-adirondack-trail-63610,Southern Adirondack Trail,NY,state,none,2,1,2,0,no,yes,photo,story + miniature
storm-king-highway-980008,Storm King Highway,NY,classic drive,none,0,1,0,0,no,yes,photo,story + miniature
taconic-parkway-993609,Taconic Parkway,NY,state,none,3,1,3,0,no,yes,photo,story + miniature
upper-delaware-scenic-byway-route-97-57184,Upper Delaware Scenic Byway (Route 97),NY,state,none,3,1,1,0,no,yes,photo,story + miniature
western-new-york-southtowns-scenic-byway-81004,Western New York Southtowns Scenic Byway,NY,state,none,3,1,1,0,no,yes,photo,story + miniature
accommodation-line-scenic-byway-15642,Accommodation Line Scenic Byway,OH,state,none,0,1,3,0,no,yes,photo,story + miniature
amish-country-byway-13793,Amish Country Byway,OH,national,draft,3,1,3,0,no,yes,photo,miniature
appalachian-byway-993901,Appalachian Byway,OH,state,none,3,1,0,0,no,yes,photo,story + miniature
big-darby-plains-scenic-byway-81473,Big Darby Plains Scenic Byway,OH,state,none,3,1,3,0,no,yes,photo,story + miniature
covered-bridge-scenic-byway-2321,Covered Bridge Scenic Byway,OH,other,none,2,1,0,0,no,yes,photo,story + miniature
drovers-trail-scenic-byway-52840,Drovers' Trail Scenic Byway,OH,state,draft,4,1,0,0,no,yes,photo,miniature
gateway-to-amish-country-69094,Gateway to Amish Country,OH,state,none,0,1,3,0,no,yes,photo,story + miniature
granville-scenic-byway-993902,Granville Scenic Byway,OH,state,none,3,1,3,0,no,yes,photo,story + miniature
heritage-corridors-of-bath-15639,Heritage Corridors of Bath,OH,state,none,3,1,3,0,no,yes,photo,story + miniature
hocking-hills-scenic-byway-2598,Hocking Hills Scenic Byway,OH,state,none,3,1,0,0,no,yes,photo,story + miniature
jefferson-county-scenic-byway-13593,Jefferson County Scenic Byway,OH,state,none,0,1,0,0,no,yes,photo,story + miniature
jefferson-township-scenic-byway-52841,Jefferson Township Scenic Byway,OH,state,none,3,1,3,0,no,yes,photo,story + miniature
johnny-appleseed-historic-byway-993903,Johnny Appleseed Historic Byway,OH,state,none,3,1,3,0,no,yes,photo,story + miniature
lake-erie-coastal-ohio-trail-59836,Lake Erie Coastal Ohio Trail,OH,national,draft,3,1,3,0,no,yes,photo,miniature
land-of-the-cross-tipped-churches-scenic-byway-13596,Land of the Cross-Tipped Churches Scenic Byway,OH,state,none,3,1,3,0,no,yes,photo,story + miniature
lower-valley-pike-scenic-byway-2330,Lower Valley Pike Scenic Byway,OH,state,none,3,1,0,0,no,yes,photo,story + miniature
maumee-valley-scenic-byway-13834,Maumee Valley Scenic Byway,OH,state,none,3,1,3,0,no,yes,photo,story + miniature
miami-and-erie-canal-scenic-byway-15643,Miami & Erie Canal Scenic Byway,OH,state,none,3,1,1,0,no,yes,photo,story + miniature
morgan-county-scenic-byway-13594,Morgan County Scenic Byway,OH,state,none,0,1,0,0,no,yes,photo,story + miniature
neil-armstrong-scenic-byway-993904,Neil Armstrong Scenic Byway,OH,state,none,3,1,3,0,no,yes,photo,story + miniature
north-ridge-scenic-byway-81475,North Ridge Scenic Byway,OH,state,none,3,0,0,0,no,yes,illustration only,story + picture + miniature
ohio-and-erie-canalway-10501,Ohio & Erie Canalway,OH,national,draft,3,1,3,1,no,yes,photo,miniature
ohio-lincoln-highway-historic-byway-52781,Ohio Lincoln Highway Historic Byway,OH,state,none,3,1,3,0,no,yes,photo,story + miniature
old-mill-stream-scenic-byway-69093,Old Mill Stream Scenic Byway,OH,state,none,3,1,2,0,no,yes,photo,story + miniature
presidential-pathways-ohio-scenic-byway-2493,Presidential Pathways Ohio Scenic Byway,OH,state,none,0,1,0,0,no,yes,photo,story + miniature
quaker-heritage-scenic-byway-993905,Quaker Heritage Scenic Byway,OH,state,draft,4,1,3,0,no,yes,photo,miniature
scenic-olentangy-heritage-corridor-13597,Scenic Olentangy Heritage Corridor,OH,state,none,3,1,3,0,no,yes,photo,story + miniature
scenic-scioto-heritage-trail-scenic-byway-81474,Scenic Scioto Heritage Trail Scenic Byway,OH,state,none,3,1,3,0,no,yes,photo,story + miniature
tappan-moravian-trail-scenic-byway-10503,Tappan-Moravian Trail Scenic Byway,OH,state,none,3,1,2,0,no,yes,photo,story + miniature
wally-road-scenic-byway-57179,Wally Road Scenic Byway,OH,state,none,3,1,3,0,no,yes,photo,story + miniature
welsh-scenic-byway-13595,Welsh Scenic Byway,OH,state,none,3,1,3,0,no,yes,photo,story + miniature
cherokee-hills-byway-2346,Cherokee Hills Byway,OK,national,draft,3,1,1,0,no,yes,photo,miniature
kenton-to-keys-state-scenic-byway-994001,Kenton to Keys State Scenic Byway,OK,state,none,3,1,1,0,no,yes,photo,story + miniature
mountain-gateway-scenic-byway-58540,Mountain Gateway Scenic Byway,OK,state,none,3,1,2,0,no,yes,photo,story + miniature
mountain-pass-scenic-byway-58541,Mountain Pass Scenic Byway,OK,state,none,3,1,3,0,no,yes,photo,story + miniature
osage-nation-heritage-trail-byway-74113,Osage Nation Heritage Trail Byway,OK,state,none,3,1,0,0,no,yes,photo,story + miniature
wichita-mountains-byway-6334,Wichita Mountains Byway,OK,national,draft,3,1,0,0,no,yes,photo,miniature
blue-mountain-scenic-byway-2149,Blue Mountain Scenic Byway,OR,state,none,3,1,0,0,no,yes,photo,story + miniature
cascade-lakes-scenic-byway-2144,Cascade Lakes Scenic Byway,OR,national,draft,3,1,0,0,no,yes,photo,miniature
charleston-bandon-loop-tour-route-16493,Charleston-Bandon Loop Tour Route,OR,state,none,3,1,3,0,no,yes,photo,story + miniature
christmas-valley-back-country-byway-68914,Christmas Valley Back Country Byway,OR,other,none,2,1,0,0,no,no,photo,story + miniature + strip
cottage-grove-covered-bridge-tour-route-16496,Cottage Grove Covered Bridge Tour Route,OR,state,none,3,1,0,0,no,yes,photo,story + miniature
cow-creek-tour-route-16494,Cow Creek Tour Route,OR,state,none,3,1,0,0,no,yes,photo,story + miniature
diamond-loop-back-country-byway-68915,Diamond Loop Back Country Byway,OR,other,none,3,1,0,0,no,yes,photo,story + miniature
east-steens-tour-route-69105,East Steens Tour Route,OR,state,none,3,1,2,0,no,yes,photo,story + miniature
elkhorn-scenic-byway-2151,Elkhorn Scenic Byway,OR,state,none,3,1,1,0,no,yes,photo,story + miniature
galice-to-hellgate-back-country-byway-68925,Galice to Hellgate Back Country Byway,OR,other,none,2,1,0,0,no,yes,photo,story + miniature
grande-tour-route-16497,Grande Tour Route,OR,state,none,3,1,1,0,no,yes,photo,story + miniature
grave-creek-to-marial-back-country-byway-68926,Grave Creek to Marial Back Country Byway,OR,other,none,2,1,0,0,no,yes,photo,story + miniature
hells-canyon-scenic-byway-2145,Hells Canyon Scenic Byway,OR,national,draft,3,1,0,0,no,yes,photo,miniature
high-desert-discovery-scenic-byway-69017,High Desert Discovery Scenic Byway,OR,state,none,3,1,0,0,no,yes,photo,story + miniature
historic-columbia-river-highway-2141,Historic Columbia River Highway,OR,national,draft,3,1,3,0,no,yes,photo,miniature
journey-through-time-scenic-byway-2146,Journey Through Time Scenic Byway,OR,state,none,3,1,2,0,no,yes,photo,story + miniature
lakeview-to-steens-mountain-back-country-byway-68913,Lakeview to Steens Mountain Back Country Byway,OR,other,none,2,1,0,0,no,yes,photo,story + miniature
lower-crooked-river-back-country-byway-68920,Lower Crooked River Back Country Byway,OR,other,none,2,1,0,0,no,no,photo,story + miniature + strip
lower-deschutes-river-back-country-byway-68921,Lower Deschutes River Back Country Byway,OR,other,none,2,1,0,0,no,yes,photo,story + miniature
marys-peak-to-pacific-scenic-byway-994104,Marys Peak to Pacific Scenic Byway,OR,state,none,3,0,2,0,no,yes,street frame,story + miniature
mckenzie-pass-santiam-pass-scenic-byway-2148,McKenzie Pass-Santiam Pass Scenic Byway,OR,national,draft,3,1,2,0,no,yes,photo,miniature
mckenzie-river-scenic-byway-994102,McKenzie River Scenic Byway,OR,state,none,3,0,3,0,no,yes,street frame,story + miniature
mt-hood-scenic-byway-61400,Mt. Hood Scenic Byway,OR,national,draft,3,1,3,0,no,yes,photo,miniature
myrtle-creek-canyonville-tour-route-16495,Myrtle Creek-Canyonville Tour Route,OR,state,none,3,1,0,0,no,yes,photo,story + miniature
nestucca-river-back-country-byway-68923,Nestucca River Back Country Byway,OR,other,none,2,1,0,0,no,yes,photo,story + miniature
outback-scenic-byway-2142,Outback Scenic Byway,OR,national,draft,3,1,3,0,no,yes,photo,miniature
over-the-rivers-through-the-woods-scenic-byway-56273,Over the Rivers - Through the Woods Scenic Byway,OR,state,none,3,1,3,0,no,yes,photo,story + miniature
pacific-coast-scenic-byway-oregon-2143,Pacific Coast Scenic Byway - Oregon,OR,national,draft,3,1,3,1,no,yes,photo,miniature
quartzville-road-back-country-byway-68922,Quartzville Road Back Country Byway,OR,other,none,2,1,0,0,no,yes,photo,story + miniature
rogue-coquille-scenic-byway-64107,Rogue-Coquille Scenic Byway,OR,other,none,2,1,1,0,no,yes,photo,story + miniature
rogue-umpqua-scenic-byway-2147,Rogue-Umpqua Scenic Byway,OR,national,draft,3,1,3,0,no,yes,photo,miniature
silver-falls-tour-route-16498,Silver Falls Tour Route,OR,state,none,3,1,2,0,no,yes,photo,story + miniature
snake-river-mormon-basin-back-country-byway-68917,Snake River-Mormon Basin Back Country Byway,OR,other,none,2,1,1,0,no,yes,photo,story + miniature
south-fork-john-day-river-back-country-byway-68919,South Fork John Day River Back Country Byway,OR,other,none,2,1,0,0,no,yes,photo,story + miniature
south-fork-alsea-river-back-country-byway-68918,South Fork-Alsea River Back Country Byway,OR,other,none,2,1,0,0,no,yes,photo,story + miniature
steens-loop-tour-route-69104,Steens Loop Tour Route,OR,state,none,3,1,0,0,no,yes,photo,story + miniature
steens-mountain-back-country-byway-68916,Steens Mountain Back Country Byway,OR,other,none,2,1,0,0,no,yes,photo,story + miniature
trees-to-sea-scenic-byway-994101,Trees to Sea Scenic Byway,OR,state,none,3,0,3,0,no,yes,street frame,story + miniature
umpqua-river-scenic-byway-994103,Umpqua River Scenic Byway,OR,state,none,3,0,2,0,no,yes,street frame,story + miniature
vineyard-and-valley-tour-route-994105,Vineyard and Valley Tour Route,OR,state,none,3,0,1,0,no,yes,street frame,story + miniature
west-cascades-scenic-byway-13832,West Cascades Scenic Byway,OR,national,draft,3,1,0,0,no,yes,photo,miniature
blue-route-64111,Blue Route,PA,state,none,3,1,2,0,no,yes,photo,story + miniature
brandywine-valley-scenic-byway-64115,Brandywine Valley Scenic Byway,PA,state,none,3,1,2,0,no,yes,photo,story + miniature
bucktail-trail-64112,Bucktail Trail,PA,state,none,2,1,3,0,no,yes,photo,story + miniature
conestoga-ridge-byway-994204,Conestoga Ridge Byway,PA,state,none,3,1,0,0,no,yes,photo,story + miniature
crawford-lakelands-byway-994201,Crawford Lakelands Byway,PA,state,none,3,1,3,0,no,yes,photo,story + miniature
delaware-river-valley-71427,Delaware River Valley,PA,state,none,2,1,0,0,no,yes,photo,story + miniature
exton-bypass-71425,Exton Bypass,PA,state,none,3,1,3,0,no,no,photo,story + miniature + strip
gateway-to-the-endless-mountains-71426,Gateway to the Endless Mountains,PA,state,none,2,1,0,0,no,no,photo,story + miniature + strip
governor-casey-byway-2199,Governor Casey Byway,PA,state,none,2,1,3,0,no,yes,photo,story + miniature
grand-view-scenic-byway-59818,Grand View Scenic Byway,PA,state,none,2,1,0,0,no,no,photo,story + miniature + strip
high-plateau-scenic-byway-64113,High Plateau Scenic Byway,PA,state,none,3,1,2,0,no,yes,photo,story + miniature
kinzua-bridge-byway-46208,Kinzua Bridge Byway,PA,state,none,3,1,0,0,no,no,photo,story + miniature + strip
lake-wilhelm-scenic-byway-69076,Lake Wilhelm Scenic Byway,PA,state,none,2,1,0,0,no,no,photo,story + miniature + strip
laurel-highlands-scenic-byway-12413,Laurel Highlands Scenic Byway,PA,state,none,3,1,1,0,no,yes,photo,story + miniature
longhouse-scenic-byway-2322,Longhouse Scenic Byway,PA,other,none,2,1,0,0,no,yes,photo,story + miniature
pennsylvania-route-6-scenic-byway-994205,Pennsylvania Route 6 Scenic Byway,PA,state,none,3,1,3,0,no,yes,photo,story + miniature
route-419-scenic-byway-76816,Route 419 Scenic Byway,PA,state,none,3,1,3,0,no,yes,photo,story + miniature
u-s-route-202-parkway-994203,U.S. Route 202 Parkway,PA,state,none,2,1,2,0,no,yes,photo,story + miniature
viaduct-valley-way-scenic-byway-64114,Viaduct Valley Way Scenic Byway,PA,state,none,3,1,0,0,no,yes,photo,story + miniature
west-branch-susquehanna-river-byway-994202,West Branch Susquehanna River Byway,PA,state,none,2,1,3,0,no,yes,photo,story + miniature
great-and-breakneck-hill-roads-2467,Great and Breakneck Hill Roads,RI,state,none,3,1,3,0,no,no,photo,story + miniature + strip
ministerial-road-2471,Ministerial Road,RI,state,none,3,1,0,0,no,no,photo,story + miniature + strip
paradise-ave-and-other-roads-2470,Paradise Ave and Other Roads,RI,state,none,3,1,0,0,no,yes,photo,story + miniature
route-1-charlestown-994401,Route 1 (Charlestown),RI,state,none,3,1,0,0,no,yes,photo,story + miniature
route-1-south-kingstown-994402,Route 1 (South Kingstown),RI,state,none,3,1,3,0,no,yes,photo,story + miniature
route-102-ten-rod-road-2468,Route 102 (Ten Rod Road),RI,state,none,3,1,3,0,no,no,photo,story + miniature + strip
route-114-and-high-street-2577,Route 114 and High Street,RI,state,none,3,1,1,0,no,yes,photo,story + miniature
shannock-road-2472,Shannock Road,RI,state,none,3,1,0,0,no,no,photo,story + miniature + strip
veteran-s-memorial-parkway-2469,Veteran's Memorial Parkway,RI,state,none,3,1,1,0,no,no,photo,story + miniature + strip
andrew-pickens-scenic-parkway-73581,Andrew Pickens Scenic Parkway,SC,state,none,0,1,0,0,no,no,photo,story + miniature + strip
ashley-river-road-13794,Ashley River Road,SC,national,draft,3,1,3,0,no,yes,photo,miniature
bohicket-road-scenic-highway-73582,Bohicket Road Scenic Highway,SC,state,none,3,1,0,0,no,no,photo,story + miniature + strip
cherokee-foothills-scenic-highway-2161,Cherokee Foothills Scenic Highway,SC,national,draft,4,1,3,0,no,yes,photo,miniature
cowpens-national-battlefield-scenic-highway-73583,Cowpens National Battlefield Scenic Highway,SC,state,none,2,1,3,0,no,yes,photo,story + miniature
edisto-beach-scenic-highway-994501,Edisto Beach Scenic Highway,SC,state,none,2,1,3,0,no,yes,photo,story + miniature
edisto-island-national-scenic-byway-73595,Edisto Island National Scenic Byway,SC,national,draft,3,1,3,0,no,yes,photo,miniature
falling-waters-scenic-byway-994502,Falling Waters Scenic Byway,SC,state,none,2,1,1,0,no,no,photo,story + miniature + strip
fort-johnson-road-scenic-highway-73584,Fort Johnson Road Scenic Highway,SC,state,none,2,1,1,0,no,yes,photo,story + miniature
hilton-head-scenic-highway-73585,Hilton Head Scenic Highway,SC,state,none,2,0,2,0,no,yes,street frame,story + miniature
james-edwin-mcteer-bridge-and-the-causways-scenic-highway-73586,James Edwin McTeer Bridge & The Causways Scenic Highway,SC,state,none,2,1,0,0,no,no,photo,story + miniature + strip
long-point-road-scenic-highway-73587,Long Point Road Scenic Highway,SC,state,none,2,1,3,0,no,no,photo,story + miniature + strip
mathis-ferry-road-scenic-highway-73588,Mathis Ferry Road Scenic Highway,SC,state,none,2,1,0,0,no,no,photo,story + miniature + strip
old-sheldon-church-road-scenic-highway-73589,Old Sheldon Church Road Scenic Highway,SC,state,none,2,1,0,0,no,no,photo,story + miniature + strip
oscar-wigington-scenic-byway-2292,Oscar Wigington Scenic Byway,SC,other,none,3,0,2,0,no,yes,street frame,story + miniature
plantersville-scenic-byway-994503,Plantersville Scenic Byway,SC,state,none,2,0,0,0,no,yes,illustration only,story + picture + miniature
riverland-drive-scenic-highway-73590,Riverland Drive Scenic Highway,SC,state,none,3,0,1,0,no,no,street frame,story + miniature + strip
s-13-scenic-highway-73591,S-13 Scenic Highway,SC,state,none,0,1,0,0,no,no,photo,story + miniature + strip
s-163-scenic-highway-73592,S-163 Scenic Highway,SC,state,none,0,1,0,0,no,no,photo,story + miniature + strip
savannah-river-scenic-byway-2162,Savannah River Scenic Byway,SC,national,draft,3,1,2,0,no,yes,photo,miniature
sc-170-scenic-highway-73594,SC-170 Scenic Highway,SC,state,none,2,0,3,0,no,yes,street frame,story + miniature
sc-46-scenic-highway-73593,SC-46 Scenic Highway,SC,state,none,2,1,3,0,no,no,photo,story + miniature + strip
us-21-scenic-highway-73596,US-21 Scenic Highway,SC,state,none,2,1,0,0,no,yes,photo,story + miniature
us-278-scenic-highway-73597,US-278 Scenic Highway,SC,state,none,2,1,2,0,no,no,photo,story + miniature + strip
western-york-county-scenic-byway-994504,Western York County Scenic Byway,SC,state,none,3,1,3,0,no,yes,photo,story + miniature
badlands-loop-scenic-byway-16436,Badlands Loop Scenic Byway,SD,state,none,3,1,3,0,no,yes,photo,story + miniature
peter-norbeck-scenic-byway-2459,Peter Norbeck Scenic Byway,SD,national,draft,4,1,3,0,no,yes,photo,miniature
spearfish-canyon-scenic-byway-10761,Spearfish Canyon Scenic Byway,SD,state,none,3,1,3,0,no,yes,photo,story + miniature
wildlife-loop-road-scenic-byway-10760,Wildlife Loop Road Scenic Byway,SD,state,none,3,1,0,0,no,yes,photo,story + miniature
cumberland-national-scenic-byway-994702,Cumberland National Scenic Byway,TN,state,none,3,1,3,0,no,yes,photo,story + miniature
east-tennessee-crossing-76017,East Tennessee Crossing,TN,national,draft,3,1,3,0,no,yes,photo,miniature
great-smoky-mountains-byway-994705,Great Smoky Mountains Byway,TN,state,none,3,1,3,0,no,yes,photo,story + miniature
newfound-gap-road-994703,Newfound Gap Road,TN,national,draft,3,1,3,1,no,yes,photo,miniature
ocoee-scenic-byway-2288,Ocoee Scenic Byway,TN,other,none,3,1,3,0,no,yes,photo,story + miniature
sequatchie-valley-national-scenic-byway-994701,Sequatchie Valley National Scenic Byway,TN,state,none,3,1,3,0,no,yes,photo,story + miniature
tennessee-river-trail-scenic-byway-994704,Tennessee River Trail Scenic Byway,TN,state,none,3,1,2,0,no,yes,photo,story + miniature
walton-road-scenic-byway-994706,Walton Road Scenic Byway,TN,state,none,3,1,1,0,no,yes,photo,story + miniature
texas-hill-country-wine-road-us-290-980007,Texas Hill Country Wine Road (US 290),TX,classic drive,none,3,0,0,0,no,yes,illustration only,story + picture + miniature
twisted-sisters-ranch-road-337-980006,Twisted Sisters (Ranch Road 337),TX,classic drive,none,3,0,0,0,no,yes,illustration only,story + picture + miniature
bear-lake-scenic-byway-2002,Bear Lake Scenic Byway,UT,state,none,2,1,3,0,no,yes,photo,story + miniature
beaver-canyon-scenic-byway-u-153-2024,Beaver Canyon Scenic Byway (U-153),UT,state,none,2,1,3,0,no,yes,photo,story + miniature
bicentennial-highway-2016,Bicentennial Highway,UT,state,none,2,1,3,0,no,yes,photo,story + miniature
big-cottonwood-canyon-scenic-byway-2004,Big Cottonwood Canyon Scenic Byway,UT,state,none,2,1,3,0,no,yes,photo,story + miniature
bull-creek-pass-national-back-country-byway-68992,Bull Creek Pass National Back Country Byway,UT,state,none,2,1,0,0,no,yes,photo,story + miniature
capitol-reef-country-scenic-byway-2019,Capitol Reef Country Scenic Byway,UT,state,none,2,1,3,0,no,yes,photo,story + miniature
cedar-breaks-scenic-byway-u-148-2022,Cedar Breaks Scenic Byway (U-148),UT,state,none,2,1,3,0,no,yes,photo,story + miniature
dead-horse-mesa-scenic-byway-2484,Dead Horse Mesa Scenic Byway,UT,state,none,2,1,3,0,no,yes,photo,story + miniature
fishlake-scenic-byway-u-25-2018,Fishlake Scenic Byway (U-25),UT,state,none,3,1,1,0,no,yes,photo,story + miniature
flaming-gorge-uintas-national-scenic-byway-2008,Flaming Gorge-Uintas National Scenic Byway,UT,national,draft,3,1,3,2,no,yes,photo,miniature
great-salt-lake-legacy-parkway-75227,Great Salt Lake Legacy Parkway,UT,state,none,2,1,3,0,no,yes,photo,story + miniature
indian-canyon-scenic-byway-2009,Indian Canyon Scenic Byway,UT,state,none,2,1,3,0,no,yes,photo,story + miniature
indian-creek-corridor-scenic-byway-2015,Indian Creek Corridor Scenic Byway,UT,state,none,2,1,3,0,no,yes,photo,story + miniature
kolob-fingers-road-scenic-byway-2027,Kolob Fingers Road Scenic Byway,UT,state,draft,4,1,3,0,no,no,photo,miniature + strip
kolob-reservoir-road-2277,Kolob Reservoir Road,UT,state,none,1,1,0,0,no,yes,photo,story + miniature
little-cottonwood-canyon-scenic-byway-2005,Little Cottonwood Canyon Scenic Byway,UT,state,none,2,1,3,0,no,yes,photo,story + miniature
logan-canyon-scenic-byway-2001,Logan Canyon Scenic Byway,UT,national,draft,3,1,3,0,no,yes,photo,miniature
markagunt-high-plateau-scenic-byway-u-14-2021,Markagunt High Plateau Scenic Byway (U-14),UT,state,none,3,1,3,0,no,yes,photo,story + miniature
mirror-lake-scenic-byway-ut-section-2007,Mirror Lake Scenic Byway - UT Section,UT,state,none,3,1,3,0,no,yes,photo,story + miniature
monument-valley-to-bluff-scenic-byway-2017,Monument Valley to Bluff Scenic Byway,UT,state,none,2,1,3,0,no,yes,photo,story + miniature
morgan-parleys-scenic-byway-994901,Morgan-Parleys Scenic Byway,UT,state,none,2,0,3,0,no,yes,street frame,story + miniature
mt-carmel-scenic-byway-2025,Mt. Carmel Scenic Byway,UT,state,none,2,1,3,0,no,yes,photo,story + miniature
nebo-loop-scenic-byway-2012,Nebo Loop Scenic Byway,UT,national,draft,3,1,3,0,no,yes,photo,miniature
nine-mile-canyon-backway-15780,Nine Mile Canyon Backway,UT,state,none,2,1,3,0,no,yes,photo,story + miniature
ogden-river-scenic-byway-2003,Ogden River Scenic Byway,UT,state,none,3,1,3,0,no,yes,photo,story + miniature
pony-express-trail-national-back-country-byway-68993,Pony Express Trail National Back Country Byway,UT,state,none,2,1,2,0,no,yes,photo,story + miniature
potash-lower-colorado-river-scenic-byway-u-279-2014,Potash-Lower Colorado River Scenic Byway (U-279),UT,state,none,2,1,3,0,no,yes,photo,story + miniature
provo-canyon-scenic-byway-2006,Provo Canyon Scenic Byway,UT,state,none,2,1,3,0,no,yes,photo,story + miniature
scenic-byway-12-2020,Scenic Byway 12,UT,national,draft,3,4,3,0,no,yes,photo,miniature
scenic-byway-143-utah-s-patchwork-parkway-2023,Scenic Byway 143 - Utah's Patchwork Parkway,UT,national,draft,3,1,3,0,no,yes,photo,miniature
silver-island-mountain-national-back-country-byway-68994,Silver Island Mountain National Back Country Byway,UT,state,none,2,1,0,0,no,yes,photo,story + miniature
smithsonian-butte-national-back-country-byway-68995,Smithsonian Butte National Back Country Byway,UT,state,none,1,1,0,0,no,yes,photo,story + miniature
the-energy-loop-huntington-eccles-canyons-scenic-byway-13831,The Energy Loop: Huntington/Eccles Canyons Scenic Byway,UT,national,draft,3,1,3,0,no,yes,photo,miniature
transcontinental-railroad-back-country-byway-68996,Transcontinental Railroad Back Country Byway,UT,state,none,2,1,1,0,no,yes,photo,story + miniature
upper-colorado-river-scenic-byway-u-128-2013,Upper Colorado River Scenic Byway (U-128),UT,state,none,2,1,3,0,no,yes,photo,story + miniature
zion-park-scenic-byway-994902,Zion Park Scenic Byway,UT,state,none,3,0,3,0,no,yes,street frame,story + miniature
albemarle-county-byways-garth-road-and-thomas-jefferson-parkway-995117,Albemarle County byways (Garth Road and Thomas Jefferson Parkway),VA,state,none,3,1,2,0,no,yes,photo,story + miniature
back-road-middle-road-and-star-tannery-road-shenandoah-and-frederick-995108,"Back Road, Middle Road and Star Tannery Road (Shenandoah and Frederick)",VA,state,none,3,1,2,0,no,yes,photo,story + miniature
big-walker-mountain-scenic-byway-44704,Big Walker Mountain Scenic Byway,VA,other,none,2,1,2,0,no,yes,photo,story + miniature
burke-s-garden-roads-995135,Burke's Garden roads,VA,state,none,3,1,0,0,no,yes,photo,story + miniature
caroline-county-routes-606-and-721-995147,"Caroline County, Routes 606 and 721",VA,state,none,3,1,0,0,no,yes,photo,story + miniature
charlotte-and-campbell-county-roads-route-40-to-red-hill-995140,Charlotte and Campbell County roads (Route 40 to Red Hill),VA,state,none,3,1,0,0,no,yes,photo,story + miniature
clarke-county-byways-995106,Clarke County byways,VA,state,draft,4,1,1,0,no,yes,photo,miniature
coal-heritage-trail-va-10341,Coal Heritage Trail - VA,VA,state,none,3,1,1,0,no,yes,photo,story + miniature
colonial-parkway-60441,Colonial Parkway,VA,national,draft,2,1,3,0,no,yes,photo,miniature
dickenson-county-routes-631-and-611-995137,"Dickenson County, Routes 631 and 611",VA,state,none,2,1,0,0,no,yes,photo,story + miniature
eastern-shore-byways-seaside-road-and-wachapreague-995156,Eastern Shore byways (Seaside Road and Wachapreague),VA,state,draft,4,1,1,0,no,yes,photo,miniature
fairfax-county-byways-995102,Fairfax County byways,VA,state,none,3,1,2,0,no,yes,photo,story + miniature
franklin-county-roads-to-the-parkway-995129,Franklin County roads to the Parkway,VA,state,none,2,1,0,0,no,yes,photo,story + miniature
george-washington-memorial-parkway-60807,George Washington Memorial Parkway,VA,national,draft,3,1,3,0,no,yes,photo,miniature
green-sea-byway-995157,Green Sea Byway,VA,state,none,3,1,2,0,no,yes,photo,story + miniature
greensprings-road-and-jamestown-festival-parkway-995146,Greensprings Road and Jamestown Festival Parkway,VA,state,none,3,1,3,0,no,yes,photo,story + miniature
halifax-county-byways-995138,Halifax County byways,VA,state,none,3,1,2,0,no,yes,photo,story + miniature
highlands-scenic-byway-10335,Highlands Scenic Byway,VA,other,none,2,1,2,0,no,yes,photo,story + miniature
huguenot-trail-and-old-river-trail-west-of-richmond-995143,"Huguenot Trail and Old River Trail, west of Richmond",VA,state,none,2,1,1,0,no,yes,photo,story + miniature
lancaster-county-byways-995153,Lancaster County byways,VA,state,none,3,1,3,0,no,yes,photo,story + miniature
lee-s-retreat-10299,Lee's Retreat,VA,state,none,3,1,2,0,no,yes,photo,story + miniature
loudoun-county-byways-995104,Loudoun County byways,VA,state,none,3,1,2,0,no,yes,photo,story + miniature
mathews-county-byways-995155,Mathews County byways,VA,state,none,3,1,0,0,no,yes,photo,story + miniature
mount-rogers-scenic-byway-2323,Mount Rogers Scenic Byway,VA,other,none,3,1,2,0,no,yes,photo,story + miniature
nelson-county-byways-crabtree-falls-highway-995120,Nelson County byways (Crabtree Falls Highway),VA,state,none,2,1,2,0,no,yes,photo,story + miniature
new-kent-county-byways-995145,New Kent County byways,VA,state,none,2,1,2,0,no,yes,photo,story + miniature
northumberland-county-byways-995152,Northumberland County byways,VA,state,draft,4,1,0,0,no,yes,photo,miniature
old-georgetown-pike-10304,Old Georgetown Pike,VA,state,none,3,1,3,0,no,yes,photo,story + miniature
page-county-byways-995110,Page County byways,VA,state,none,3,1,2,0,no,yes,photo,story + miniature
prince-william-county-byways-995103,Prince William County byways,VA,state,draft,4,1,1,0,no,yes,photo,miniature
rappahannock-county-byways-flint-hill-and-ben-venue-995112,Rappahannock County byways (Flint Hill and Ben Venue),VA,state,none,3,1,1,0,no,yes,photo,story + miniature
robinson-ferry-and-gasburg-roads-brunswick-county-995142,"Robinson Ferry and Gasburg roads, Brunswick County",VA,state,none,2,1,0,0,no,yes,photo,story + miniature
route-130-natural-bridge-to-elon-995123,"Route 130, Natural Bridge to Elon",VA,state,none,3,1,3,0,no,yes,photo,story + miniature
route-14-the-trail-king-and-queen-county-995154,"Route 14 (The Trail), King and Queen County",VA,state,none,2,1,1,0,no,yes,photo,story + miniature
route-16-sugar-grove-to-tazewell-995134,"Route 16, Sugar Grove to Tazewell",VA,state,none,3,1,3,0,no,yes,photo,story + miniature
route-218-king-george-county-995150,"Route 218, King George County",VA,state,none,3,1,3,0,no,yes,photo,story + miniature
route-231-blue-ridge-turnpike-and-f-t-valley-road-995114,Route 231 (Blue Ridge Turnpike and F.T. Valley Road),VA,state,none,3,1,2,0,no,yes,photo,story + miniature
route-39-and-rockbridge-county-byways-goshen-pass-995122,Route 39 and Rockbridge County byways (Goshen Pass),VA,state,none,3,1,3,0,no,yes,photo,story + miniature
route-47-south-hill-to-pamplin-995139,"Route 47, South Hill to Pamplin",VA,state,none,3,1,2,0,no,yes,photo,story + miniature
route-5-john-tyler-highway-995144,Route 5 (John Tyler Highway),VA,state,none,3,1,3,0,no,yes,photo,story + miniature
route-55-star-tannery-to-front-royal-995107,"Route 55, Star Tannery to Front Royal",VA,state,none,3,1,3,0,no,yes,photo,story + miniature
route-6-river-road-scottsville-to-henrico-995119,"Route 6 (River Road), Scottsville to Henrico",VA,state,none,3,1,3,0,no,yes,photo,story + miniature
route-6-and-us-250-west-of-charlottesville-995118,Route 6 and US 250 west of Charlottesville,VA,state,none,3,1,3,0,no,yes,photo,story + miniature
route-613-green-springs-995116,"Route 613, Green Springs",VA,state,none,2,1,0,0,no,yes,photo,story + miniature
route-615-rapidan-road-orange-to-rapidan-995115,"Route 615 (Rapidan Road), Orange to Rapidan",VA,state,none,2,1,0,0,no,yes,photo,story + miniature
route-629-to-douthat-state-park-995124,Route 629 to Douthat State Park,VA,state,none,2,1,3,0,no,yes,photo,story + miniature
route-640-st-paul-to-wardell-995136,"Route 640, St. Paul to Wardell",VA,state,none,2,1,0,0,no,yes,photo,story + miniature
route-696-green-bay-road-prince-edward-county-995141,"Route 696 (Green Bay Road), Prince Edward County",VA,state,none,2,1,0,0,no,yes,photo,story + miniature
route-785-catawba-valley-995126,"Route 785, Catawba Valley",VA,state,none,3,1,0,0,no,yes,photo,story + miniature
routes-245-and-626-old-tavern-to-middleburg-with-springs-road-995105,"Routes 245 and 626, Old Tavern to Middleburg, with Springs Road",VA,state,none,2,1,0,0,no,yes,photo,story + miniature
routes-311-42-43-and-159-in-the-alleghany-highlands-995125,"Routes 311, 42, 43 and 159 in the Alleghany Highlands",VA,state,draft,4,1,3,0,no,yes,photo,miniature
routes-43-and-24-altavista-to-the-peaks-of-otter-995128,"Routes 43 and 24, Altavista to the Peaks of Otter",VA,state,none,2,1,2,0,no,yes,photo,story + miniature
routes-91-58-603-and-600-around-damascus-and-whitetop-995131,"Routes 91, 58, 603 and 600 around Damascus and Whitetop",VA,state,none,2,1,3,0,no,yes,photo,story + miniature
shenandoah-county-byways-995109,Shenandoah County byways,VA,state,draft,4,1,0,0,no,yes,photo,miniature
skyline-drive-60646,Skyline Drive,VA,national,draft,2,1,3,0,no,yes,photo,miniature
spotsylvania-county-byways-995149,Spotsylvania County byways,VA,state,none,2,1,0,0,no,yes,photo,story + miniature
trail-of-the-lonesome-pine-995101,Trail of the Lonesome Pine,VA,state,none,3,1,2,0,no,yes,photo,story + miniature
trail-of-the-lonesome-pine-daniel-boone-heritage-trail-10300,Trail of the Lonesome Pine / Daniel Boone Heritage Trail,VA,state,none,3,1,3,0,no,yes,photo,story + miniature
us-11-and-route-56-tye-river-turnpike-augusta-and-rockbridge-995121,"US 11 and Route 56 (Tye River Turnpike), Augusta and Rockbridge",VA,state,none,3,1,2,0,no,yes,photo,story + miniature
us-17-tidewater-trail-tappahannock-to-spotsylvania-county-995148,"US 17 (Tidewater Trail), Tappahannock to Spotsylvania County",VA,state,none,3,1,3,0,no,yes,photo,story + miniature
us-340-front-royal-to-overall-995111,"US 340, Front Royal to Overall",VA,state,none,2,1,2,0,no,yes,photo,story + miniature
us-52-and-big-walker-mountain-roads-bland-and-wythe-995133,US 52 and Big Walker Mountain roads (Bland and Wythe),VA,state,none,3,1,3,0,no,yes,photo,story + miniature
us-522-culpeper-to-chester-gap-995113,"US 522, Culpeper to Chester Gap",VA,state,none,3,1,3,0,no,yes,photo,story + miniature
us-58-j-e-b-stuart-highway-meadows-of-dan-to-stuart-995130,"US 58 (J.E.B. Stuart Highway), Meadows of Dan to Stuart",VA,state,none,3,1,3,0,no,yes,photo,story + miniature
westmoreland-county-byways-995151,Westmoreland County byways,VA,state,none,3,1,1,0,no,yes,photo,story + miniature
whistle-stop-byway-995127,Whistle Stop Byway,VA,state,none,3,1,0,0,no,yes,photo,story + miniature
wythe-county-byways-995132,Wythe County byways,VA,state,none,3,1,0,0,no,yes,photo,story + miniature
crossroad-of-vermont-byway-81468,Crossroad of Vermont Byway,VT,state,draft,4,1,3,0,no,yes,photo,miniature
green-mountain-byway-995001,Green Mountain Byway,VT,state,none,3,1,3,0,no,yes,photo,story + miniature
lake-champlain-byway-vermont-53360,Lake Champlain Byway - Vermont,VT,state,none,3,1,3,0,no,yes,photo,story + miniature
mad-river-byway-72875,Mad River Byway,VT,state,none,3,1,3,0,no,yes,photo,story + miniature
molly-stark-scenic-byway-53358,Molly Stark Scenic Byway,VT,state,none,3,1,3,0,no,yes,photo,story + miniature
northeast-kingdom-byway-995002,Northeast Kingdom Byway,VT,state,draft,4,1,3,0,no,yes,photo,miniature
scenic-route-100-byway-81467,Scenic Route 100 Byway,VT,state,none,3,1,3,0,no,yes,photo,story + miniature
stone-valley-byway-72908,Stone Valley Byway,VT,state,draft,4,1,3,0,no,yes,photo,miniature
the-shires-of-vermont-byway-995003,The Shires of Vermont Byway,VT,state,none,3,1,3,0,no,yes,photo,story + miniature
cape-flattery-tribal-scenic-byway-54774,Cape Flattery Tribal Scenic Byway,WA,state,none,3,1,2,0,no,yes,photo,story + miniature
cascade-loop-2063,Cascade Loop,WA,other,none,3,1,3,0,no,yes,photo,story + miniature
cascade-valleys-heritage-corridor-2229,Cascade Valleys Heritage Corridor,WA,state,none,3,1,3,0,no,yes,photo,story + miniature
chinook-scenic-byway-2226,Chinook Scenic Byway,WA,national,draft,3,1,3,0,no,yes,photo,miniature
chuckanut-drive-2579,Chuckanut Drive,WA,state,none,3,1,3,0,no,yes,photo,story + miniature
columbia-river-gorge-scenic-byway-washington-2235,Columbia River Gorge Scenic Byway - Washington,WA,state,none,3,1,3,0,no,yes,photo,story + miniature
coulee-corridor-scenic-byway-54772,Coulee Corridor Scenic Byway,WA,national,draft,3,1,1,0,no,yes,photo,miniature
cranberry-coast-scenic-byway-54778,Cranberry Coast Scenic Byway,WA,state,none,3,1,0,0,no,yes,photo,story + miniature
hidden-coast-scenic-byway-995301,Hidden Coast Scenic Byway,WA,state,none,3,1,2,0,no,yes,photo,story + miniature
lewis-and-clark-trail-highway-2234,Lewis and Clark Trail Highway,WA,state,draft,4,1,3,0,no,yes,photo,miniature
mount-baker-highway-route-542-2236,Mount Baker Highway (Route 542),WA,state,none,3,1,3,0,no,yes,photo,story + miniature
mountain-loop-scenic-byway-55512,Mountain Loop Scenic Byway,WA,other,none,3,1,2,0,no,yes,photo,story + miniature
mountains-to-sound-greenway-i-90-2228,Mountains to Sound Greenway - I-90,WA,national,draft,3,1,3,0,no,yes,photo,miniature
north-cascades-scenic-highway-2230,North Cascades Scenic Highway,WA,state,none,3,1,3,0,no,yes,photo,story + miniature
north-pend-oreille-scenic-byway-2233,North Pend Oreille Scenic Byway,WA,state,none,3,1,0,0,no,yes,photo,story + miniature
okanogan-trails-scenic-byway-54776,Okanogan Trails Scenic Byway,WA,state,none,3,1,1,0,no,yes,photo,story + miniature
pacific-coast-scenic-byway-washington-2227,Pacific Coast Scenic Byway - Washington,WA,state,none,3,1,3,0,no,yes,photo,story + miniature
palouse-scenic-byway-54775,Palouse Scenic Byway,WA,state,none,3,1,3,0,no,yes,photo,story + miniature
pend-oreille-valley-scenic-byway-62631,Pend Oreille Valley Scenic Byway,WA,state,none,3,1,3,0,no,yes,photo,story + miniature
san-juan-islands-scenic-byway-81472,San Juan Islands Scenic Byway,WA,state,none,3,1,3,0,no,yes,photo,story + miniature
sherman-pass-scenic-byway-2232,Sherman Pass Scenic Byway,WA,state,none,3,1,3,0,no,yes,photo,story + miniature
spirit-lake-memorial-highway-2237,Spirit Lake Memorial Highway,WA,state,none,3,1,3,0,no,yes,photo,story + miniature
stevens-pass-greenway-2231,Stevens Pass Greenway,WA,national,draft,3,1,3,0,no,yes,photo,miniature
strait-of-juan-de-fuca-highway-sr-112-13740,Strait of Juan de Fuca Highway - SR 112,WA,national,draft,3,1,3,0,no,yes,photo,miniature
swift-water-corridor-54771,Swift Water Corridor,WA,state,none,3,1,2,0,no,yes,photo,story + miniature
u-s-12-snake-river-bridge-to-walla-walla-scenic-byway-65308,U.S. 12 Snake River Bridge to Walla Walla Scenic Byway,WA,state,none,2,1,3,0,no,yes,photo,story + miniature
whidbey-island-scenic-byway-54779,Whidbey Island Scenic Byway,WA,state,none,3,1,3,0,no,yes,photo,story + miniature
white-pass-scenic-byway-2064,White Pass Scenic Byway,WA,national,draft,3,1,3,1,no,yes,photo,miniature
yakama-scenic-byway-54777,Yakama Scenic Byway,WA,state,none,3,1,1,0,no,yes,photo,story + miniature
yakima-river-canyon-scenic-byway-995302,Yakima River Canyon Scenic Byway,WA,state,none,3,1,3,0,no,yes,photo,story + miniature
door-county-coastal-byway-81450,Door County Coastal Byway,WI,state,draft,0,9,1,0,no,yes,photo,miniature
great-divide-highway-2325,Great Divide Highway,WI,other,none,0,0,2,0,no,yes,street frame,story + miniature
heritage-drive-2324,Heritage Drive,WI,other,none,0,0,1,0,no,no,street frame,story + miniature + strip
lower-wisconsin-river-road-scenic-byway-80920,Lower Wisconsin River Road Scenic Byway,WI,state,draft,0,6,3,0,no,yes,photo,miniature
nicolet-wolf-river-scenic-byway-990002,Nicolet-Wolf River Scenic Byway,WI,state,none,0,0,1,0,no,yes,street frame,story + miniature
wisconsin-lake-superior-scenic-byway-990001,Wisconsin Lake Superior Scenic Byway,WI,national,draft,0,0,0,1,no,yes,illustration only,picture + miniature
back-mountain-backway-10353,Back Mountain Backway,WV,state,none,2,1,1,0,no,no,photo,story + miniature + strip
camp-allegheny-backway-10352,Camp Allegheny Backway,WV,state,none,3,1,0,0,no,yes,photo,story + miniature
cedar-creek-road-995401,Cedar Creek Road,WV,state,none,2,1,0,0,no,yes,photo,story + miniature
cheat-mountain-backway-10354,Cheat Mountain Backway,WV,state,none,3,1,1,0,no,no,photo,story + miniature + strip
cheat-river-byway-15740,Cheat River Byway,WV,state,none,2,1,0,0,no,yes,photo,story + miniature
coal-heritage-trail-10346,Coal Heritage Trail,WV,national,draft,3,1,3,1,no,yes,photo,miniature
farm-heritage-road-10348,Farm Heritage Road,WV,state,none,2,1,2,0,no,yes,photo,story + miniature
highland-scenic-highway-2460,Highland Scenic Highway,WV,national,draft,3,1,0,0,no,yes,photo,miniature
little-kanawha-parkway-15738,Little Kanawha Parkway,WV,state,none,3,1,1,0,no,yes,photo,story + miniature
midland-trail-10345,Midland Trail,WV,national,draft,3,1,3,2,no,yes,photo,miniature
mountain-s-shadow-trail-995402,Mountain's Shadow Trail,WV,state,none,2,1,0,0,no,yes,photo,story + miniature
northwestern-turnpike-15741,Northwestern Turnpike,WV,state,none,3,1,3,0,no,yes,photo,story + miniature
old-route-7-byway-15739,Old Route 7 Byway,WV,state,none,2,1,0,0,no,yes,photo,story + miniature
rich-mountain-backway-10355,Rich Mountain Backway,WV,state,none,3,1,0,0,no,yes,photo,story + miniature
staunton-parkersburg-turnpike-10351,Staunton-Parkersburg Turnpike,WV,national,draft,3,1,2,1,no,yes,photo,miniature
washington-heritage-trail-13753,Washington Heritage Trail,WV,national,draft,3,1,2,1,no,yes,photo,miniature
wellsburg-bethany-995403,Wellsburg-Bethany,WV,state,none,2,1,1,0,no,yes,photo,story + miniature
williams-river-995404,Williams River,WV,state,none,3,1,0,0,no,yes,photo,story + miniature
battle-pass-scenic-byway-995601,Battle Pass Scenic Byway,WY,state,none,3,1,1,0,no,yes,photo,story + miniature
big-spring-scenic-backway-2466,Big Spring Scenic Backway,WY,state,none,3,1,0,0,no,yes,photo,story + miniature
bighorn-scenic-byway-2053,Bighorn Scenic Byway,WY,state,none,3,1,3,0,no,yes,photo,story + miniature
bridger-valley-historic-byway-2342,Bridger Valley Historic Byway,WY,state,none,2,1,2,0,no,yes,photo,story + miniature
buffalo-bill-cody-scenic-byway-2166,Buffalo Bill Cody Scenic Byway,WY,state,none,3,1,1,0,no,yes,photo,story + miniature
chief-joseph-scenic-highway-2168,Chief Joseph Scenic Highway,WY,state,draft,4,1,3,0,no,yes,photo,miniature
cloud-peak-skyway-2165,Cloud Peak Skyway,WY,state,none,2,1,3,0,no,yes,photo,story + miniature
flaming-gorge-green-river-basin-scenic-byway-2290,Flaming Gorge - Green River Basin Scenic Byway,WY,state,none,3,1,1,0,no,no,photo,story + miniature + strip
medicine-wheel-passage-2164,Medicine Wheel Passage,WY,state,none,3,1,0,0,no,yes,photo,story + miniature
mirror-lake-scenic-byway-wy-section-2174,Mirror Lake Scenic Byway - WY Section,WY,state,none,2,1,3,0,no,yes,photo,story + miniature
muddy-creek-historic-backway-2341,Muddy Creek Historic Backway,WY,state,none,2,1,2,0,no,yes,photo,story + miniature
oregon-trail-historic-byway-81448,Oregon Trail Historic Byway,WY,state,none,2,1,3,0,no,yes,photo,story + miniature
red-gulch-alkali-national-back-country-byway-11243,Red Gulch/Alkali National Back Country Byway,WY,state,none,3,1,0,0,no,yes,photo,story + miniature
seminoe-to-alcova-scenic-backway-13403,Seminoe to Alcova Scenic Backway,WY,state,none,2,1,0,0,no,yes,photo,story + miniature
snowy-range-scenic-byway-2054,Snowy Range Scenic Byway,WY,state,none,3,1,3,0,no,yes,photo,story + miniature
south-big-horn-red-wall-scenic-backway-13404,South Big Horn/Red Wall Scenic Backway,WY,state,none,2,1,0,0,no,yes,photo,story + miniature
wind-river-canyon-scenic-byway-2340,Wind River Canyon Scenic Byway,WY,state,none,3,1,3,0,no,yes,photo,story + miniature
wyoming-black-hills-scenic-byway-995602,Wyoming Black Hills Scenic Byway,WY,state,none,2,1,0,0,no,yes,photo,story + miniature
wyoming-centennial-scenic-byway-2052,Wyoming Centennial Scenic Byway,WY,state,none,3,1,3,0,no,yes,photo,story + miniature
